"subject","blockcode","stimulusitem1","correct","latency"
4,"practice_DGMB","stupendo",1,1282
4,"practice_DGMB","fond3.jpg",1,1299
4,"practice_DGMB","meraviglioso",1,1435
4,"practice_DGMB","fond4.jpg",1,1089
4,"practice_DGMB","ridere",1,967
4,"practice_DGMB","fond5.jpg",1,648
4,"practice_DGMB","eccellente",1,967
4,"practice_DGMB","fond2.jpg",1,615
4,"practice_DGMB","pace",1,729
4,"practice_DGMB","latte7.jpg",1,642
4,"practice_DGMB","piacere",1,763
4,"practice_DGMB","latte3.jpg",1,1288
4,"practice_DGMB","disastro",1,1006
4,"practice_DGMB","fond7.jpg",1,838
4,"practice_DGMB","fastidioso",1,1013
4,"practice_DGMB","latte6.jpg",1,1414
4,"practice_DGMB","gioia",1,1542
4,"practice_DGMB","latte1.jpg",1,1265
4,"practice_DGMB","felicità",1,924
4,"practice_DGMB","fond1.jpg",1,1674
4,"test_DGMB","fond6.jpg",1,1161
4,"test_DGMB","bello",1,1088
4,"test_DGMB","latte5.jpg",1,1400
4,"test_DGMB","dolore",1,990
4,"test_DGMB","latte4.jpg",1,2369
4,"test_DGMB","agonia",1,886
4,"test_DGMB","latte2.jpg",1,790
4,"test_DGMB","amore",1,963
4,"test_DGMB","latte6.jpg",1,889
4,"test_DGMB","gloria",1,1215
4,"test_DGMB","latte2.jpg",1,776
4,"test_DGMB","nocivo",1,1089
4,"test_DGMB","latte7.jpg",1,866
4,"test_DGMB","fallimento",1,1134
4,"test_DGMB","fond5.jpg",1,822
4,"test_DGMB","orribile",1,1431
4,"test_DGMB","fond6.jpg",1,1026
4,"test_DGMB","brutto",1,814
4,"test_DGMB","fond1.jpg",1,1159
4,"test_DGMB","buono",1,1229
4,"test_DGMB","fond2.jpg",1,1153
4,"test_DGMB","paradiso",1,1108
4,"test_DGMB","fond4.jpg",1,639
4,"test_DGMB","schifo",1,686
4,"test_DGMB","latte3.jpg",1,831
4,"test_DGMB","cattivo",1,915
4,"test_DGMB","latte5.jpg",1,881
4,"test_DGMB","terribile",1,1416
4,"test_DGMB","fond3.jpg",1,792
4,"test_DGMB","pace",1,1500
4,"test_DGMB","latte1.jpg",1,663
4,"test_DGMB","male",1,915
4,"test_DGMB","latte4.jpg",1,689
4,"test_DGMB","paradiso",1,802
4,"test_DGMB","latte6.jpg",1,2169
4,"test_DGMB","odio",1,645
4,"test_DGMB","fond7.jpg",1,823
4,"test_DGMB","odio",1,699
4,"test_DGMB","fond2.jpg",1,695
4,"test_DGMB","schifo",1,704
4,"practice_MGDB","nocivo",1,1153
4,"practice_MGDB","latte3.jpg",1,895
4,"practice_MGDB","schifo",1,872
4,"practice_MGDB","fond6.jpg",1,799
4,"practice_MGDB","fastidioso",1,893
4,"practice_MGDB","fond5.jpg",1,1326
4,"practice_MGDB","felicità",1,716
4,"practice_MGDB","latte6.jpg",1,1264
4,"practice_MGDB","ridere",1,747
4,"practice_MGDB","fond3.jpg",1,631
4,"practice_MGDB","agonia",1,1139
4,"practice_MGDB","latte5.jpg",1,934
4,"practice_MGDB","cattivo",1,816
4,"practice_MGDB","latte7.jpg",1,1057
4,"practice_MGDB","amore",1,810
4,"practice_MGDB","latte2.jpg",1,603
4,"practice_MGDB","odio",1,650
4,"practice_MGDB","latte1.jpg",1,995
4,"practice_MGDB","terribile",1,735
4,"practice_MGDB","fond1.jpg",1,744
4,"test_MGDB","fond2.jpg",1,1037
4,"test_MGDB","pace",1,675
4,"test_MGDB","latte4.jpg",1,1073
4,"test_MGDB","dolore",1,749
4,"test_MGDB","latte4.jpg",1,593
4,"test_MGDB","paradiso",1,853
4,"test_MGDB","fond7.jpg",1,934
4,"test_MGDB","male",1,695
4,"test_MGDB","latte5.jpg",1,633
4,"test_MGDB","meraviglioso",1,837
4,"test_MGDB","fond4.jpg",1,675
4,"test_MGDB","buono",1,655
4,"test_MGDB","latte7.jpg",1,753
4,"test_MGDB","gioia",1,613
4,"test_MGDB","fond4.jpg",1,534
4,"test_MGDB","bello",1,800
4,"test_MGDB","latte2.jpg",1,622
4,"test_MGDB","gloria",1,722
4,"test_MGDB","fond5.jpg",1,833
4,"test_MGDB","fallimento",1,869
4,"test_MGDB","fond2.jpg",1,553
4,"test_MGDB","brutto",1,757
4,"test_MGDB","fond1.jpg",1,491
4,"test_MGDB","orribile",1,637
4,"test_MGDB","latte3.jpg",1,524
4,"test_MGDB","piacere",1,667
4,"test_MGDB","fond3.jpg",1,583
4,"test_MGDB","stupendo",1,531
4,"test_MGDB","fond6.jpg",1,749
4,"test_MGDB","disastro",1,1281
4,"test_MGDB","latte6.jpg",1,975
4,"test_MGDB","brutto",1,656
4,"test_MGDB","fond7.jpg",1,673
4,"test_MGDB","eccellente",1,821
4,"test_MGDB","fond7.jpg",1,601
4,"test_MGDB","fallimento",1,656
4,"test_MGDB","latte1.jpg",1,721
4,"test_MGDB","gloria",1,1088
4,"test_MGDB","latte7.jpg",1,800
4,"test_MGDB","pace",1,575
6,"practice_MGDB","disastro",1,729
6,"practice_MGDB","latte4.jpg",1,754
6,"practice_MGDB","piacere",1,590
6,"practice_MGDB","latte7.jpg",1,578
6,"practice_MGDB","odio",1,524
6,"practice_MGDB","fond1.jpg",1,578
6,"practice_MGDB","brutto",1,572
6,"practice_MGDB","latte2.jpg",1,598
6,"practice_MGDB","eccellente",1,629
6,"practice_MGDB","latte6.jpg",1,681
6,"practice_MGDB","paradiso",1,608
6,"practice_MGDB","fond2.jpg",1,521
6,"practice_MGDB","stupendo",1,720
6,"practice_MGDB","fond3.jpg",1,647
6,"practice_MGDB","gioia",1,653
6,"practice_MGDB","latte1.jpg",1,599
6,"practice_MGDB","fallimento",1,550
6,"practice_MGDB","fond6.jpg",1,434
6,"practice_MGDB","felicità",1,614
6,"practice_MGDB","fond4.jpg",1,632
6,"test_MGDB","latte5.jpg",1,505
6,"test_MGDB","agonia",1,517
6,"test_MGDB","latte3.jpg",1,572
6,"test_MGDB","schifo",1,502
6,"test_MGDB","fond7.jpg",1,770
6,"test_MGDB","orribile",1,675
6,"test_MGDB","fond5.jpg",1,402
6,"test_MGDB","ridere",1,577
6,"test_MGDB","fond3.jpg",1,570
6,"test_MGDB","cattivo",1,572
6,"test_MGDB","fond7.jpg",1,510
6,"test_MGDB","gloria",1,514
6,"test_MGDB","latte3.jpg",1,585
6,"test_MGDB","bello",1,533
6,"test_MGDB","fond4.jpg",1,559
6,"test_MGDB","fastidioso",1,622
6,"test_MGDB","latte6.jpg",1,698
6,"test_MGDB","dolore",1,587
6,"test_MGDB","fond6.jpg",1,543
6,"test_MGDB","nocivo",1,844
6,"test_MGDB","latte7.jpg",1,530
6,"test_MGDB","pace",1,660
6,"test_MGDB","fond1.jpg",1,592
6,"test_MGDB","terribile",1,572
6,"test_MGDB","latte1.jpg",1,558
6,"test_MGDB","male",1,581
6,"test_MGDB","latte4.jpg",1,593
6,"test_MGDB","fallimento",1,469
6,"test_MGDB","fond2.jpg",1,1361
6,"test_MGDB","meraviglioso",1,663
6,"test_MGDB","latte5.jpg",1,539
6,"test_MGDB","buono",1,597
6,"test_MGDB","fond5.jpg",1,467
6,"test_MGDB","amore",1,520
6,"test_MGDB","latte2.jpg",1,471
6,"test_MGDB","nocivo",1,531
6,"test_MGDB","latte7.jpg",1,557
6,"test_MGDB","stupendo",1,668
6,"test_MGDB","fond3.jpg",1,464
6,"test_MGDB","ridere",1,508
6,"practice_DGMB","orribile",1,1547
6,"practice_DGMB","fond2.jpg",1,798
6,"practice_DGMB","brutto",1,772
6,"practice_DGMB","fond7.jpg",1,1406
6,"practice_DGMB","felicità",0,1299
6,"practice_DGMB","latte2.jpg",1,2126
6,"practice_DGMB","gioia",1,875
6,"practice_DGMB","latte7.jpg",1,1153
6,"practice_DGMB","terribile",1,1077
6,"practice_DGMB","latte3.jpg",1,1315
6,"practice_DGMB","amore",1,1166
6,"practice_DGMB","latte1.jpg",1,998
6,"practice_DGMB","odio",1,1869
6,"practice_DGMB","latte4.jpg",1,2327
6,"practice_DGMB","schifo",1,1035
6,"practice_DGMB","latte5.jpg",1,841
6,"practice_DGMB","stupendo",1,760
6,"practice_DGMB","fond6.jpg",1,606
6,"practice_DGMB","cattivo",1,997
6,"practice_DGMB","fond3.jpg",1,667
6,"test_DGMB","fond4.jpg",1,1242
6,"test_DGMB","fallimento",1,936
6,"test_DGMB","latte6.jpg",1,1681
6,"test_DGMB","ridere",1,678
6,"test_DGMB","fond1.jpg",0,725
6,"test_DGMB","eccellente",1,1252
6,"test_DGMB","latte6.jpg",1,748
6,"test_DGMB","disastro",1,592
6,"test_DGMB","fond5.jpg",1,791
6,"test_DGMB","piacere",1,1139
6,"test_DGMB","fond5.jpg",1,702
6,"test_DGMB","paradiso",0,1239
6,"test_DGMB","latte5.jpg",1,1437
6,"test_DGMB","agonia",1,1003
6,"test_DGMB","latte7.jpg",1,1337
6,"test_DGMB","buono",1,793
6,"test_DGMB","latte3.jpg",1,815
6,"test_DGMB","fastidioso",1,1329
6,"test_DGMB","fond4.jpg",1,657
6,"test_DGMB","bello",1,723
6,"test_DGMB","latte4.jpg",0,777
6,"test_DGMB","meraviglioso",1,1146
6,"test_DGMB","fond3.jpg",0,838
6,"test_DGMB","pace",1,2588
6,"test_DGMB","fond2.jpg",1,909
6,"test_DGMB","nocivo",1,1145
6,"test_DGMB","latte2.jpg",1,916
6,"test_DGMB","dolore",1,1019
6,"test_DGMB","fond7.jpg",1,1006
6,"test_DGMB","gloria",1,1466
6,"test_DGMB","latte1.jpg",1,1941
6,"test_DGMB","male",1,2044
6,"test_DGMB","fond1.jpg",1,969
6,"test_DGMB","pace",1,807
6,"test_DGMB","fond6.jpg",1,760
6,"test_DGMB","cattivo",1,727
6,"test_DGMB","latte5.jpg",1,1032
6,"test_DGMB","terribile",1,620
6,"test_DGMB","fond5.jpg",1,816
6,"test_DGMB","gloria",1,697
8,"practice_MGDB","meraviglioso",0,1031
8,"practice_MGDB","latte5.jpg",1,1285
8,"practice_MGDB","orribile",1,1939
8,"practice_MGDB","fond5.jpg",1,954
8,"practice_MGDB","brutto",0,782
8,"practice_MGDB","fond6.jpg",1,1186
8,"practice_MGDB","felicità",1,1221
8,"practice_MGDB","latte7.jpg",1,752
8,"practice_MGDB","schifo",1,724
8,"practice_MGDB","latte2.jpg",1,733
8,"practice_MGDB","fastidioso",1,919
8,"practice_MGDB","fond4.jpg",1,725
8,"practice_MGDB","gioia",1,676
8,"practice_MGDB","latte1.jpg",1,619
8,"practice_MGDB","paradiso",1,2052
8,"practice_MGDB","fond2.jpg",1,635
8,"practice_MGDB","gloria",1,935
8,"practice_MGDB","latte3.jpg",1,584
8,"practice_MGDB","agonia",1,653
8,"practice_MGDB","fond1.jpg",0,430
8,"test_MGDB","fond7.jpg",1,800
8,"test_MGDB","terribile",1,558
8,"test_MGDB","latte4.jpg",1,469
8,"test_MGDB","pace",1,402
8,"test_MGDB","latte6.jpg",1,465
8,"test_MGDB","cattivo",1,661
8,"test_MGDB","latte5.jpg",1,521
8,"test_MGDB","ridere",1,768
8,"test_MGDB","latte3.jpg",1,489
8,"test_MGDB","stupendo",0,651
8,"test_MGDB","fond3.jpg",1,940
8,"test_MGDB","male",1,717
8,"test_MGDB","fond2.jpg",1,492
8,"test_MGDB","disastro",1,678
8,"test_MGDB","latte2.jpg",1,524
8,"test_MGDB","odio",0,580
8,"test_MGDB","fond5.jpg",1,888
8,"test_MGDB","amore",1,742
8,"test_MGDB","latte4.jpg",1,1602
8,"test_MGDB","bello",1,703
8,"test_MGDB","fond1.jpg",1,699
8,"test_MGDB","fallimento",1,509
8,"test_MGDB","latte6.jpg",1,465
8,"test_MGDB","dolore",0,509
8,"test_MGDB","latte1.jpg",1,890
8,"test_MGDB","buono",0,675
8,"test_MGDB","fond3.jpg",1,1049
8,"test_MGDB","eccellente",1,986
8,"test_MGDB","fond4.jpg",1,878
8,"test_MGDB","nocivo",1,692
8,"test_MGDB","fond6.jpg",1,670
8,"test_MGDB","piacere",1,674
8,"test_MGDB","fond7.jpg",1,744
8,"test_MGDB","pace",1,509
8,"test_MGDB","latte7.jpg",0,697
8,"test_MGDB","paradiso",0,1058
8,"test_MGDB","fond5.jpg",1,1010
8,"test_MGDB","orribile",1,1796
8,"test_MGDB","latte1.jpg",1,609
8,"test_MGDB","cattivo",1,767
8,"practice_DGMB","amore",1,827
8,"practice_DGMB","latte5.jpg",1,770
8,"practice_DGMB","eccellente",0,963
8,"practice_DGMB","latte4.jpg",1,873
8,"practice_DGMB","fallimento",0,421
8,"practice_DGMB","latte3.jpg",1,1497
8,"practice_DGMB","stupendo",1,1842
8,"practice_DGMB","latte6.jpg",1,799
8,"practice_DGMB","felicità",1,821
8,"practice_DGMB","fond4.jpg",1,825
8,"practice_DGMB","dolore",0,1517
8,"practice_DGMB","fond5.jpg",1,810
8,"practice_DGMB","orribile",1,667
8,"practice_DGMB","latte7.jpg",0,1079
8,"practice_DGMB","buono",1,870
8,"practice_DGMB","fond2.jpg",0,1057
8,"practice_DGMB","fastidioso",1,1850
8,"practice_DGMB","latte2.jpg",1,706
8,"practice_DGMB","meraviglioso",0,2950
8,"practice_DGMB","latte1.jpg",1,2742
8,"test_DGMB","fond1.jpg",1,545
8,"test_DGMB","ridere",1,478
8,"test_DGMB","fond6.jpg",1,453
8,"test_DGMB","pace",1,478
8,"test_DGMB","fond3.jpg",1,453
8,"test_DGMB","gioia",1,471
8,"test_DGMB","latte5.jpg",1,638
8,"test_DGMB","terribile",1,533
8,"test_DGMB","latte3.jpg",1,446
8,"test_DGMB","brutto",1,493
8,"test_DGMB","latte7.jpg",1,479
8,"test_DGMB","agonia",1,686
8,"test_DGMB","latte4.jpg",1,456
8,"test_DGMB","disastro",1,562
8,"test_DGMB","fond7.jpg",1,720
8,"test_DGMB","gloria",1,879
8,"test_DGMB","fond3.jpg",1,725
8,"test_DGMB","male",1,684
8,"test_DGMB","fond4.jpg",1,562
8,"test_DGMB","cattivo",1,1601
8,"test_DGMB","fond6.jpg",1,631
8,"test_DGMB","nocivo",1,579
8,"test_DGMB","fond2.jpg",1,663
8,"test_DGMB","odio",1,635
8,"test_DGMB","latte1.jpg",1,842
8,"test_DGMB","piacere",1,673
8,"test_DGMB","latte6.jpg",1,743
8,"test_DGMB","schifo",1,747
8,"test_DGMB","fond5.jpg",1,487
8,"test_DGMB","terribile",1,782
8,"test_DGMB","fond1.jpg",1,746
8,"test_DGMB","bello",1,1230
8,"test_DGMB","latte2.jpg",1,681
8,"test_DGMB","nocivo",1,680
8,"test_DGMB","fond7.jpg",1,599
8,"test_DGMB","paradiso",1,1126
8,"test_DGMB","fond6.jpg",1,630
8,"test_DGMB","gioia",1,602
8,"test_DGMB","latte7.jpg",1,561
8,"test_DGMB","stupendo",1,1184
11,"practice_DGMB","gioia",1,3202
11,"practice_DGMB","fond2.jpg",0,1156
11,"practice_DGMB","felicità",1,3203
11,"practice_DGMB","latte4.jpg",1,1117
11,"practice_DGMB","odio",1,1235
11,"practice_DGMB","latte2.jpg",1,1529
11,"practice_DGMB","bello",1,1263
11,"practice_DGMB","latte7.jpg",1,746
11,"practice_DGMB","dolore",1,1206
11,"practice_DGMB","fond3.jpg",1,1142
11,"practice_DGMB","schifo",1,1184
11,"practice_DGMB","fond1.jpg",1,794
11,"practice_DGMB","buono",1,870
11,"practice_DGMB","latte3.jpg",1,842
11,"practice_DGMB","gloria",1,2904
11,"practice_DGMB","fond5.jpg",1,1481
11,"practice_DGMB","terribile",1,623
11,"practice_DGMB","fond4.jpg",1,595
11,"practice_DGMB","brutto",0,1198
11,"practice_DGMB","latte5.jpg",1,1989
11,"test_DGMB","fond7.jpg",1,1303
11,"test_DGMB","male",0,538
11,"test_DGMB","latte6.jpg",1,1815
11,"test_DGMB","paradiso",1,630
11,"test_DGMB","latte1.jpg",1,642
11,"test_DGMB","agonia",1,2121
11,"test_DGMB","latte2.jpg",1,1158
11,"test_DGMB","eccellente",1,924
11,"test_DGMB","latte7.jpg",1,658
11,"test_DGMB","orribile",1,1148
11,"test_DGMB","fond6.jpg",1,1007
11,"test_DGMB","pace",1,1045
11,"test_DGMB","latte3.jpg",1,734
11,"test_DGMB","disastro",1,768
11,"test_DGMB","fond3.jpg",1,1729
11,"test_DGMB","cattivo",1,846
11,"test_DGMB","latte4.jpg",1,991
11,"test_DGMB","amore",1,939
11,"test_DGMB","fond5.jpg",0,702
11,"test_DGMB","ridere",1,1567
11,"test_DGMB","latte5.jpg",1,695
11,"test_DGMB","fallimento",1,785
11,"test_DGMB","latte6.jpg",1,1453
11,"test_DGMB","nocivo",1,805
11,"test_DGMB","latte1.jpg",1,750
11,"test_DGMB","piacere",1,730
11,"test_DGMB","fond1.jpg",1,1155
11,"test_DGMB","meraviglioso",1,1047
11,"test_DGMB","fond2.jpg",1,543
11,"test_DGMB","fastidioso",1,1012
11,"test_DGMB","fond7.jpg",1,1077
11,"test_DGMB","stupendo",1,1827
11,"test_DGMB","fond4.jpg",1,1597
11,"test_DGMB","gloria",1,802
11,"test_DGMB","latte6.jpg",1,577
11,"test_DGMB","buono",1,1275
11,"test_DGMB","fond6.jpg",1,992
11,"test_DGMB","fallimento",1,2356
11,"test_DGMB","fond3.jpg",1,1112
11,"test_DGMB","dolore",1,1067
11,"practice_MGDB","disastro",1,1002
11,"practice_MGDB","fond4.jpg",1,723
11,"practice_MGDB","gloria",1,634
11,"practice_MGDB","fond5.jpg",1,664
11,"practice_MGDB","fastidioso",1,812
11,"practice_MGDB","latte4.jpg",1,669
11,"practice_MGDB","odio",1,890
11,"practice_MGDB","fond3.jpg",1,635
11,"practice_MGDB","meraviglioso",1,935
11,"practice_MGDB","fond6.jpg",1,584
11,"practice_MGDB","orribile",1,644
11,"practice_MGDB","latte5.jpg",1,557
11,"practice_MGDB","male",1,757
11,"practice_MGDB","fond1.jpg",1,571
11,"practice_MGDB","schifo",1,645
11,"practice_MGDB","fond7.jpg",1,542
11,"practice_MGDB","brutto",0,610
11,"practice_MGDB","latte2.jpg",1,860
11,"practice_MGDB","gioia",1,509
11,"practice_MGDB","latte3.jpg",1,401
11,"test_MGDB","fond2.jpg",1,945
11,"test_MGDB","dolore",1,580
11,"test_MGDB","fond3.jpg",1,569
11,"test_MGDB","fallimento",1,434
11,"test_MGDB","fond7.jpg",1,393
11,"test_MGDB","paradiso",1,542
11,"test_MGDB","latte6.jpg",1,474
11,"test_MGDB","nocivo",1,591
11,"test_MGDB","fond6.jpg",1,445
11,"test_MGDB","piacere",1,508
11,"test_MGDB","latte1.jpg",1,521
11,"test_MGDB","buono",1,536
11,"test_MGDB","fond2.jpg",1,553
11,"test_MGDB","amore",1,814
11,"test_MGDB","fond5.jpg",1,1015
11,"test_MGDB","terribile",1,2472
11,"test_MGDB","latte7.jpg",1,1217
11,"test_MGDB","eccellente",0,530
11,"test_MGDB","latte4.jpg",1,907
11,"test_MGDB","agonia",1,623
11,"test_MGDB","latte5.jpg",1,539
11,"test_MGDB","pace",1,517
11,"test_MGDB","fond4.jpg",1,484
11,"test_MGDB","stupendo",1,922
11,"test_MGDB","latte7.jpg",0,681
11,"test_MGDB","bello",1,1656
11,"test_MGDB","latte6.jpg",1,760
11,"test_MGDB","cattivo",1,1046
11,"test_MGDB","latte2.jpg",1,671
11,"test_MGDB","felicità",1,651
11,"test_MGDB","latte3.jpg",1,869
11,"test_MGDB","ridere",1,400
11,"test_MGDB","latte1.jpg",1,415
11,"test_MGDB","cattivo",1,537
11,"test_MGDB","fond1.jpg",1,461
11,"test_MGDB","brutto",1,487
11,"test_MGDB","latte6.jpg",1,729
11,"test_MGDB","gioia",1,495
11,"test_MGDB","fond5.jpg",1,489
11,"test_MGDB","piacere",1,563
14,"practice_MGDB","dolore",1,859
14,"practice_MGDB","latte5.jpg",1,1399
14,"practice_MGDB","bello",1,788
14,"practice_MGDB","latte3.jpg",1,680
14,"practice_MGDB","felicità",1,679
14,"practice_MGDB","latte7.jpg",1,550
14,"practice_MGDB","odio",1,642
14,"practice_MGDB","fond5.jpg",1,417
14,"practice_MGDB","schifo",1,475
14,"practice_MGDB","fond2.jpg",1,410
14,"practice_MGDB","gioia",1,499
14,"practice_MGDB","latte4.jpg",1,647
14,"practice_MGDB","fastidioso",1,767
14,"practice_MGDB","fond7.jpg",1,520
14,"practice_MGDB","piacere",1,687
14,"practice_MGDB","fond3.jpg",1,560
14,"practice_MGDB","buono",1,543
14,"practice_MGDB","latte2.jpg",1,627
14,"practice_MGDB","agonia",1,551
14,"practice_MGDB","fond6.jpg",1,446
14,"test_MGDB","latte1.jpg",1,823
14,"test_MGDB","nocivo",1,588
14,"test_MGDB","fond1.jpg",1,520
14,"test_MGDB","brutto",1,503
14,"test_MGDB","fond4.jpg",1,395
14,"test_MGDB","cattivo",1,415
14,"test_MGDB","latte6.jpg",1,449
14,"test_MGDB","pace",1,459
14,"test_MGDB","latte7.jpg",1,367
14,"test_MGDB","gloria",1,743
14,"test_MGDB","fond7.jpg",1,458
14,"test_MGDB","meraviglioso",1,732
14,"test_MGDB","fond3.jpg",1,485
14,"test_MGDB","disastro",1,469
14,"test_MGDB","fond5.jpg",1,417
14,"test_MGDB","orribile",1,675
14,"test_MGDB","fond2.jpg",1,345
14,"test_MGDB","fallimento",1,558
14,"test_MGDB","fond4.jpg",1,405
14,"test_MGDB","stupendo",1,476
14,"test_MGDB","fond1.jpg",1,467
14,"test_MGDB","eccellente",1,599
14,"test_MGDB","latte6.jpg",1,526
14,"test_MGDB","male",1,765
14,"test_MGDB","fond6.jpg",1,622
14,"test_MGDB","amore",1,555
14,"test_MGDB","latte5.jpg",1,369
14,"test_MGDB","paradiso",1,771
14,"test_MGDB","latte3.jpg",1,373
14,"test_MGDB","ridere",1,902
14,"test_MGDB","latte4.jpg",1,314
14,"test_MGDB","terribile",1,863
14,"test_MGDB","latte2.jpg",1,811
14,"test_MGDB","gioia",1,708
14,"test_MGDB","fond7.jpg",1,424
14,"test_MGDB","pace",1,1292
14,"test_MGDB","latte1.jpg",1,509
14,"test_MGDB","nocivo",1,641
14,"test_MGDB","latte5.jpg",1,520
14,"test_MGDB","disastro",1,1175
14,"practice_DGMB","schifo",1,1377
14,"practice_DGMB","latte1.jpg",1,644
14,"practice_DGMB","fallimento",1,698
14,"practice_DGMB","fond1.jpg",1,510
14,"practice_DGMB","nocivo",1,667
14,"practice_DGMB","fond7.jpg",1,463
14,"practice_DGMB","buono",1,651
14,"practice_DGMB","latte5.jpg",1,620
14,"practice_DGMB","cattivo",1,798
14,"practice_DGMB","latte4.jpg",0,1020
14,"practice_DGMB","male",1,1981
14,"practice_DGMB","latte2.jpg",1,1223
14,"practice_DGMB","odio",1,1003
14,"practice_DGMB","latte6.jpg",1,1265
14,"practice_DGMB","fastidioso",1,492
14,"practice_DGMB","fond4.jpg",1,446
14,"practice_DGMB","eccellente",1,445
14,"practice_DGMB","fond6.jpg",1,574
14,"practice_DGMB","felicità",1,472
14,"practice_DGMB","latte3.jpg",1,479
14,"test_DGMB","fond5.jpg",1,623
14,"test_DGMB","paradiso",1,507
14,"test_DGMB","fond2.jpg",1,351
14,"test_DGMB","ridere",1,452
14,"test_DGMB","latte7.jpg",1,398
14,"test_DGMB","bello",1,549
14,"test_DGMB","latte3.jpg",1,489
14,"test_DGMB","brutto",1,635
14,"test_DGMB","latte2.jpg",1,353
14,"test_DGMB","stupendo",1,462
14,"test_DGMB","fond3.jpg",1,426
14,"test_DGMB","piacere",1,511
14,"test_DGMB","latte6.jpg",1,462
14,"test_DGMB","agonia",1,511
14,"test_DGMB","fond2.jpg",0,470
14,"test_DGMB","amore",0,571
14,"test_DGMB","latte4.jpg",0,492
14,"test_DGMB","disastro",1,2022
14,"test_DGMB","fond4.jpg",1,448
14,"test_DGMB","dolore",0,551
14,"test_DGMB","fond6.jpg",1,734
14,"test_DGMB","terribile",1,1991
14,"test_DGMB","fond1.jpg",1,625
14,"test_DGMB","gloria",1,1790
14,"test_DGMB","latte7.jpg",1,584
14,"test_DGMB","gioia",1,1012
14,"test_DGMB","fond7.jpg",1,1149
14,"test_DGMB","pace",1,784
14,"test_DGMB","latte5.jpg",1,556
14,"test_DGMB","meraviglioso",1,1451
14,"test_DGMB","latte1.jpg",1,1147
14,"test_DGMB","orribile",1,1646
14,"test_DGMB","fond5.jpg",1,590
14,"test_DGMB","male",1,627
14,"test_DGMB","fond3.jpg",1,743
14,"test_DGMB","pace",1,803
14,"test_DGMB","fond2.jpg",1,657
14,"test_DGMB","stupendo",1,651
14,"test_DGMB","latte6.jpg",1,468
14,"test_DGMB","nocivo",1,729
23,"practice_MGDB","cattivo",1,795
23,"practice_MGDB","fond1.jpg",1,833
23,"practice_MGDB","ridere",1,958
23,"practice_MGDB","fond5.jpg",1,836
23,"practice_MGDB","paradiso",1,711
23,"practice_MGDB","latte3.jpg",1,758
23,"practice_MGDB","dolore",1,749
23,"practice_MGDB","latte7.jpg",0,769
23,"practice_MGDB","male",1,783
23,"practice_MGDB","latte6.jpg",1,923
23,"practice_MGDB","stupendo",1,706
23,"practice_MGDB","latte5.jpg",1,509
23,"practice_MGDB","agonia",1,674
23,"practice_MGDB","latte1.jpg",1,585
23,"practice_MGDB","schifo",1,637
23,"practice_MGDB","fond2.jpg",1,500
23,"practice_MGDB","felicità",1,1053
23,"practice_MGDB","latte2.jpg",1,598
23,"practice_MGDB","terribile",1,669
23,"practice_MGDB","fond6.jpg",1,1665
23,"test_MGDB","fond7.jpg",1,1345
23,"test_MGDB","pace",1,820
23,"test_MGDB","fond4.jpg",1,680
23,"test_MGDB","nocivo",1,599
23,"test_MGDB","fond3.jpg",1,645
23,"test_MGDB","bello",1,580
23,"test_MGDB","fond7.jpg",1,1272
23,"test_MGDB","odio",1,604
23,"test_MGDB","latte4.jpg",1,562
23,"test_MGDB","piacere",1,561
23,"test_MGDB","fond1.jpg",1,664
23,"test_MGDB","meraviglioso",1,788
23,"test_MGDB","latte1.jpg",1,1088
23,"test_MGDB","brutto",1,798
23,"test_MGDB","fond6.jpg",1,693
23,"test_MGDB","orribile",1,630
23,"test_MGDB","latte3.jpg",1,562
23,"test_MGDB","amore",1,705
23,"test_MGDB","latte2.jpg",1,621
23,"test_MGDB","gloria",1,687
23,"test_MGDB","latte7.jpg",1,536
23,"test_MGDB","fastidioso",1,682
23,"test_MGDB","latte5.jpg",1,840
23,"test_MGDB","gioia",1,927
23,"test_MGDB","fond3.jpg",1,488
23,"test_MGDB","disastro",1,679
23,"test_MGDB","fond4.jpg",1,518
23,"test_MGDB","buono",1,549
23,"test_MGDB","fond2.jpg",1,649
23,"test_MGDB","fallimento",1,474
23,"test_MGDB","latte6.jpg",1,489
23,"test_MGDB","cattivo",1,667
23,"test_MGDB","fond5.jpg",1,703
23,"test_MGDB","eccellente",1,587
23,"test_MGDB","latte4.jpg",1,615
23,"test_MGDB","felicità",1,657
23,"test_MGDB","fond3.jpg",1,498
23,"test_MGDB","disastro",1,684
23,"test_MGDB","latte5.jpg",1,474
23,"test_MGDB","buono",1,927
23,"practice_DGMB","brutto",1,540
23,"practice_DGMB","latte5.jpg",1,936
23,"practice_DGMB","odio",1,553
23,"practice_DGMB","latte1.jpg",1,528
23,"practice_DGMB","amore",0,527
23,"practice_DGMB","fond1.jpg",1,2384
23,"practice_DGMB","schifo",1,1439
23,"practice_DGMB","latte3.jpg",1,1493
23,"practice_DGMB","gioia",1,1101
23,"practice_DGMB","latte6.jpg",1,1504
23,"practice_DGMB","pace",1,947
23,"practice_DGMB","latte7.jpg",1,783
23,"practice_DGMB","cattivo",1,867
23,"practice_DGMB","latte2.jpg",1,1046
23,"practice_DGMB","ridere",1,565
23,"practice_DGMB","latte4.jpg",1,982
23,"practice_DGMB","felicità",0,1071
23,"practice_DGMB","latte6.jpg",1,2818
23,"practice_DGMB","agonia",1,937
23,"practice_DGMB","fond7.jpg",1,922
23,"test_DGMB","latte1.jpg",1,982
23,"test_DGMB","dolore",1,1103
23,"test_DGMB","fond6.jpg",1,1034
23,"test_DGMB","male",1,1374
23,"test_DGMB","fond5.jpg",1,902
23,"test_DGMB","piacere",0,823
23,"test_DGMB","fond2.jpg",1,1699
23,"test_DGMB","bello",1,2859
23,"test_DGMB","latte2.jpg",1,1137
23,"test_DGMB","meraviglioso",1,769
23,"test_DGMB","fond4.jpg",1,1347
23,"test_DGMB","eccellente",1,1670
23,"test_DGMB","latte7.jpg",1,1753
23,"test_DGMB","disastro",1,1059
23,"test_DGMB","latte4.jpg",1,1582
23,"test_DGMB","fastidioso",1,750
23,"test_DGMB","fond3.jpg",1,882
23,"test_DGMB","stupendo",1,1128
23,"test_DGMB","fond4.jpg",1,1241
23,"test_DGMB","terribile",1,2503
23,"test_DGMB","fond1.jpg",1,880
23,"test_DGMB","nocivo",1,1103
23,"test_DGMB","fond2.jpg",1,722
23,"test_DGMB","gloria",1,1377
23,"test_DGMB","latte5.jpg",1,1073
23,"test_DGMB","paradiso",1,2133
23,"test_DGMB","fond3.jpg",1,860
23,"test_DGMB","fallimento",1,1157
23,"test_DGMB","latte3.jpg",1,1547
23,"test_DGMB","orribile",1,1526
23,"test_DGMB","fond6.jpg",1,918
23,"test_DGMB","disastro",1,1940
23,"test_DGMB","fond7.jpg",1,1070
23,"test_DGMB","fallimento",1,978
23,"test_DGMB","fond5.jpg",1,802
23,"test_DGMB","buono",1,1153
23,"test_DGMB","fond7.jpg",1,831
23,"test_DGMB","stupendo",1,707
23,"test_DGMB","latte5.jpg",1,607
23,"test_DGMB","pace",1,894
29,"practice_MGDB","orribile",1,962
29,"practice_MGDB","latte7.jpg",1,859
29,"practice_MGDB","fallimento",1,1188
29,"practice_MGDB","latte3.jpg",1,695
29,"practice_MGDB","buono",1,745
29,"practice_MGDB","latte4.jpg",1,612
29,"practice_MGDB","brutto",1,822
29,"practice_MGDB","latte1.jpg",1,1170
29,"practice_MGDB","nocivo",1,795
29,"practice_MGDB","latte5.jpg",1,1153
29,"practice_MGDB","schifo",1,708
29,"practice_MGDB","latte2.jpg",1,768
29,"practice_MGDB","gloria",1,743
29,"practice_MGDB","fond1.jpg",1,611
29,"practice_MGDB","terribile",1,1276
29,"practice_MGDB","fond2.jpg",1,530
29,"practice_MGDB","stupendo",1,716
29,"practice_MGDB","fond3.jpg",1,970
29,"practice_MGDB","meraviglioso",1,811
29,"practice_MGDB","fond4.jpg",1,924
29,"test_MGDB","latte6.jpg",1,755
29,"test_MGDB","cattivo",1,743
29,"test_MGDB","latte2.jpg",1,491
29,"test_MGDB","male",1,1101
29,"test_MGDB","latte4.jpg",1,584
29,"test_MGDB","pace",1,684
29,"test_MGDB","fond7.jpg",1,542
29,"test_MGDB","fastidioso",1,807
29,"test_MGDB","fond5.jpg",1,568
29,"test_MGDB","felicità",1,639
29,"test_MGDB","fond6.jpg",1,574
29,"test_MGDB","paradiso",1,1248
29,"test_MGDB","latte5.jpg",1,680
29,"test_MGDB","dolore",1,679
29,"test_MGDB","latte6.jpg",1,854
29,"test_MGDB","agonia",1,871
29,"test_MGDB","fond6.jpg",1,602
29,"test_MGDB","bello",1,594
29,"test_MGDB","latte1.jpg",1,1464
29,"test_MGDB","disastro",1,1163
29,"test_MGDB","fond4.jpg",1,601
29,"test_MGDB","odio",1,696
29,"test_MGDB","latte3.jpg",1,697
29,"test_MGDB","gioia",1,1595
29,"test_MGDB","fond1.jpg",1,528
29,"test_MGDB","piacere",1,599
29,"test_MGDB","fond2.jpg",1,614
29,"test_MGDB","amore",1,751
29,"test_MGDB","fond7.jpg",1,1102
29,"test_MGDB","ridere",1,1279
29,"test_MGDB","fond5.jpg",1,724
29,"test_MGDB","agonia",1,1163
29,"test_MGDB","fond3.jpg",1,577
29,"test_MGDB","eccellente",1,659
29,"test_MGDB","latte7.jpg",1,687
29,"test_MGDB","fastidioso",1,853
29,"test_MGDB","fond2.jpg",1,726
29,"test_MGDB","paradiso",1,629
29,"test_MGDB","latte6.jpg",1,769
29,"test_MGDB","meraviglioso",1,1251
29,"practice_DGMB","fastidioso",0,1415
29,"practice_DGMB","latte7.jpg",1,1066
29,"practice_DGMB","fallimento",1,1045
29,"practice_DGMB","latte6.jpg",1,1142
29,"practice_DGMB","male",1,1895
29,"practice_DGMB","fond7.jpg",1,726
29,"practice_DGMB","cattivo",1,1669
29,"practice_DGMB","fond1.jpg",1,783
29,"practice_DGMB","schifo",1,1411
29,"practice_DGMB","latte2.jpg",1,1155
29,"practice_DGMB","felicità",1,799
29,"practice_DGMB","fond4.jpg",1,1181
29,"practice_DGMB","buono",1,2062
29,"practice_DGMB","fond5.jpg",1,832
29,"practice_DGMB","agonia",0,828
29,"practice_DGMB","fond3.jpg",1,640
29,"practice_DGMB","brutto",1,1190
29,"practice_DGMB","fond6.jpg",1,810
29,"practice_DGMB","bello",1,1163
29,"practice_DGMB","latte1.jpg",1,929
29,"test_DGMB","fond2.jpg",0,994
29,"test_DGMB","amore",1,862
29,"test_DGMB","latte3.jpg",1,882
29,"test_DGMB","orribile",1,712
29,"test_DGMB","fond4.jpg",1,751
29,"test_DGMB","dolore",1,1163
29,"test_DGMB","fond5.jpg",1,545
29,"test_DGMB","disastro",1,909
29,"test_DGMB","latte5.jpg",0,1505
29,"test_DGMB","piacere",1,1283
29,"test_DGMB","latte4.jpg",1,1889
29,"test_DGMB","gloria",1,974
29,"test_DGMB","latte4.jpg",1,943
29,"test_DGMB","ridere",1,755
29,"test_DGMB","latte1.jpg",1,841
29,"test_DGMB","gioia",1,664
29,"test_DGMB","latte7.jpg",1,1268
29,"test_DGMB","nocivo",0,815
29,"test_DGMB","latte3.jpg",1,1216
29,"test_DGMB","eccellente",1,585
29,"test_DGMB","fond3.jpg",1,2493
29,"test_DGMB","terribile",1,788
29,"test_DGMB","fond7.jpg",0,583
29,"test_DGMB","odio",1,2860
29,"test_DGMB","fond2.jpg",1,1490
29,"test_DGMB","meraviglioso",1,1543
29,"test_DGMB","latte5.jpg",1,834
29,"test_DGMB","paradiso",1,646
29,"test_DGMB","latte6.jpg",0,2047
29,"test_DGMB","pace",1,1132
29,"test_DGMB","fond6.jpg",1,1068
29,"test_DGMB","cattivo",1,1312
29,"test_DGMB","latte2.jpg",1,566
29,"test_DGMB","stupendo",1,773
29,"test_DGMB","fond1.jpg",1,926
29,"test_DGMB","piacere",1,588
29,"test_DGMB","latte4.jpg",1,840
29,"test_DGMB","nocivo",1,831
29,"test_DGMB","fond2.jpg",1,930
29,"test_DGMB","gioia",1,580
27,"practice_DGMB","disastro",1,913
27,"practice_DGMB","latte5.jpg",1,1015
27,"practice_DGMB","ridere",1,1208
27,"practice_DGMB","latte6.jpg",1,936
27,"practice_DGMB","fallimento",1,697
27,"practice_DGMB","fond2.jpg",1,562
27,"practice_DGMB","schifo",1,842
27,"practice_DGMB","fond4.jpg",1,832
27,"practice_DGMB","agonia",1,1052
27,"practice_DGMB","fond6.jpg",1,669
27,"practice_DGMB","paradiso",1,785
27,"practice_DGMB","latte7.jpg",1,1308
27,"practice_DGMB","fastidioso",1,792
27,"practice_DGMB","latte1.jpg",1,814
27,"practice_DGMB","odio",1,528
27,"practice_DGMB","fond1.jpg",1,625
27,"practice_DGMB","gioia",1,613
27,"practice_DGMB","fond3.jpg",1,567
27,"practice_DGMB","bello",1,830
27,"practice_DGMB","fond5.jpg",1,505
27,"test_DGMB","latte3.jpg",1,753
27,"test_DGMB","buono",1,1205
27,"test_DGMB","fond7.jpg",1,886
27,"test_DGMB","nocivo",1,636
27,"test_DGMB","fond4.jpg",1,659
27,"test_DGMB","meraviglioso",1,700
27,"test_DGMB","latte4.jpg",1,568
27,"test_DGMB","male",1,655
27,"test_DGMB","fond2.jpg",1,537
27,"test_DGMB","piacere",1,1098
27,"test_DGMB","latte2.jpg",1,1541
27,"test_DGMB","orribile",1,734
27,"test_DGMB","latte3.jpg",1,751
27,"test_DGMB","stupendo",1,619
27,"test_DGMB","latte2.jpg",0,495
27,"test_DGMB","pace",1,961
27,"test_DGMB","latte5.jpg",1,583
27,"test_DGMB","brutto",1,979
27,"test_DGMB","fond5.jpg",1,647
27,"test_DGMB","dolore",1,750
27,"test_DGMB","fond6.jpg",0,1170
27,"test_DGMB","terribile",1,1130
27,"test_DGMB","latte4.jpg",1,755
27,"test_DGMB","cattivo",1,671
27,"test_DGMB","fond1.jpg",1,550
27,"test_DGMB","eccellente",1,762
27,"test_DGMB","latte1.jpg",1,624
27,"test_DGMB","amore",1,812
27,"test_DGMB","fond3.jpg",1,942
27,"test_DGMB","disastro",1,663
27,"test_DGMB","latte7.jpg",1,947
27,"test_DGMB","gloria",1,966
27,"test_DGMB","fond7.jpg",1,1367
27,"test_DGMB","felicità",1,933
27,"test_DGMB","latte6.jpg",1,1086
27,"test_DGMB","piacere",1,1180
27,"test_DGMB","latte4.jpg",0,927
27,"test_DGMB","felicità",1,878
27,"test_DGMB","fond5.jpg",0,788
27,"test_DGMB","male",1,1488
27,"practice_MGDB","dolore",1,807
27,"practice_MGDB","fond2.jpg",1,440
27,"practice_MGDB","ridere",1,2279
27,"practice_MGDB","latte6.jpg",1,1236
27,"practice_MGDB","fallimento",1,1535
27,"practice_MGDB","fond5.jpg",1,1407
27,"practice_MGDB","odio",1,540
27,"practice_MGDB","latte7.jpg",1,681
27,"practice_MGDB","fastidioso",1,1248
27,"practice_MGDB","latte1.jpg",1,800
27,"practice_MGDB","gioia",1,743
27,"practice_MGDB","fond6.jpg",1,531
27,"practice_MGDB","disastro",1,668
27,"practice_MGDB","latte2.jpg",1,568
27,"practice_MGDB","male",1,751
27,"practice_MGDB","fond3.jpg",0,502
27,"practice_MGDB","bello",1,911
27,"practice_MGDB","fond4.jpg",1,742
27,"practice_MGDB","felicità",1,847
27,"practice_MGDB","latte3.jpg",1,792
27,"test_MGDB","fond1.jpg",1,1010
27,"test_MGDB","terribile",1,668
27,"test_MGDB","fond7.jpg",1,455
27,"test_MGDB","brutto",1,529
27,"test_MGDB","fond2.jpg",1,427
27,"test_MGDB","paradiso",1,687
27,"test_MGDB","fond6.jpg",1,969
27,"test_MGDB","amore",1,1015
27,"test_MGDB","latte4.jpg",1,1032
27,"test_MGDB","pace",1,835
27,"test_MGDB","fond1.jpg",1,1194
27,"test_MGDB","agonia",1,741
27,"test_MGDB","latte5.jpg",1,849
27,"test_MGDB","schifo",1,1039
27,"test_MGDB","fond3.jpg",1,1334
27,"test_MGDB","nocivo",1,1246
27,"test_MGDB","fond7.jpg",1,838
27,"test_MGDB","buono",1,685
27,"test_MGDB","latte1.jpg",1,542
27,"test_MGDB","gloria",1,515
27,"test_MGDB","latte5.jpg",1,466
27,"test_MGDB","orribile",1,990
27,"test_MGDB","latte2.jpg",1,633
27,"test_MGDB","cattivo",1,870
27,"test_MGDB","latte4.jpg",1,921
27,"test_MGDB","male",1,640
27,"test_MGDB","latte7.jpg",1,695
27,"test_MGDB","orribile",1,1048
27,"test_MGDB","fond4.jpg",1,1265
27,"test_MGDB","stupendo",1,876
27,"test_MGDB","fond5.jpg",1,634
27,"test_MGDB","eccellente",1,822
27,"test_MGDB","latte3.jpg",1,626
27,"test_MGDB","meraviglioso",1,447
27,"test_MGDB","latte6.jpg",1,448
27,"test_MGDB","piacere",1,519
27,"test_MGDB","fond3.jpg",1,534
27,"test_MGDB","amore",1,608
27,"test_MGDB","latte5.jpg",1,953
27,"test_MGDB","paradiso",1,645
20,"practice_DGMB","brutto",1,709
20,"practice_DGMB","fond5.jpg",1,675
20,"practice_DGMB","orribile",1,919
20,"practice_DGMB","latte1.jpg",1,766
20,"practice_DGMB","agonia",1,716
20,"practice_DGMB","fond2.jpg",0,1339
20,"practice_DGMB","felicità",1,995
20,"practice_DGMB","latte5.jpg",1,609
20,"practice_DGMB","terribile",1,1347
20,"practice_DGMB","latte7.jpg",1,774
20,"practice_DGMB","buono",1,759
20,"practice_DGMB","fond3.jpg",1,598
20,"practice_DGMB","cattivo",0,621
20,"practice_DGMB","latte4.jpg",1,1129
20,"practice_DGMB","piacere",0,935
20,"practice_DGMB","fond6.jpg",1,2088
20,"practice_DGMB","bello",1,901
20,"practice_DGMB","fond7.jpg",1,608
20,"practice_DGMB","odio",1,887
20,"practice_DGMB","latte3.jpg",1,744
20,"test_DGMB","fond1.jpg",1,864
20,"test_DGMB","dolore",1,596
20,"test_DGMB","latte2.jpg",1,594
20,"test_DGMB","fallimento",1,775
20,"test_DGMB","fond4.jpg",1,712
20,"test_DGMB","pace",1,612
20,"test_DGMB","latte6.jpg",1,717
20,"test_DGMB","stupendo",0,724
20,"test_DGMB","fond2.jpg",1,866
20,"test_DGMB","nocivo",1,895
20,"test_DGMB","latte4.jpg",1,639
20,"test_DGMB","amore",1,750
20,"test_DGMB","fond1.jpg",1,626
20,"test_DGMB","disastro",1,1006
20,"test_DGMB","fond7.jpg",1,663
20,"test_DGMB","fastidioso",1,979
20,"test_DGMB","latte1.jpg",1,567
20,"test_DGMB","eccellente",1,598
20,"test_DGMB","latte5.jpg",1,565
20,"test_DGMB","male",1,980
20,"test_DGMB","latte7.jpg",0,655
20,"test_DGMB","ridere",0,913
20,"test_DGMB","fond5.jpg",0,1087
20,"test_DGMB","gioia",1,957
20,"test_DGMB","latte6.jpg",1,1083
20,"test_DGMB","schifo",0,817
20,"test_DGMB","fond6.jpg",1,890
20,"test_DGMB","paradiso",1,820
20,"test_DGMB","latte2.jpg",1,959
20,"test_DGMB","agonia",0,886
20,"test_DGMB","fond4.jpg",1,551
20,"test_DGMB","gloria",1,1299
20,"test_DGMB","fond3.jpg",1,774
20,"test_DGMB","meraviglioso",1,951
20,"test_DGMB","fond2.jpg",1,526
20,"test_DGMB","amore",0,709
20,"test_DGMB","latte3.jpg",1,745
20,"test_DGMB","buono",1,925
20,"test_DGMB","latte6.jpg",1,797
20,"test_DGMB","orribile",0,836
20,"practice_MGDB","piacere",1,739
20,"practice_MGDB","latte3.jpg",1,527
20,"practice_MGDB","buono",1,558
20,"practice_MGDB","latte6.jpg",1,477
20,"practice_MGDB","fallimento",1,628
20,"practice_MGDB","fond3.jpg",1,448
20,"practice_MGDB","agonia",1,607
20,"practice_MGDB","fond4.jpg",1,457
20,"practice_MGDB","stupendo",1,674
20,"practice_MGDB","fond1.jpg",1,537
20,"practice_MGDB","odio",1,707
20,"practice_MGDB","latte7.jpg",1,654
20,"practice_MGDB","gloria",1,504
20,"practice_MGDB","latte2.jpg",1,516
20,"practice_MGDB","male",1,603
20,"practice_MGDB","fond7.jpg",1,442
20,"practice_MGDB","paradiso",1,577
20,"practice_MGDB","fond5.jpg",1,530
20,"practice_MGDB","bello",1,556
20,"practice_MGDB","latte5.jpg",1,483
20,"test_MGDB","latte4.jpg",1,509
20,"test_MGDB","brutto",1,473
20,"test_MGDB","latte1.jpg",1,576
20,"test_MGDB","terribile",1,594
20,"test_MGDB","latte4.jpg",1,617
20,"test_MGDB","felicità",1,738
20,"test_MGDB","fond2.jpg",1,566
20,"test_MGDB","ridere",1,525
20,"test_MGDB","fond6.jpg",1,518
20,"test_MGDB","pace",1,766
20,"test_MGDB","fond7.jpg",1,663
20,"test_MGDB","eccellente",1,691
20,"test_MGDB","latte2.jpg",1,436
20,"test_MGDB","fastidioso",1,627
20,"test_MGDB","fond1.jpg",1,415
20,"test_MGDB","nocivo",1,705
20,"test_MGDB","latte5.jpg",1,597
20,"test_MGDB","disastro",1,604
20,"test_MGDB","latte3.jpg",1,462
20,"test_MGDB","amore",1,463
20,"test_MGDB","latte6.jpg",1,436
20,"test_MGDB","schifo",1,531
20,"test_MGDB","fond3.jpg",1,436
20,"test_MGDB","gioia",1,595
20,"test_MGDB","fond4.jpg",1,538
20,"test_MGDB","meraviglioso",1,572
20,"test_MGDB","fond6.jpg",1,589
20,"test_MGDB","cattivo",1,642
20,"test_MGDB","latte7.jpg",1,440
20,"test_MGDB","pace",1,592
20,"test_MGDB","fond2.jpg",1,494
20,"test_MGDB","orribile",1,616
20,"test_MGDB","latte1.jpg",1,497
20,"test_MGDB","paradiso",1,611
20,"test_MGDB","latte4.jpg",1,421
20,"test_MGDB","dolore",1,503
20,"test_MGDB","fond5.jpg",1,851
20,"test_MGDB","orribile",0,492
20,"test_MGDB","fond2.jpg",1,805
20,"test_MGDB","fastidioso",1,804
17,"practice_DGMB","odio",1,2387
17,"practice_DGMB","fond7.jpg",0,1164
17,"practice_DGMB","male",1,882
17,"practice_DGMB","fond1.jpg",1,729
17,"practice_DGMB","cattivo",1,1047
17,"practice_DGMB","fond5.jpg",1,608
17,"practice_DGMB","stupendo",1,1055
17,"practice_DGMB","latte4.jpg",1,872
17,"practice_DGMB","amore",1,900
17,"practice_DGMB","latte7.jpg",1,1463
17,"practice_DGMB","buono",1,799
17,"practice_DGMB","latte5.jpg",1,790
17,"practice_DGMB","felicità",1,650
17,"practice_DGMB","latte6.jpg",1,755
17,"practice_DGMB","orribile",1,1351
17,"practice_DGMB","latte3.jpg",0,1082
17,"practice_DGMB","paradiso",1,937
17,"practice_DGMB","fond6.jpg",1,1353
17,"practice_DGMB","brutto",1,1053
17,"practice_DGMB","fond4.jpg",1,837
17,"test_DGMB","fond3.jpg",1,751
17,"test_DGMB","eccellente",1,875
17,"test_DGMB","fond2.jpg",1,665
17,"test_DGMB","schifo",1,645
17,"test_DGMB","latte1.jpg",1,878
17,"test_DGMB","nocivo",1,981
17,"test_DGMB","fond6.jpg",1,768
17,"test_DGMB","disastro",1,1151
17,"test_DGMB","fond2.jpg",1,682
17,"test_DGMB","piacere",1,601
17,"test_DGMB","fond5.jpg",0,1296
17,"test_DGMB","fallimento",1,1177
17,"test_DGMB","fond4.jpg",1,785
17,"test_DGMB","ridere",1,781
17,"test_DGMB","latte2.jpg",1,897
17,"test_DGMB","terribile",1,1626
17,"test_DGMB","latte6.jpg",0,860
17,"test_DGMB","agonia",1,2142
17,"test_DGMB","latte2.jpg",1,855
17,"test_DGMB","fastidioso",1,905
17,"test_DGMB","fond7.jpg",1,684
17,"test_DGMB","bello",1,691
17,"test_DGMB","latte5.jpg",1,868
17,"test_DGMB","gioia",1,712
17,"test_DGMB","latte3.jpg",1,671
17,"test_DGMB","dolore",1,995
17,"test_DGMB","latte7.jpg",1,1225
17,"test_DGMB","meraviglioso",0,948
17,"test_DGMB","fond3.jpg",1,872
17,"test_DGMB","gloria",1,726
17,"test_DGMB","latte1.jpg",1,960
17,"test_DGMB","pace",1,878
17,"test_DGMB","latte4.jpg",1,860
17,"test_DGMB","agonia",1,1014
17,"test_DGMB","latte6.jpg",1,782
17,"test_DGMB","disastro",1,722
17,"test_DGMB","fond1.jpg",1,729
17,"test_DGMB","buono",1,791
17,"test_DGMB","fond4.jpg",1,870
17,"test_DGMB","felicità",1,578
17,"practice_MGDB","terribile",1,749
17,"practice_MGDB","fond4.jpg",1,516
17,"practice_MGDB","buono",1,571
17,"practice_MGDB","fond7.jpg",1,445
17,"practice_MGDB","fallimento",1,564
17,"practice_MGDB","latte6.jpg",1,498
17,"practice_MGDB","felicità",1,580
17,"practice_MGDB","fond3.jpg",1,385
17,"practice_MGDB","odio",1,621
17,"practice_MGDB","fond6.jpg",1,417
17,"practice_MGDB","meraviglioso",1,491
17,"practice_MGDB","latte1.jpg",1,437
17,"practice_MGDB","cattivo",1,628
17,"practice_MGDB","latte2.jpg",1,432
17,"practice_MGDB","eccellente",1,764
17,"practice_MGDB","fond2.jpg",1,386
17,"practice_MGDB","gloria",1,511
17,"practice_MGDB","fond5.jpg",1,422
17,"practice_MGDB","piacere",1,619
17,"practice_MGDB","latte4.jpg",1,623
17,"test_MGDB","latte7.jpg",1,761
17,"test_MGDB","dolore",1,567
17,"test_MGDB","latte5.jpg",1,505
17,"test_MGDB","schifo",1,477
17,"test_MGDB","latte3.jpg",1,404
17,"test_MGDB","male",1,395
17,"test_MGDB","latte6.jpg",1,483
17,"test_MGDB","gioia",1,506
17,"test_MGDB","fond1.jpg",1,438
17,"test_MGDB","pace",1,445
17,"test_MGDB","fond5.jpg",1,535
17,"test_MGDB","paradiso",1,432
17,"test_MGDB","fond1.jpg",1,487
17,"test_MGDB","nocivo",1,598
17,"test_MGDB","fond4.jpg",1,373
17,"test_MGDB","orribile",1,439
17,"test_MGDB","fond2.jpg",1,422
17,"test_MGDB","disastro",1,443
17,"test_MGDB","latte2.jpg",1,458
17,"test_MGDB","stupendo",1,484
17,"test_MGDB","latte7.jpg",1,450
17,"test_MGDB","fastidioso",1,556
17,"test_MGDB","latte1.jpg",1,451
17,"test_MGDB","bello",1,501
17,"test_MGDB","latte3.jpg",0,473
17,"test_MGDB","brutto",1,566
17,"test_MGDB","latte5.jpg",1,423
17,"test_MGDB","amore",1,660
17,"test_MGDB","fond3.jpg",1,472
17,"test_MGDB","agonia",1,612
17,"test_MGDB","fond7.jpg",0,397
17,"test_MGDB","ridere",1,781
17,"test_MGDB","latte4.jpg",1,592
17,"test_MGDB","schifo",1,589
17,"test_MGDB","fond6.jpg",1,465
17,"test_MGDB","piacere",1,509
17,"test_MGDB","fond3.jpg",1,425
17,"test_MGDB","gloria",1,526
17,"test_MGDB","latte2.jpg",1,551
17,"test_MGDB","fallimento",1,460
25,"practice_DGMB","felicità",1,1337
25,"practice_DGMB","fond6.jpg",1,460
25,"practice_DGMB","gloria",1,670
25,"practice_DGMB","fond2.jpg",1,449
25,"practice_DGMB","bello",1,531
25,"practice_DGMB","fond7.jpg",1,509
25,"practice_DGMB","nocivo",1,545
25,"practice_DGMB","latte6.jpg",1,421
25,"practice_DGMB","orribile",1,471
25,"practice_DGMB","latte3.jpg",1,390
25,"practice_DGMB","amore",1,523
25,"practice_DGMB","latte1.jpg",0,1186
25,"practice_DGMB","buono",1,1573
25,"practice_DGMB","fond4.jpg",1,637
25,"practice_DGMB","eccellente",1,876
25,"practice_DGMB","latte7.jpg",1,626
25,"practice_DGMB","brutto",1,518
25,"practice_DGMB","latte2.jpg",1,397
25,"practice_DGMB","fastidioso",1,445
25,"practice_DGMB","fond3.jpg",0,446
25,"test_DGMB","fond1.jpg",1,1784
25,"test_DGMB","stupendo",1,611
25,"test_DGMB","fond5.jpg",1,540
25,"test_DGMB","male",1,822
25,"test_DGMB","fond5.jpg",1,658
25,"test_DGMB","disastro",1,699
25,"test_DGMB","fond3.jpg",1,1103
25,"test_DGMB","dolore",1,1787
25,"test_DGMB","fond2.jpg",1,1445
25,"test_DGMB","meraviglioso",1,755
25,"test_DGMB","fond1.jpg",1,761
25,"test_DGMB","paradiso",0,848
25,"test_DGMB","latte4.jpg",1,705
25,"test_DGMB","piacere",1,861
25,"test_DGMB","latte5.jpg",0,409
25,"test_DGMB","terribile",1,1027
25,"test_DGMB","latte4.jpg",1,1310
25,"test_DGMB","ridere",1,921
25,"test_DGMB","fond6.jpg",1,512
25,"test_DGMB","cattivo",1,628
25,"test_DGMB","latte1.jpg",1,464
25,"test_DGMB","fallimento",1,644
25,"test_DGMB","fond4.jpg",1,534
25,"test_DGMB","odio",1,631
25,"test_DGMB","latte6.jpg",1,790
25,"test_DGMB","schifo",1,674
25,"test_DGMB","latte3.jpg",1,641
25,"test_DGMB","agonia",1,607
25,"test_DGMB","latte7.jpg",1,505
25,"test_DGMB","schifo",1,597
25,"test_DGMB","latte5.jpg",1,508
25,"test_DGMB","gioia",0,920
25,"test_DGMB","fond7.jpg",1,719
25,"test_DGMB","pace",1,1013
25,"test_DGMB","latte2.jpg",1,518
25,"test_DGMB","orribile",1,629
25,"test_DGMB","latte5.jpg",1,793
25,"test_DGMB","meraviglioso",1,621
25,"test_DGMB","fond7.jpg",1,497
25,"test_DGMB","eccellente",1,619
25,"practice_MGDB","brutto",1,752
25,"practice_MGDB","fond7.jpg",1,422
25,"practice_MGDB","stupendo",1,667
25,"practice_MGDB","fond6.jpg",1,663
25,"practice_MGDB","fastidioso",1,739
25,"practice_MGDB","fond3.jpg",1,575
25,"practice_MGDB","terribile",1,545
25,"practice_MGDB","fond5.jpg",1,485
25,"practice_MGDB","ridere",1,780
25,"practice_MGDB","latte4.jpg",1,1080
25,"practice_MGDB","orribile",1,606
25,"practice_MGDB","latte7.jpg",1,575
25,"practice_MGDB","piacere",1,641
25,"practice_MGDB","fond2.jpg",1,432
25,"practice_MGDB","gioia",1,684
25,"practice_MGDB","fond4.jpg",1,846
25,"practice_MGDB","gloria",1,572
25,"practice_MGDB","fond1.jpg",1,550
25,"practice_MGDB","nocivo",1,1346
25,"practice_MGDB","latte1.jpg",1,477
25,"test_MGDB","latte2.jpg",1,628
25,"test_MGDB","disastro",1,640
25,"test_MGDB","latte6.jpg",1,471
25,"test_MGDB","pace",1,539
25,"test_MGDB","fond7.jpg",1,431
25,"test_MGDB","male",1,428
25,"test_MGDB","fond5.jpg",1,440
25,"test_MGDB","eccellente",1,479
25,"test_MGDB","fond6.jpg",1,446
25,"test_MGDB","cattivo",1,694
25,"test_MGDB","latte5.jpg",1,479
25,"test_MGDB","dolore",1,542
25,"test_MGDB","latte3.jpg",1,506
25,"test_MGDB","bello",0,302
25,"test_MGDB","latte5.jpg",1,923
25,"test_MGDB","felicità",1,466
25,"test_MGDB","latte6.jpg",1,414
25,"test_MGDB","buono",1,504
25,"test_MGDB","fond3.jpg",1,588
25,"test_MGDB","meraviglioso",1,520
25,"test_MGDB","fond2.jpg",1,455
25,"test_MGDB","schifo",1,561
25,"test_MGDB","fond1.jpg",1,352
25,"test_MGDB","odio",1,357
25,"test_MGDB","fond4.jpg",1,395
25,"test_MGDB","agonia",0,507
25,"test_MGDB","latte7.jpg",1,703
25,"test_MGDB","paradiso",1,611
25,"test_MGDB","latte2.jpg",1,468
25,"test_MGDB","amore",1,577
25,"test_MGDB","latte3.jpg",1,338
25,"test_MGDB","fallimento",1,572
25,"test_MGDB","fond3.jpg",1,574
25,"test_MGDB","orribile",1,567
25,"test_MGDB","latte1.jpg",1,737
25,"test_MGDB","schifo",1,842
25,"test_MGDB","latte4.jpg",1,737
25,"test_MGDB","ridere",1,578
25,"test_MGDB","latte1.jpg",1,406
25,"test_MGDB","buono",1,477
30,"practice_MGDB","gioia",1,1535
30,"practice_MGDB","fond6.jpg",1,586
30,"practice_MGDB","buono",1,623
30,"practice_MGDB","latte1.jpg",1,987
30,"practice_MGDB","disastro",1,790
30,"practice_MGDB","latte6.jpg",1,514
30,"practice_MGDB","brutto",1,703
30,"practice_MGDB","fond5.jpg",1,770
30,"practice_MGDB","male",1,1100
30,"practice_MGDB","fond3.jpg",1,663
30,"practice_MGDB","fallimento",1,795
30,"practice_MGDB","latte7.jpg",1,682
30,"practice_MGDB","terribile",1,600
30,"practice_MGDB","fond7.jpg",1,1047
30,"practice_MGDB","schifo",1,702
30,"practice_MGDB","fond4.jpg",1,505
30,"practice_MGDB","bello",1,558
30,"practice_MGDB","fond1.jpg",1,709
30,"practice_MGDB","gloria",1,1273
30,"practice_MGDB","fond2.jpg",1,550
30,"test_MGDB","latte4.jpg",1,671
30,"test_MGDB","dolore",1,660
30,"test_MGDB","latte5.jpg",1,696
30,"test_MGDB","orribile",1,537
30,"test_MGDB","fond4.jpg",1,594
30,"test_MGDB","odio",1,623
30,"test_MGDB","latte3.jpg",1,531
30,"test_MGDB","nocivo",1,541
30,"test_MGDB","fond3.jpg",1,585
30,"test_MGDB","fastidioso",1,653
30,"test_MGDB","latte2.jpg",1,462
30,"test_MGDB","paradiso",1,491
30,"test_MGDB","fond2.jpg",1,436
30,"test_MGDB","ridere",1,580
30,"test_MGDB","latte6.jpg",1,560
30,"test_MGDB","eccellente",1,607
30,"test_MGDB","fond5.jpg",1,576
30,"test_MGDB","cattivo",1,450
30,"test_MGDB","fond6.jpg",1,491
30,"test_MGDB","agonia",1,493
30,"test_MGDB","latte5.jpg",1,455
30,"test_MGDB","piacere",1,536
30,"test_MGDB","latte1.jpg",1,530
30,"test_MGDB","stupendo",1,676
30,"test_MGDB","latte7.jpg",1,466
30,"test_MGDB","agonia",1,463
30,"test_MGDB","fond1.jpg",1,411
30,"test_MGDB","meraviglioso",1,573
30,"test_MGDB","latte2.jpg",1,374
30,"test_MGDB","amore",1,760
30,"test_MGDB","fond7.jpg",1,431
30,"test_MGDB","pace",1,531
30,"test_MGDB","latte3.jpg",1,685
30,"test_MGDB","felicità",1,588
30,"test_MGDB","latte4.jpg",1,376
30,"test_MGDB","ridere",1,522
30,"test_MGDB","fond6.jpg",1,433
30,"test_MGDB","odio",1,621
30,"test_MGDB","latte7.jpg",1,521
30,"test_MGDB","stupendo",1,872
30,"practice_DGMB","felicità",1,2483
30,"practice_DGMB","latte4.jpg",1,858
30,"practice_DGMB","schifo",1,1396
30,"practice_DGMB","latte2.jpg",1,842
30,"practice_DGMB","amore",1,1120
30,"practice_DGMB","latte3.jpg",1,1262
30,"practice_DGMB","nocivo",1,1982
30,"practice_DGMB","fond4.jpg",1,832
30,"practice_DGMB","gloria",1,924
30,"practice_DGMB","latte1.jpg",1,594
30,"practice_DGMB","odio",1,871
30,"practice_DGMB","fond3.jpg",0,770
30,"practice_DGMB","bello",1,1764
30,"practice_DGMB","latte7.jpg",1,1865
30,"practice_DGMB","buono",1,1595
30,"practice_DGMB","latte6.jpg",1,888
30,"practice_DGMB","disastro",1,759
30,"practice_DGMB","fond5.jpg",1,629
30,"practice_DGMB","brutto",1,1193
30,"practice_DGMB","fond2.jpg",1,855
30,"test_DGMB","fond7.jpg",1,1425
30,"test_DGMB","male",1,996
30,"test_DGMB","fond1.jpg",1,1258
30,"test_DGMB","terribile",1,1315
30,"test_DGMB","fond6.jpg",0,673
30,"test_DGMB","meraviglioso",1,1925
30,"test_DGMB","latte5.jpg",1,2441
30,"test_DGMB","cattivo",1,1110
30,"test_DGMB","latte7.jpg",1,737
30,"test_DGMB","agonia",1,882
30,"test_DGMB","latte2.jpg",1,881
30,"test_DGMB","piacere",1,1095
30,"test_DGMB","fond6.jpg",1,576
30,"test_DGMB","fallimento",1,729
30,"test_DGMB","fond7.jpg",1,555
30,"test_DGMB","paradiso",1,647
30,"test_DGMB","latte4.jpg",1,624
30,"test_DGMB","dolore",1,780
30,"test_DGMB","fond3.jpg",1,584
30,"test_DGMB","stupendo",1,1261
30,"test_DGMB","fond1.jpg",1,416
30,"test_DGMB","ridere",1,570
30,"test_DGMB","fond2.jpg",1,371
30,"test_DGMB","pace",1,533
30,"test_DGMB","latte3.jpg",1,438
30,"test_DGMB","eccellente",1,566
30,"test_DGMB","latte1.jpg",1,551
30,"test_DGMB","fastidioso",0,779
30,"test_DGMB","fond5.jpg",0,631
30,"test_DGMB","gioia",1,2323
30,"test_DGMB","fond4.jpg",1,1471
30,"test_DGMB","piacere",1,787
30,"test_DGMB","latte5.jpg",1,742
30,"test_DGMB","pace",1,575
30,"test_DGMB","latte6.jpg",1,969
30,"test_DGMB","orribile",1,823
30,"test_DGMB","latte1.jpg",1,1347
30,"test_DGMB","nocivo",1,894
30,"test_DGMB","fond4.jpg",1,799
30,"test_DGMB","terribile",1,686
18,"practice_DGMB","nocivo",1,1798
18,"practice_DGMB","fond1.jpg",1,1747
18,"practice_DGMB","terribile",1,1670
18,"practice_DGMB","fond2.jpg",1,3424
18,"practice_DGMB","disastro",1,1861
18,"practice_DGMB","fond5.jpg",1,2168
18,"practice_DGMB","stupendo",1,2508
18,"practice_DGMB","latte5.jpg",1,1773
18,"practice_DGMB","pace",1,1533
18,"practice_DGMB","latte3.jpg",1,1477
18,"practice_DGMB","cattivo",1,4691
18,"practice_DGMB","latte2.jpg",1,1446
18,"practice_DGMB","ridere",0,1555
18,"practice_DGMB","fond3.jpg",1,1393
18,"practice_DGMB","gloria",1,3068
18,"practice_DGMB","fond4.jpg",1,1740
18,"practice_DGMB","odio",1,1060
18,"practice_DGMB","fond6.jpg",1,991
18,"practice_DGMB","fastidioso",1,1547
18,"practice_DGMB","fond7.jpg",1,1318
18,"test_DGMB","fond7.jpg",1,908
18,"test_DGMB","brutto",1,1016
18,"test_DGMB","fond5.jpg",0,1001
18,"test_DGMB","schifo",1,1671
18,"test_DGMB","fond4.jpg",1,898
18,"test_DGMB","orribile",1,1035
18,"test_DGMB","fond2.jpg",1,1889
18,"test_DGMB","amore",1,990
18,"test_DGMB","latte6.jpg",1,721
18,"test_DGMB","felicità",1,1192
18,"test_DGMB","latte4.jpg",1,1406
18,"test_DGMB","male",1,1276
18,"test_DGMB","latte1.jpg",1,1049
18,"test_DGMB","fallimento",1,3255
18,"test_DGMB","latte7.jpg",1,1125
18,"test_DGMB","gioia",1,803
18,"test_DGMB","latte1.jpg",1,1073
18,"test_DGMB","buono",1,1181
18,"test_DGMB","latte4.jpg",1,784
18,"test_DGMB","agonia",1,3412
18,"test_DGMB","latte3.jpg",1,1481
18,"test_DGMB","eccellente",1,767
18,"test_DGMB","latte6.jpg",1,792
18,"test_DGMB","meraviglioso",1,2100
18,"test_DGMB","fond3.jpg",1,1422
18,"test_DGMB","dolore",1,2342
18,"test_DGMB","fond1.jpg",1,1144
18,"test_DGMB","schifo",1,2043
18,"test_DGMB","latte2.jpg",0,896
18,"test_DGMB","bello",1,1009
18,"test_DGMB","latte7.jpg",1,1018
18,"test_DGMB","piacere",1,1258
18,"test_DGMB","latte5.jpg",1,733
18,"test_DGMB","odio",1,943
18,"test_DGMB","latte5.jpg",1,1538
18,"test_DGMB","paradiso",1,1003
18,"test_DGMB","fond6.jpg",1,1777
18,"test_DGMB","gloria",1,1209
18,"test_DGMB","fond2.jpg",1,1233
18,"test_DGMB","paradiso",1,2652
18,"practice_MGDB","nocivo",1,1233
18,"practice_MGDB","fond2.jpg",1,927
18,"practice_MGDB","orribile",1,613
18,"practice_MGDB","latte6.jpg",1,622
18,"practice_MGDB","meraviglioso",1,771
18,"practice_MGDB","fond3.jpg",1,700
18,"practice_MGDB","buono",1,701
18,"practice_MGDB","fond6.jpg",1,929
18,"practice_MGDB","piacere",1,647
18,"practice_MGDB","latte1.jpg",1,929
18,"practice_MGDB","male",1,983
18,"practice_MGDB","fond5.jpg",1,659
18,"practice_MGDB","felicità",1,676
18,"practice_MGDB","latte7.jpg",1,699
18,"practice_MGDB","terribile",1,868
18,"practice_MGDB","latte3.jpg",1,848
18,"practice_MGDB","schifo",1,671
18,"practice_MGDB","latte4.jpg",1,802
18,"practice_MGDB","disastro",1,1457
18,"practice_MGDB","latte5.jpg",1,553
18,"test_MGDB","latte2.jpg",1,1429
18,"test_MGDB","fallimento",1,1904
18,"test_MGDB","latte4.jpg",1,810
18,"test_MGDB","gloria",1,876
18,"test_MGDB","latte2.jpg",1,626
18,"test_MGDB","ridere",1,630
18,"test_MGDB","fond1.jpg",1,730
18,"test_MGDB","stupendo",1,652
18,"test_MGDB","latte7.jpg",1,837
18,"test_MGDB","agonia",1,771
18,"test_MGDB","latte3.jpg",1,669
18,"test_MGDB","odio",1,937
18,"test_MGDB","fond4.jpg",1,554
18,"test_MGDB","fastidioso",1,710
18,"test_MGDB","fond7.jpg",1,674
18,"test_MGDB","gioia",1,574
18,"test_MGDB","latte5.jpg",1,808
18,"test_MGDB","brutto",1,694
18,"test_MGDB","latte6.jpg",1,727
18,"test_MGDB","amore",1,806
18,"test_MGDB","fond5.jpg",1,847
18,"test_MGDB","paradiso",1,846
18,"test_MGDB","fond3.jpg",1,831
18,"test_MGDB","pace",1,955
18,"test_MGDB","fond4.jpg",1,657
18,"test_MGDB","cattivo",1,1443
18,"test_MGDB","latte1.jpg",1,1000
18,"test_MGDB","bello",1,662
18,"test_MGDB","fond1.jpg",1,946
18,"test_MGDB","eccellente",1,742
18,"test_MGDB","fond6.jpg",1,674
18,"test_MGDB","dolore",1,1054
18,"test_MGDB","latte1.jpg",1,663
18,"test_MGDB","terribile",1,835
18,"test_MGDB","fond7.jpg",1,689
18,"test_MGDB","piacere",1,739
18,"test_MGDB","fond2.jpg",1,1071
18,"test_MGDB","paradiso",1,754
18,"test_MGDB","fond3.jpg",1,905
18,"test_MGDB","fallimento",1,756
21,"practice_MGDB","orribile",1,679
21,"practice_MGDB","fond6.jpg",0,758
21,"practice_MGDB","amore",1,1133
21,"practice_MGDB","fond3.jpg",1,573
21,"practice_MGDB","gioia",1,1007
21,"practice_MGDB","fond2.jpg",1,584
21,"practice_MGDB","disastro",0,1020
21,"practice_MGDB","latte3.jpg",1,1775
21,"practice_MGDB","bello",1,759
21,"practice_MGDB","fond5.jpg",1,494
21,"practice_MGDB","piacere",1,639
21,"practice_MGDB","latte1.jpg",1,862
21,"practice_MGDB","dolore",1,495
21,"practice_MGDB","latte2.jpg",1,601
21,"practice_MGDB","fastidioso",0,1056
21,"practice_MGDB","fond1.jpg",1,873
21,"practice_MGDB","brutto",1,828
21,"practice_MGDB","latte5.jpg",1,488
21,"practice_MGDB","schifo",1,575
21,"practice_MGDB","latte4.jpg",1,697
21,"test_MGDB","fond4.jpg",1,825
21,"test_MGDB","buono",1,597
21,"test_MGDB","latte6.jpg",1,531
21,"test_MGDB","meraviglioso",1,605
21,"test_MGDB","latte7.jpg",1,567
21,"test_MGDB","gloria",1,678
21,"test_MGDB","latte5.jpg",1,532
21,"test_MGDB","eccellente",1,622
21,"test_MGDB","latte7.jpg",1,642
21,"test_MGDB","paradiso",1,673
21,"test_MGDB","fond7.jpg",1,535
21,"test_MGDB","pace",1,481
21,"test_MGDB","latte2.jpg",1,624
21,"test_MGDB","terribile",1,692
21,"test_MGDB","latte1.jpg",1,742
21,"test_MGDB","ridere",1,831
21,"test_MGDB","fond3.jpg",1,506
21,"test_MGDB","stupendo",1,551
21,"test_MGDB","fond5.jpg",1,774
21,"test_MGDB","felicità",1,567
21,"test_MGDB","fond2.jpg",1,833
21,"test_MGDB","piacere",1,708
21,"test_MGDB","latte4.jpg",1,976
21,"test_MGDB","cattivo",1,1050
21,"test_MGDB","latte3.jpg",1,602
21,"test_MGDB","fallimento",1,849
21,"test_MGDB","fond1.jpg",0,778
21,"test_MGDB","stupendo",1,1019
21,"test_MGDB","fond4.jpg",0,415
21,"test_MGDB","nocivo",0,1273
21,"test_MGDB","latte6.jpg",1,1086
21,"test_MGDB","male",1,837
21,"test_MGDB","fond6.jpg",1,827
21,"test_MGDB","agonia",0,1095
21,"test_MGDB","latte6.jpg",1,808
21,"test_MGDB","odio",1,686
21,"test_MGDB","fond7.jpg",1,664
21,"test_MGDB","dolore",1,764
21,"test_MGDB","fond6.jpg",1,810
21,"test_MGDB","disastro",1,715
21,"practice_DGMB","dolore",1,1217
21,"practice_DGMB","fond4.jpg",1,692
21,"practice_DGMB","paradiso",1,1013
21,"practice_DGMB","latte1.jpg",1,1326
21,"practice_DGMB","fastidioso",1,796
21,"practice_DGMB","fond2.jpg",1,579
21,"practice_DGMB","gloria",1,724
21,"practice_DGMB","latte2.jpg",1,554
21,"practice_DGMB","pace",1,767
21,"practice_DGMB","fond7.jpg",0,616
21,"practice_DGMB","nocivo",1,1610
21,"practice_DGMB","latte3.jpg",0,738
21,"practice_DGMB","cattivo",1,1579
21,"practice_DGMB","fond5.jpg",1,790
21,"practice_DGMB","terribile",1,881
21,"practice_DGMB","fond1.jpg",1,688
21,"practice_DGMB","agonia",1,631
21,"practice_DGMB","fond3.jpg",1,525
21,"practice_DGMB","stupendo",1,628
21,"practice_DGMB","fond6.jpg",1,680
21,"test_DGMB","latte5.jpg",1,1096
21,"test_DGMB","eccellente",0,601
21,"test_DGMB","latte6.jpg",1,976
21,"test_DGMB","disastro",1,1497
21,"test_DGMB","fond7.jpg",1,689
21,"test_DGMB","fallimento",1,779
21,"test_DGMB","fond3.jpg",1,742
21,"test_DGMB","felicità",0,778
21,"test_DGMB","latte7.jpg",0,2390
21,"test_DGMB","meraviglioso",1,1912
21,"test_DGMB","latte4.jpg",1,1002
21,"test_DGMB","male",1,864
21,"test_DGMB","fond5.jpg",1,836
21,"test_DGMB","odio",1,591
21,"test_DGMB","fond1.jpg",1,518
21,"test_DGMB","piacere",0,733
21,"test_DGMB","fond2.jpg",1,1095
21,"test_DGMB","ridere",1,967
21,"test_DGMB","latte7.jpg",1,760
21,"test_DGMB","brutto",1,711
21,"test_DGMB","latte3.jpg",1,638
21,"test_DGMB","amore",1,996
21,"test_DGMB","latte4.jpg",1,506
21,"test_DGMB","orribile",1,1423
21,"test_DGMB","latte6.jpg",1,978
21,"test_DGMB","buono",1,539
21,"test_DGMB","latte2.jpg",1,447
21,"test_DGMB","schifo",1,774
21,"test_DGMB","fond6.jpg",1,599
21,"test_DGMB","brutto",1,622
21,"test_DGMB","fond4.jpg",1,531
21,"test_DGMB","gioia",1,668
21,"test_DGMB","latte1.jpg",1,568
21,"test_DGMB","cattivo",1,559
21,"test_DGMB","latte5.jpg",1,566
21,"test_DGMB","bello",1,725
21,"test_DGMB","latte4.jpg",1,542
21,"test_DGMB","piacere",1,810
21,"test_DGMB","fond5.jpg",1,619
21,"test_DGMB","eccellente",1,613
26,"practice_DGMB","fastidioso",1,1451
26,"practice_DGMB","fond6.jpg",1,1771
26,"practice_DGMB","odio",1,1515
26,"practice_DGMB","fond5.jpg",1,1985
26,"practice_DGMB","buono",1,1643
26,"practice_DGMB","latte7.jpg",1,1200
26,"practice_DGMB","male",1,1494
26,"practice_DGMB","latte5.jpg",1,582
26,"practice_DGMB","nocivo",1,511
26,"practice_DGMB","latte3.jpg",1,446
26,"practice_DGMB","stupendo",1,726
26,"practice_DGMB","fond7.jpg",1,671
26,"practice_DGMB","dolore",1,675
26,"practice_DGMB","fond1.jpg",1,618
26,"practice_DGMB","disastro",1,1323
26,"practice_DGMB","latte6.jpg",1,1073
26,"practice_DGMB","bello",1,1084
26,"practice_DGMB","latte1.jpg",1,1018
26,"practice_DGMB","brutto",1,1419
26,"practice_DGMB","latte4.jpg",1,1166
26,"test_DGMB","fond2.jpg",1,880
26,"test_DGMB","paradiso",1,599
26,"test_DGMB","latte2.jpg",1,574
26,"test_DGMB","ridere",1,679
26,"test_DGMB","fond3.jpg",0,630
26,"test_DGMB","orribile",1,594
26,"test_DGMB","fond4.jpg",0,497
26,"test_DGMB","amore",1,2259
26,"test_DGMB","latte7.jpg",1,930
26,"test_DGMB","terribile",1,1051
26,"test_DGMB","fond3.jpg",1,1019
26,"test_DGMB","felicità",1,908
26,"test_DGMB","fond5.jpg",1,560
26,"test_DGMB","eccellente",1,695
26,"test_DGMB","latte2.jpg",1,576
26,"test_DGMB","agonia",1,2106
26,"test_DGMB","fond4.jpg",0,723
26,"test_DGMB","pace",1,2234
26,"test_DGMB","latte6.jpg",1,775
26,"test_DGMB","piacere",1,1784
26,"test_DGMB","fond6.jpg",1,1250
26,"test_DGMB","gioia",1,939
26,"test_DGMB","latte5.jpg",1,822
26,"test_DGMB","schifo",1,930
26,"test_DGMB","latte3.jpg",1,995
26,"test_DGMB","cattivo",1,2479
26,"test_DGMB","fond1.jpg",0,674
26,"test_DGMB","gloria",1,1143
26,"test_DGMB","fond7.jpg",0,778
26,"test_DGMB","fallimento",1,1916
26,"test_DGMB","fond2.jpg",0,1560
26,"test_DGMB","meraviglioso",1,2262
26,"test_DGMB","fond7.jpg",0,735
26,"test_DGMB","gloria",1,2401
26,"test_DGMB","latte4.jpg",1,1501
26,"test_DGMB","piacere",1,845
26,"test_DGMB","latte1.jpg",0,678
26,"test_DGMB","terribile",1,1221
26,"test_DGMB","latte4.jpg",1,464
26,"test_DGMB","agonia",1,1788
26,"practice_MGDB","cattivo",1,735
26,"practice_MGDB","latte3.jpg",0,499
26,"practice_MGDB","disastro",1,725
26,"practice_MGDB","latte4.jpg",1,782
26,"practice_MGDB","agonia",1,655
26,"practice_MGDB","fond1.jpg",1,905
26,"practice_MGDB","bello",1,1068
26,"practice_MGDB","latte2.jpg",1,1672
26,"practice_MGDB","felicità",1,723
26,"practice_MGDB","fond4.jpg",1,585
26,"practice_MGDB","pace",1,581
26,"practice_MGDB","latte5.jpg",1,529
26,"practice_MGDB","paradiso",1,603
26,"practice_MGDB","latte1.jpg",1,426
26,"practice_MGDB","meraviglioso",1,566
26,"practice_MGDB","fond6.jpg",1,576
26,"practice_MGDB","nocivo",1,698
26,"practice_MGDB","fond2.jpg",1,509
26,"practice_MGDB","schifo",1,634
26,"practice_MGDB","fond3.jpg",1,440
26,"test_MGDB","fond7.jpg",1,498
26,"test_MGDB","piacere",1,692
26,"test_MGDB","fond5.jpg",1,573
26,"test_MGDB","fallimento",1,655
26,"test_MGDB","fond3.jpg",1,496
26,"test_MGDB","ridere",1,594
26,"test_MGDB","fond2.jpg",1,497
26,"test_MGDB","eccellente",1,618
26,"test_MGDB","latte7.jpg",1,630
26,"test_MGDB","male",1,611
26,"test_MGDB","latte6.jpg",0,492
26,"test_MGDB","terribile",1,1326
26,"test_MGDB","fond7.jpg",0,662
26,"test_MGDB","stupendo",1,2831
26,"test_MGDB","latte3.jpg",1,1216
26,"test_MGDB","orribile",1,985
26,"test_MGDB","latte5.jpg",1,684
26,"test_MGDB","brutto",1,787
26,"test_MGDB","fond1.jpg",1,1799
26,"test_MGDB","amore",1,612
26,"test_MGDB","latte1.jpg",1,1069
26,"test_MGDB","gloria",1,537
26,"test_MGDB","latte4.jpg",1,514
26,"test_MGDB","buono",1,599
26,"test_MGDB","latte7.jpg",1,438
26,"test_MGDB","gioia",1,573
26,"test_MGDB","latte6.jpg",1,470
26,"test_MGDB","odio",1,667
26,"test_MGDB","fond6.jpg",1,487
26,"test_MGDB","paradiso",1,814
26,"test_MGDB","fond4.jpg",1,535
26,"test_MGDB","fastidioso",0,577
26,"test_MGDB","latte2.jpg",1,898
26,"test_MGDB","dolore",1,723
26,"test_MGDB","fond5.jpg",0,658
26,"test_MGDB","male",1,1419
26,"test_MGDB","fond7.jpg",1,814
26,"test_MGDB","bello",1,783
26,"test_MGDB","latte5.jpg",1,563
26,"test_MGDB","disastro",1,650
28,"practice_DGMB","ridere",1,1345
28,"practice_DGMB","fond5.jpg",1,884
28,"practice_DGMB","disastro",1,914
28,"practice_DGMB","latte1.jpg",1,784
28,"practice_DGMB","odio",1,988
28,"practice_DGMB","fond1.jpg",1,808
28,"practice_DGMB","bello",1,694
28,"practice_DGMB","latte3.jpg",1,728
28,"practice_DGMB","terribile",1,655
28,"practice_DGMB","latte7.jpg",1,728
28,"practice_DGMB","paradiso",1,847
28,"practice_DGMB","fond3.jpg",0,952
28,"practice_DGMB","schifo",0,1371
28,"practice_DGMB","fond2.jpg",1,1572
28,"practice_DGMB","male",1,996
28,"practice_DGMB","fond6.jpg",1,746
28,"practice_DGMB","fallimento",1,1302
28,"practice_DGMB","fond7.jpg",0,1241
28,"practice_DGMB","gloria",1,1863
28,"practice_DGMB","fond4.jpg",1,745
28,"test_DGMB","latte4.jpg",1,927
28,"test_DGMB","stupendo",1,1037
28,"test_DGMB","fond6.jpg",1,755
28,"test_DGMB","amore",1,727
28,"test_DGMB","fond3.jpg",1,593
28,"test_DGMB","piacere",1,733
28,"test_DGMB","latte2.jpg",1,1438
28,"test_DGMB","felicità",1,1332
28,"test_DGMB","latte5.jpg",0,1148
28,"test_DGMB","buono",1,1008
28,"test_DGMB","fond4.jpg",1,640
28,"test_DGMB","pace",1,1007
28,"test_DGMB","latte6.jpg",1,872
28,"test_DGMB","gioia",1,708
28,"test_DGMB","fond7.jpg",1,776
28,"test_DGMB","orribile",1,761
28,"test_DGMB","latte7.jpg",1,728
28,"test_DGMB","brutto",1,638
28,"test_DGMB","fond2.jpg",1,653
28,"test_DGMB","eccellente",1,887
28,"test_DGMB","latte3.jpg",1,1256
28,"test_DGMB","cattivo",1,920
28,"test_DGMB","latte4.jpg",1,1638
28,"test_DGMB","nocivo",1,683
28,"test_DGMB","fond1.jpg",1,650
28,"test_DGMB","dolore",1,1132
28,"test_DGMB","fond5.jpg",1,724
28,"test_DGMB","fastidioso",0,1043
28,"test_DGMB","latte5.jpg",1,1593
28,"test_DGMB","agonia",1,780
28,"test_DGMB","latte6.jpg",1,472
28,"test_DGMB","meraviglioso",1,700
28,"test_DGMB","latte1.jpg",1,704
28,"test_DGMB","stupendo",1,1940
28,"test_DGMB","latte2.jpg",1,1158
28,"test_DGMB","cattivo",1,652
28,"test_DGMB","fond7.jpg",1,742
28,"test_DGMB","pace",1,1783
28,"test_DGMB","latte3.jpg",1,721
28,"test_DGMB","disastro",1,672
28,"practice_MGDB","gioia",1,958
28,"practice_MGDB","latte4.jpg",1,588
28,"practice_MGDB","cattivo",1,649
28,"practice_MGDB","fond1.jpg",1,635
28,"practice_MGDB","meraviglioso",1,670
28,"practice_MGDB","latte5.jpg",1,1138
28,"practice_MGDB","male",1,995
28,"practice_MGDB","latte6.jpg",1,1009
28,"practice_MGDB","agonia",1,1055
28,"practice_MGDB","fond7.jpg",1,1256
28,"practice_MGDB","terribile",1,801
28,"practice_MGDB","latte7.jpg",1,639
28,"practice_MGDB","felicità",1,942
28,"practice_MGDB","fond2.jpg",1,994
28,"practice_MGDB","buono",1,989
28,"practice_MGDB","latte2.jpg",1,729
28,"practice_MGDB","stupendo",1,1783
28,"practice_MGDB","latte1.jpg",1,690
28,"practice_MGDB","fastidioso",1,1651
28,"practice_MGDB","fond3.jpg",1,747
28,"test_MGDB","latte3.jpg",1,1014
28,"test_MGDB","piacere",1,911
28,"test_MGDB","latte3.jpg",1,542
28,"test_MGDB","amore",1,919
28,"test_MGDB","latte2.jpg",1,493
28,"test_MGDB","eccellente",1,847
28,"test_MGDB","fond5.jpg",1,624
28,"test_MGDB","disastro",1,693
28,"test_MGDB","fond6.jpg",1,542
28,"test_MGDB","fallimento",1,671
28,"test_MGDB","fond4.jpg",1,502
28,"test_MGDB","pace",1,795
28,"test_MGDB","latte1.jpg",1,713
28,"test_MGDB","ridere",1,597
28,"test_MGDB","fond4.jpg",1,652
28,"test_MGDB","gloria",1,693
28,"test_MGDB","fond5.jpg",1,775
28,"test_MGDB","nocivo",1,680
28,"test_MGDB","fond1.jpg",1,511
28,"test_MGDB","brutto",1,499
28,"test_MGDB","latte4.jpg",1,511
28,"test_MGDB","odio",1,828
28,"test_MGDB","fond2.jpg",1,567
28,"test_MGDB","paradiso",1,750
28,"test_MGDB","fond6.jpg",1,642
28,"test_MGDB","bello",1,1185
28,"test_MGDB","latte6.jpg",1,580
28,"test_MGDB","schifo",1,854
28,"test_MGDB","latte7.jpg",1,663
28,"test_MGDB","dolore",1,683
28,"test_MGDB","fond7.jpg",1,530
28,"test_MGDB","orribile",1,556
28,"test_MGDB","latte5.jpg",1,538
28,"test_MGDB","orribile",1,828
28,"test_MGDB","fond3.jpg",1,503
28,"test_MGDB","gloria",1,1380
28,"test_MGDB","latte5.jpg",1,567
28,"test_MGDB","stupendo",1,518
28,"test_MGDB","fond6.jpg",1,493
28,"test_MGDB","brutto",1,599
19,"practice_DGMB","meraviglioso",1,748
19,"practice_DGMB","latte2.jpg",1,570
19,"practice_DGMB","brutto",1,436
19,"practice_DGMB","fond6.jpg",1,467
19,"practice_DGMB","gloria",1,873
19,"practice_DGMB","latte1.jpg",1,550
19,"practice_DGMB","dolore",1,642
19,"practice_DGMB","latte5.jpg",1,481
19,"practice_DGMB","ridere",1,592
19,"practice_DGMB","latte3.jpg",1,671
19,"practice_DGMB","gioia",1,594
19,"practice_DGMB","latte6.jpg",1,834
19,"practice_DGMB","nocivo",1,533
19,"practice_DGMB","fond7.jpg",1,879
19,"practice_DGMB","piacere",1,1278
19,"practice_DGMB","latte4.jpg",1,507
19,"practice_DGMB","pace",0,488
19,"practice_DGMB","latte7.jpg",1,1105
19,"practice_DGMB","male",1,1397
19,"practice_DGMB","latte7.jpg",1,802
19,"test_DGMB","latte2.jpg",1,747
19,"test_DGMB","schifo",1,511
19,"test_DGMB","latte3.jpg",1,438
19,"test_DGMB","agonia",1,613
19,"test_DGMB","latte1.jpg",1,430
19,"test_DGMB","odio",1,459
19,"test_DGMB","fond5.jpg",1,471
19,"test_DGMB","buono",1,964
19,"test_DGMB","latte4.jpg",1,500
19,"test_DGMB","terribile",1,502
19,"test_DGMB","latte5.jpg",1,546
19,"test_DGMB","eccellente",1,527
19,"test_DGMB","fond3.jpg",1,360
19,"test_DGMB","felicità",1,368
19,"test_DGMB","fond1.jpg",1,337
19,"test_DGMB","bello",1,387
19,"test_DGMB","fond4.jpg",1,399
19,"test_DGMB","fastidioso",1,415
19,"test_DGMB","fond2.jpg",0,521
19,"test_DGMB","paradiso",1,1136
19,"test_DGMB","fond3.jpg",1,568
19,"test_DGMB","fallimento",1,791
19,"test_DGMB","latte6.jpg",1,494
19,"test_DGMB","amore",1,544
19,"test_DGMB","fond5.jpg",1,764
19,"test_DGMB","disastro",1,514
19,"test_DGMB","fond2.jpg",1,577
19,"test_DGMB","orribile",1,1251
19,"test_DGMB","fond1.jpg",1,819
19,"test_DGMB","stupendo",1,549
19,"test_DGMB","fond7.jpg",1,409
19,"test_DGMB","felicità",1,642
19,"test_DGMB","fond4.jpg",1,449
19,"test_DGMB","buono",1,491
19,"test_DGMB","fond6.jpg",1,396
19,"test_DGMB","cattivo",0,532
19,"test_DGMB","latte2.jpg",1,989
19,"test_DGMB","brutto",1,481
19,"test_DGMB","fond3.jpg",1,512
19,"test_DGMB","fastidioso",1,541
19,"practice_MGDB","fallimento",1,870
19,"practice_MGDB","latte6.jpg",1,892
19,"practice_MGDB","terribile",1,1749
19,"practice_MGDB","latte2.jpg",0,1712
19,"practice_MGDB","schifo",1,2002
19,"practice_MGDB","fond6.jpg",1,1903
19,"practice_MGDB","pace",0,679
19,"practice_MGDB","latte1.jpg",1,957
19,"practice_MGDB","nocivo",1,1092
19,"practice_MGDB","fond2.jpg",1,852
19,"practice_MGDB","piacere",1,1150
19,"practice_MGDB","fond4.jpg",1,761
19,"practice_MGDB","gioia",1,775
19,"practice_MGDB","latte4.jpg",1,497
19,"practice_MGDB","fastidioso",1,1018
19,"practice_MGDB","latte3.jpg",1,990
19,"practice_MGDB","cattivo",1,761
19,"practice_MGDB","latte7.jpg",1,696
19,"practice_MGDB","amore",0,1009
19,"practice_MGDB","fond3.jpg",1,1530
19,"test_MGDB","fond1.jpg",1,601
19,"test_MGDB","brutto",1,496
19,"test_MGDB","fond7.jpg",1,426
19,"test_MGDB","felicità",1,526
19,"test_MGDB","latte5.jpg",1,408
19,"test_MGDB","agonia",1,615
19,"test_MGDB","fond5.jpg",1,409
19,"test_MGDB","gloria",1,930
19,"test_MGDB","latte2.jpg",1,907
19,"test_MGDB","disastro",1,599
19,"test_MGDB","fond6.jpg",1,454
19,"test_MGDB","buono",1,616
19,"test_MGDB","latte7.jpg",1,1153
19,"test_MGDB","odio",1,669
19,"test_MGDB","latte4.jpg",1,601
19,"test_MGDB","ridere",0,680
19,"test_MGDB","latte5.jpg",1,1062
19,"test_MGDB","orribile",1,1191
19,"test_MGDB","latte3.jpg",1,1266
19,"test_MGDB","paradiso",1,613
19,"test_MGDB","fond3.jpg",1,567
19,"test_MGDB","eccellente",1,774
19,"test_MGDB","latte6.jpg",1,1783
19,"test_MGDB","stupendo",1,703
19,"test_MGDB","fond4.jpg",1,515
19,"test_MGDB","male",1,503
19,"test_MGDB","fond1.jpg",1,459
19,"test_MGDB","meraviglioso",1,693
19,"test_MGDB","fond2.jpg",1,670
19,"test_MGDB","bello",1,1323
19,"test_MGDB","fond7.jpg",1,632
19,"test_MGDB","dolore",1,788
19,"test_MGDB","latte1.jpg",1,704
19,"test_MGDB","amore",1,596
19,"test_MGDB","latte1.jpg",1,579
19,"test_MGDB","agonia",1,637
19,"test_MGDB","fond5.jpg",1,1043
19,"test_MGDB","dolore",1,674
19,"test_MGDB","fond7.jpg",1,632
19,"test_MGDB","pace",1,573
22,"practice_MGDB","disastro",1,2154
22,"practice_MGDB","latte5.jpg",1,1271
22,"practice_MGDB","piacere",1,866
22,"practice_MGDB","latte2.jpg",1,1045
22,"practice_MGDB","male",1,964
22,"practice_MGDB","fond7.jpg",1,762
22,"practice_MGDB","felicità",1,697
22,"practice_MGDB","fond4.jpg",1,618
22,"practice_MGDB","schifo",1,659
22,"practice_MGDB","latte1.jpg",1,663
22,"practice_MGDB","gloria",1,1876
22,"practice_MGDB","latte4.jpg",1,600
22,"practice_MGDB","cattivo",1,1703
22,"practice_MGDB","fond1.jpg",1,490
22,"practice_MGDB","orribile",1,516
22,"practice_MGDB","latte7.jpg",1,594
22,"practice_MGDB","odio",1,559
22,"practice_MGDB","latte3.jpg",1,661
22,"practice_MGDB","fallimento",1,1375
22,"practice_MGDB","latte6.jpg",1,1263
22,"test_MGDB","latte2.jpg",1,963
22,"test_MGDB","agonia",1,953
22,"test_MGDB","latte3.jpg",1,647
22,"test_MGDB","terribile",1,654
22,"test_MGDB","fond5.jpg",1,640
22,"test_MGDB","eccellente",1,615
22,"test_MGDB","fond3.jpg",1,608
22,"test_MGDB","pace",1,719
22,"test_MGDB","latte7.jpg",1,773
22,"test_MGDB","bello",1,495
22,"test_MGDB","latte4.jpg",1,464
22,"test_MGDB","stupendo",1,733
22,"test_MGDB","latte5.jpg",1,454
22,"test_MGDB","fastidioso",1,640
22,"test_MGDB","fond6.jpg",1,767
22,"test_MGDB","gioia",1,533
22,"test_MGDB","fond2.jpg",1,783
22,"test_MGDB","amore",1,562
22,"test_MGDB","fond6.jpg",1,505
22,"test_MGDB","ridere",1,566
22,"test_MGDB","fond4.jpg",1,487
22,"test_MGDB","meraviglioso",1,3078
22,"test_MGDB","latte6.jpg",1,673
22,"test_MGDB","nocivo",1,2614
22,"test_MGDB","fond1.jpg",1,564
22,"test_MGDB","dolore",1,1611
22,"test_MGDB","fond3.jpg",1,491
22,"test_MGDB","buono",1,621
22,"test_MGDB","fond2.jpg",1,481
22,"test_MGDB","brutto",0,560
22,"test_MGDB","latte1.jpg",1,3295
22,"test_MGDB","paradiso",1,9292
22,"test_MGDB","fond7.jpg",1,557
22,"test_MGDB","fallimento",1,2501
22,"test_MGDB","fond5.jpg",1,622
22,"test_MGDB","cattivo",1,1903
22,"test_MGDB","fond1.jpg",1,569
22,"test_MGDB","ridere",1,2691
22,"test_MGDB","latte4.jpg",1,737
22,"test_MGDB","paradiso",1,531
22,"practice_DGMB","stupendo",1,1920
22,"practice_DGMB","fond3.jpg",0,821
22,"practice_DGMB","odio",1,10334
22,"practice_DGMB","fond6.jpg",1,3350
22,"practice_DGMB","gloria",1,2166
22,"practice_DGMB","fond4.jpg",1,1090
22,"practice_DGMB","fallimento",1,1692
22,"practice_DGMB","latte7.jpg",1,3843
22,"practice_DGMB","paradiso",0,2973
22,"practice_DGMB","fond5.jpg",1,4443
22,"practice_DGMB","fastidioso",1,916
22,"practice_DGMB","fond2.jpg",0,498
22,"practice_DGMB","schifo",1,1428
22,"practice_DGMB","latte5.jpg",1,1327
22,"practice_DGMB","eccellente",1,1269
22,"practice_DGMB","latte3.jpg",1,3592
22,"practice_DGMB","gioia",1,896
22,"practice_DGMB","fond1.jpg",0,1456
22,"practice_DGMB","amore",1,1793
22,"practice_DGMB","fond7.jpg",1,1014
22,"test_DGMB","latte4.jpg",1,1222
22,"test_DGMB","male",0,2046
22,"test_DGMB","latte1.jpg",1,706
22,"test_DGMB","buono",1,919
22,"test_DGMB","fond7.jpg",1,941
22,"test_DGMB","meraviglioso",1,1166
22,"test_DGMB","latte2.jpg",1,1151
22,"test_DGMB","cattivo",1,2354
22,"test_DGMB","fond4.jpg",0,6430
22,"test_DGMB","agonia",1,2759
22,"test_DGMB","latte6.jpg",1,835
22,"test_DGMB","felicità",1,894
22,"test_DGMB","fond5.jpg",1,1607
22,"test_DGMB","dolore",1,1781
22,"test_DGMB","latte3.jpg",1,1471
22,"test_DGMB","terribile",1,1122
22,"test_DGMB","latte1.jpg",1,832
22,"test_DGMB","disastro",1,708
22,"test_DGMB","fond1.jpg",1,1080
22,"test_DGMB","pace",1,630
22,"test_DGMB","latte5.jpg",1,962
22,"test_DGMB","orribile",1,888
22,"test_DGMB","fond3.jpg",1,1833
22,"test_DGMB","piacere",0,1060
22,"test_DGMB","latte2.jpg",1,3311
22,"test_DGMB","ridere",1,879
22,"test_DGMB","latte4.jpg",0,533
22,"test_DGMB","bello",1,599
22,"test_DGMB","latte6.jpg",1,1678
22,"test_DGMB","buono",1,667
22,"test_DGMB","fond6.jpg",1,1199
22,"test_DGMB","nocivo",1,941
22,"test_DGMB","fond2.jpg",1,681
22,"test_DGMB","brutto",1,1040
22,"test_DGMB","latte7.jpg",1,742
22,"test_DGMB","fallimento",1,1167
22,"test_DGMB","latte5.jpg",1,2800
22,"test_DGMB","nocivo",1,1819
22,"test_DGMB","fond5.jpg",0,3781
22,"test_DGMB","gioia",1,1058
24,"practice_MGDB","stupendo",1,1670
24,"practice_MGDB","latte4.jpg",1,1235
24,"practice_MGDB","amore",1,815
24,"practice_MGDB","latte5.jpg",1,624
24,"practice_MGDB","felicità",1,612
24,"practice_MGDB","fond5.jpg",1,565
24,"practice_MGDB","brutto",1,508
24,"practice_MGDB","fond1.jpg",1,449
24,"practice_MGDB","agonia",1,735
24,"practice_MGDB","fond3.jpg",1,473
24,"practice_MGDB","buono",1,1413
24,"practice_MGDB","fond2.jpg",1,710
24,"practice_MGDB","male",1,834
24,"practice_MGDB","latte1.jpg",1,608
24,"practice_MGDB","dolore",1,671
24,"practice_MGDB","fond6.jpg",1,894
24,"practice_MGDB","odio",1,815
24,"practice_MGDB","latte7.jpg",1,904
24,"practice_MGDB","eccellente",1,1036
24,"practice_MGDB","fond4.jpg",1,626
24,"test_MGDB","latte2.jpg",1,713
24,"test_MGDB","gloria",1,790
24,"test_MGDB","fond7.jpg",1,545
24,"test_MGDB","piacere",1,750
24,"test_MGDB","latte6.jpg",0,634
24,"test_MGDB","disastro",1,798
24,"test_MGDB","fond1.jpg",1,700
24,"test_MGDB","pace",1,1118
24,"test_MGDB","latte3.jpg",1,660
24,"test_MGDB","paradiso",1,605
24,"test_MGDB","fond6.jpg",1,615
24,"test_MGDB","gioia",1,808
24,"test_MGDB","latte4.jpg",1,505
24,"test_MGDB","orribile",1,686
24,"test_MGDB","latte6.jpg",1,647
24,"test_MGDB","fallimento",1,870
24,"test_MGDB","fond7.jpg",1,554
24,"test_MGDB","bello",1,686
24,"test_MGDB","fond5.jpg",1,1127
24,"test_MGDB","meraviglioso",1,941
24,"test_MGDB","latte5.jpg",0,561
24,"test_MGDB","ridere",1,2312
24,"test_MGDB","fond4.jpg",1,1377
24,"test_MGDB","schifo",1,690
24,"test_MGDB","latte7.jpg",1,651
24,"test_MGDB","terribile",1,861
24,"test_MGDB","fond2.jpg",1,968
24,"test_MGDB","cattivo",1,599
24,"test_MGDB","latte1.jpg",1,533
24,"test_MGDB","eccellente",1,519
24,"test_MGDB","latte3.jpg",1,1110
24,"test_MGDB","buono",1,705
24,"test_MGDB","latte2.jpg",1,637
24,"test_MGDB","nocivo",1,628
24,"test_MGDB","latte7.jpg",1,688
24,"test_MGDB","fastidioso",1,1151
24,"test_MGDB","fond3.jpg",1,450
24,"test_MGDB","schifo",1,556
24,"test_MGDB","fond5.jpg",1,427
24,"test_MGDB","male",1,543
24,"practice_DGMB","orribile",1,2075
24,"practice_DGMB","latte5.jpg",1,1023
24,"practice_DGMB","stupendo",1,1867
24,"practice_DGMB","latte4.jpg",1,2557
24,"practice_DGMB","meraviglioso",1,1790
24,"practice_DGMB","latte7.jpg",1,1217
24,"practice_DGMB","ridere",1,977
24,"practice_DGMB","fond7.jpg",1,1370
24,"practice_DGMB","eccellente",1,899
24,"practice_DGMB","latte6.jpg",1,710
24,"practice_DGMB","piacere",1,770
24,"practice_DGMB","fond3.jpg",1,1811
24,"practice_DGMB","buono",1,1979
24,"practice_DGMB","latte1.jpg",1,626
24,"practice_DGMB","nocivo",1,991
24,"practice_DGMB","fond6.jpg",1,1818
24,"practice_DGMB","gloria",1,1026
24,"practice_DGMB","latte3.jpg",1,765
24,"practice_DGMB","gioia",0,812
24,"practice_DGMB","fond5.jpg",1,1341
24,"test_DGMB","latte2.jpg",1,1273
24,"test_DGMB","odio",1,1436
24,"test_DGMB","fond2.jpg",1,922
24,"test_DGMB","pace",1,728
24,"test_DGMB","fond4.jpg",1,793
24,"test_DGMB","disastro",1,925
24,"test_DGMB","latte2.jpg",1,2318
24,"test_DGMB","felicità",1,1163
24,"test_DGMB","fond1.jpg",1,1233
24,"test_DGMB","schifo",1,1092
24,"test_DGMB","latte3.jpg",1,964
24,"test_DGMB","cattivo",1,1347
24,"test_DGMB","latte5.jpg",1,1478
24,"test_DGMB","amore",1,1155
24,"test_DGMB","latte4.jpg",1,921
24,"test_DGMB","terribile",1,1008
24,"test_DGMB","fond6.jpg",1,945
24,"test_DGMB","brutto",1,772
24,"test_DGMB","fond2.jpg",1,893
24,"test_DGMB","bello",1,1087
24,"test_DGMB","fond3.jpg",1,911
24,"test_DGMB","paradiso",1,1643
24,"test_DGMB","latte1.jpg",1,552
24,"test_DGMB","fallimento",1,1141
24,"test_DGMB","latte7.jpg",1,544
24,"test_DGMB","agonia",1,652
24,"test_DGMB","fond1.jpg",1,670
24,"test_DGMB","dolore",1,746
24,"test_DGMB","fond5.jpg",1,1094
24,"test_DGMB","amore",1,838
24,"test_DGMB","latte6.jpg",1,653
24,"test_DGMB","fastidioso",1,1342
24,"test_DGMB","fond7.jpg",1,857
24,"test_DGMB","male",1,2962
24,"test_DGMB","latte4.jpg",1,1078
24,"test_DGMB","agonia",1,1796
24,"test_DGMB","fond4.jpg",1,1281
24,"test_DGMB","gloria",1,951
24,"test_DGMB","fond2.jpg",1,682
24,"test_DGMB","schifo",1,1137
31,"practice_MGDB","gioia",1,1264
31,"practice_MGDB","latte5.jpg",1,3659
31,"practice_MGDB","piacere",1,2768
31,"practice_MGDB","latte6.jpg",1,1110
31,"practice_MGDB","gloria",1,698
31,"practice_MGDB","latte7.jpg",1,1557
31,"practice_MGDB","terribile",0,6187
31,"practice_MGDB","fond1.jpg",1,3678
31,"practice_MGDB","felicità",1,3278
31,"practice_MGDB","fond5.jpg",0,2041
31,"practice_MGDB","stupendo",1,1166
31,"practice_MGDB","latte1.jpg",0,1590
31,"practice_MGDB","buono",1,1961
31,"practice_MGDB","fond7.jpg",0,1558
31,"practice_MGDB","odio",1,3915
31,"practice_MGDB","latte4.jpg",0,2322
31,"practice_MGDB","dolore",1,1070
31,"practice_MGDB","latte3.jpg",0,1242
31,"practice_MGDB","agonia",1,680
31,"practice_MGDB","fond3.jpg",0,1478
31,"test_MGDB","fond2.jpg",0,1008
31,"test_MGDB","male",1,1006
31,"test_MGDB","latte2.jpg",0,1006
31,"test_MGDB","orribile",1,3413
31,"test_MGDB","fond4.jpg",0,2202
31,"test_MGDB","ridere",1,1054
31,"test_MGDB","fond6.jpg",0,1607
31,"test_MGDB","fastidioso",1,3765
31,"test_MGDB","latte3.jpg",0,1639
31,"test_MGDB","paradiso",1,2684
31,"test_MGDB","latte2.jpg",1,1207
31,"test_MGDB","schifo",1,1190
31,"test_MGDB","fond2.jpg",0,585
31,"test_MGDB","brutto",1,5101
31,"test_MGDB","fond6.jpg",0,591
31,"test_MGDB","cattivo",0,2860
31,"test_MGDB","latte1.jpg",0,1802
31,"test_MGDB","pace",1,1383
31,"test_MGDB","latte4.jpg",0,746
31,"test_MGDB","fallimento",1,942
31,"test_MGDB","fond4.jpg",0,2905
31,"test_MGDB","meraviglioso",1,951
31,"test_MGDB","latte5.jpg",1,3501
31,"test_MGDB","disastro",1,2539
31,"test_MGDB","latte7.jpg",1,2305
31,"test_MGDB","amore",1,1123
31,"test_MGDB","fond1.jpg",0,2617
31,"test_MGDB","bello",1,696
31,"test_MGDB","fond3.jpg",0,1881
31,"test_MGDB","nocivo",1,2134
31,"test_MGDB","fond7.jpg",0,1933
31,"test_MGDB","eccellente",1,908
31,"test_MGDB","latte6.jpg",0,856
31,"test_MGDB","gioia",1,3369
31,"test_MGDB","latte7.jpg",1,854
31,"test_MGDB","terribile",1,2256
31,"test_MGDB","fond5.jpg",1,1126
31,"test_MGDB","schifo",1,2605
31,"test_MGDB","fond3.jpg",0,1480
31,"test_MGDB","stupendo",1,1998
31,"practice_DGMB","schifo",1,1559
31,"practice_DGMB","fond6.jpg",1,740
31,"practice_DGMB","pace",1,2446
31,"practice_DGMB","latte7.jpg",0,1724
31,"practice_DGMB","male",1,761
31,"practice_DGMB","latte1.jpg",1,784
31,"practice_DGMB","bello",1,948
31,"practice_DGMB","fond7.jpg",1,495
31,"practice_DGMB","amore",1,2041
31,"practice_DGMB","latte2.jpg",1,678
31,"practice_DGMB","stupendo",1,749
31,"practice_DGMB","latte5.jpg",1,568
31,"practice_DGMB","disastro",1,1567
31,"practice_DGMB","fond5.jpg",1,567
31,"practice_DGMB","gioia",1,654
31,"practice_DGMB","latte4.jpg",1,672
31,"practice_DGMB","cattivo",1,932
31,"practice_DGMB","fond2.jpg",1,637
31,"practice_DGMB","agonia",1,1276
31,"practice_DGMB","fond4.jpg",1,481
31,"test_DGMB","latte6.jpg",1,584
31,"test_DGMB","dolore",1,757
31,"test_DGMB","latte3.jpg",1,547
31,"test_DGMB","orribile",1,3567
31,"test_DGMB","fond1.jpg",1,506
31,"test_DGMB","eccellente",1,518
31,"test_DGMB","fond3.jpg",1,573
31,"test_DGMB","buono",1,535
31,"test_DGMB","fond3.jpg",1,408
31,"test_DGMB","gloria",1,687
31,"test_DGMB","fond4.jpg",1,425
31,"test_DGMB","piacere",1,893
31,"test_DGMB","fond1.jpg",1,462
31,"test_DGMB","paradiso",1,466
31,"test_DGMB","latte2.jpg",1,815
31,"test_DGMB","felicità",1,584
31,"test_DGMB","latte6.jpg",1,1132
31,"test_DGMB","meraviglioso",1,821
31,"test_DGMB","latte1.jpg",1,1545
31,"test_DGMB","ridere",1,380
31,"test_DGMB","latte3.jpg",1,728
31,"test_DGMB","odio",0,1343
31,"test_DGMB","fond7.jpg",1,498
31,"test_DGMB","nocivo",1,1499
31,"test_DGMB","latte7.jpg",1,614
31,"test_DGMB","terribile",0,712
31,"test_DGMB","latte5.jpg",1,598
31,"test_DGMB","fallimento",1,829
31,"test_DGMB","fond2.jpg",1,537
31,"test_DGMB","amore",1,667
31,"test_DGMB","fond6.jpg",1,439
31,"test_DGMB","fastidioso",1,2630
31,"test_DGMB","latte4.jpg",1,991
31,"test_DGMB","gioia",1,851
31,"test_DGMB","fond5.jpg",1,820
31,"test_DGMB","brutto",1,1357
31,"test_DGMB","latte6.jpg",1,650
31,"test_DGMB","orribile",1,676
31,"test_DGMB","fond7.jpg",1,1507
31,"test_DGMB","agonia",1,902
32,"practice_MGDB","ridere",1,674
32,"practice_MGDB","latte6.jpg",1,417
32,"practice_MGDB","paradiso",1,459
32,"practice_MGDB","latte5.jpg",1,431
32,"practice_MGDB","schifo",0,412
32,"practice_MGDB","fond2.jpg",1,573
32,"practice_MGDB","stupendo",1,647
32,"practice_MGDB","fond5.jpg",1,584
32,"practice_MGDB","fastidioso",1,1716
32,"practice_MGDB","fond4.jpg",1,498
32,"practice_MGDB","orribile",1,499
32,"practice_MGDB","fond1.jpg",1,440
32,"practice_MGDB","male",1,487
32,"practice_MGDB","fond7.jpg",1,456
32,"practice_MGDB","cattivo",1,506
32,"practice_MGDB","fond3.jpg",1,574
32,"practice_MGDB","eccellente",1,760
32,"practice_MGDB","latte7.jpg",1,414
32,"practice_MGDB","agonia",0,1120
32,"practice_MGDB","fond6.jpg",1,670
32,"test_MGDB","fond2.jpg",1,2262
32,"test_MGDB","terribile",1,885
32,"test_MGDB","latte3.jpg",1,566
32,"test_MGDB","odio",1,565
32,"test_MGDB","latte4.jpg",1,527
32,"test_MGDB","bello",1,574
32,"test_MGDB","latte2.jpg",1,447
32,"test_MGDB","nocivo",1,582
32,"test_MGDB","latte1.jpg",0,506
32,"test_MGDB","disastro",1,727
32,"test_MGDB","latte4.jpg",1,696
32,"test_MGDB","pace",1,482
32,"test_MGDB","fond3.jpg",1,600
32,"test_MGDB","gioia",1,1207
32,"test_MGDB","fond5.jpg",1,752
32,"test_MGDB","felicità",1,548
32,"test_MGDB","latte5.jpg",1,544
32,"test_MGDB","meraviglioso",1,580
32,"test_MGDB","latte2.jpg",1,385
32,"test_MGDB","brutto",1,605
32,"test_MGDB","latte1.jpg",1,670
32,"test_MGDB","fallimento",1,923
32,"test_MGDB","fond4.jpg",1,633
32,"test_MGDB","gloria",1,733
32,"test_MGDB","latte6.jpg",1,470
32,"test_MGDB","buono",1,403
32,"test_MGDB","latte7.jpg",1,402
32,"test_MGDB","dolore",1,745
32,"test_MGDB","fond1.jpg",1,445
32,"test_MGDB","piacere",1,884
32,"test_MGDB","fond7.jpg",1,578
32,"test_MGDB","amore",1,620
32,"test_MGDB","latte3.jpg",1,624
32,"test_MGDB","odio",1,748
32,"test_MGDB","latte4.jpg",1,600
32,"test_MGDB","gloria",1,847
32,"test_MGDB","fond6.jpg",1,632
32,"test_MGDB","dolore",1,596
32,"test_MGDB","fond6.jpg",1,491
32,"test_MGDB","stupendo",1,589
32,"practice_DGMB","piacere",1,1319
32,"practice_DGMB","fond6.jpg",1,397
32,"practice_DGMB","nocivo",1,596
32,"practice_DGMB","latte7.jpg",1,483
32,"practice_DGMB","pace",0,570
32,"practice_DGMB","latte4.jpg",1,1436
32,"practice_DGMB","paradiso",0,767
32,"practice_DGMB","fond1.jpg",1,56
32,"practice_DGMB","odio",1,1874
32,"practice_DGMB","latte1.jpg",1,575
32,"practice_DGMB","fallimento",1,744
32,"practice_DGMB","latte3.jpg",1,668
32,"practice_DGMB","cattivo",1,608
32,"practice_DGMB","fond5.jpg",1,930
32,"practice_DGMB","stupendo",1,595
32,"practice_DGMB","fond7.jpg",1,522
32,"practice_DGMB","bello",1,457
32,"practice_DGMB","latte5.jpg",1,642
32,"practice_DGMB","agonia",1,682
32,"practice_DGMB","fond2.jpg",1,1144
32,"test_DGMB","fond3.jpg",1,777
32,"test_DGMB","schifo",1,642
32,"test_DGMB","latte6.jpg",1,625
32,"test_DGMB","amore",0,653
32,"test_DGMB","latte2.jpg",0,1063
32,"test_DGMB","male",1,1087
32,"test_DGMB","fond4.jpg",1,768
32,"test_DGMB","buono",1,911
32,"test_DGMB","latte7.jpg",1,690
32,"test_DGMB","gloria",1,684
32,"test_DGMB","fond4.jpg",1,762
32,"test_DGMB","dolore",1,681
32,"test_DGMB","fond1.jpg",0,696
32,"test_DGMB","disastro",1,1881
32,"test_DGMB","fond3.jpg",1,990
32,"test_DGMB","meraviglioso",1,882
32,"test_DGMB","latte4.jpg",1,1232
32,"test_DGMB","felicità",1,1299
32,"test_DGMB","latte1.jpg",1,2118
32,"test_DGMB","ridere",1,747
32,"test_DGMB","fond6.jpg",1,479
32,"test_DGMB","brutto",1,998
32,"test_DGMB","latte2.jpg",1,508
32,"test_DGMB","terribile",1,569
32,"test_DGMB","fond5.jpg",1,578
32,"test_DGMB","orribile",1,1019
32,"test_DGMB","latte5.jpg",1,967
32,"test_DGMB","fastidioso",1,533
32,"test_DGMB","fond2.jpg",1,663
32,"test_DGMB","dolore",1,931
32,"test_DGMB","fond7.jpg",1,756
32,"test_DGMB","eccellente",1,1027
32,"test_DGMB","latte6.jpg",1,806
32,"test_DGMB","gioia",1,789
32,"test_DGMB","latte3.jpg",1,961
32,"test_DGMB","buono",1,967
32,"test_DGMB","latte1.jpg",1,1104
32,"test_DGMB","piacere",1,843
32,"test_DGMB","fond5.jpg",1,586
32,"test_DGMB","brutto",1,782
33,"practice_DGMB","terribile",1,1346
33,"practice_DGMB","fond7.jpg",1,877
33,"practice_DGMB","amore",1,2523
33,"practice_DGMB","latte5.jpg",0,1271
33,"practice_DGMB","eccellente",1,2639
33,"practice_DGMB","latte2.jpg",1,995
33,"practice_DGMB","felicità",1,959
33,"practice_DGMB","latte7.jpg",1,1541
33,"practice_DGMB","dolore",1,1605
33,"practice_DGMB","latte1.jpg",1,1053
33,"practice_DGMB","fallimento",1,1526
33,"practice_DGMB","fond1.jpg",1,1246
33,"practice_DGMB","paradiso",1,1060
33,"practice_DGMB","latte4.jpg",1,895
33,"practice_DGMB","stupendo",1,1680
33,"practice_DGMB","latte6.jpg",1,885
33,"practice_DGMB","disastro",1,1116
33,"practice_DGMB","fond6.jpg",1,730
33,"practice_DGMB","meraviglioso",1,916
33,"practice_DGMB","fond4.jpg",1,570
33,"test_DGMB","fond3.jpg",1,1015
33,"test_DGMB","brutto",1,1056
33,"test_DGMB","fond2.jpg",1,721
33,"test_DGMB","piacere",1,1264
33,"test_DGMB","fond5.jpg",1,603
33,"test_DGMB","bello",1,618
33,"test_DGMB","latte3.jpg",1,662
33,"test_DGMB","nocivo",1,1047
33,"test_DGMB","fond2.jpg",1,479
33,"test_DGMB","orribile",0,735
33,"test_DGMB","latte6.jpg",1,1584
33,"test_DGMB","schifo",1,1410
33,"test_DGMB","fond3.jpg",1,699
33,"test_DGMB","male",1,1444
33,"test_DGMB","latte4.jpg",1,874
33,"test_DGMB","gloria",1,1173
33,"test_DGMB","latte1.jpg",1,614
33,"test_DGMB","gioia",1,1312
33,"test_DGMB","latte5.jpg",1,866
33,"test_DGMB","agonia",1,2006
33,"test_DGMB","fond4.jpg",1,782
33,"test_DGMB","cattivo",1,895
33,"test_DGMB","fond1.jpg",1,568
33,"test_DGMB","odio",1,1399
33,"test_DGMB","latte3.jpg",1,756
33,"test_DGMB","fastidioso",1,1035
33,"test_DGMB","latte2.jpg",1,1001
33,"test_DGMB","male",1,866
33,"test_DGMB","latte7.jpg",1,710
33,"test_DGMB","pace",1,1314
33,"test_DGMB","fond7.jpg",1,1376
33,"test_DGMB","buono",1,640
33,"test_DGMB","fond5.jpg",1,367
33,"test_DGMB","dolore",1,718
33,"test_DGMB","fond6.jpg",1,572
33,"test_DGMB","ridere",1,1022
33,"test_DGMB","fond7.jpg",1,378
33,"test_DGMB","pace",1,612
33,"test_DGMB","latte6.jpg",1,629
33,"test_DGMB","gioia",1,801
33,"practice_MGDB","eccellente",1,1415
33,"practice_MGDB","latte5.jpg",1,521
33,"practice_MGDB","stupendo",1,488
33,"practice_MGDB","latte3.jpg",1,618
33,"practice_MGDB","fallimento",1,771
33,"practice_MGDB","latte6.jpg",1,845
33,"practice_MGDB","odio",1,803
33,"practice_MGDB","latte2.jpg",1,554
33,"practice_MGDB","ridere",1,2054
33,"practice_MGDB","fond7.jpg",1,589
33,"practice_MGDB","cattivo",1,698
33,"practice_MGDB","latte4.jpg",1,605
33,"practice_MGDB","buono",1,588
33,"practice_MGDB","fond5.jpg",1,536
33,"practice_MGDB","male",0,642
33,"practice_MGDB","latte7.jpg",1,1593
33,"practice_MGDB","amore",1,1820
33,"practice_MGDB","fond1.jpg",1,534
33,"practice_MGDB","dolore",1,624
33,"practice_MGDB","fond2.jpg",1,404
33,"test_MGDB","latte1.jpg",1,675
33,"test_MGDB","bello",1,583
33,"test_MGDB","fond6.jpg",1,596
33,"test_MGDB","schifo",1,579
33,"test_MGDB","fond3.jpg",1,471
33,"test_MGDB","gloria",1,515
33,"test_MGDB","fond4.jpg",1,786
33,"test_MGDB","terribile",1,726
33,"test_MGDB","fond1.jpg",1,375
33,"test_MGDB","pace",1,641
33,"test_MGDB","latte3.jpg",1,568
33,"test_MGDB","meraviglioso",1,1047
33,"test_MGDB","fond2.jpg",1,543
33,"test_MGDB","orribile",1,908
33,"test_MGDB","latte7.jpg",1,544
33,"test_MGDB","brutto",1,988
33,"test_MGDB","latte5.jpg",1,487
33,"test_MGDB","paradiso",1,718
33,"test_MGDB","latte6.jpg",1,549
33,"test_MGDB","nocivo",1,657
33,"test_MGDB","fond3.jpg",1,498
33,"test_MGDB","agonia",0,524
33,"test_MGDB","latte4.jpg",1,814
33,"test_MGDB","gioia",1,2503
33,"test_MGDB","latte2.jpg",1,416
33,"test_MGDB","disastro",1,562
33,"test_MGDB","fond4.jpg",1,393
33,"test_MGDB","fastidioso",1,558
33,"test_MGDB","fond5.jpg",1,365
33,"test_MGDB","piacere",1,460
33,"test_MGDB","fond6.jpg",1,632
33,"test_MGDB","felicità",1,788
33,"test_MGDB","fond7.jpg",1,456
33,"test_MGDB","dolore",1,1050
33,"test_MGDB","fond4.jpg",1,403
33,"test_MGDB","gioia",1,602
33,"test_MGDB","latte1.jpg",1,449
33,"test_MGDB","stupendo",1,562
33,"test_MGDB","latte2.jpg",1,401
33,"test_MGDB","terribile",1,584
37,"practice_MGDB","agonia",1,789
37,"practice_MGDB","latte7.jpg",1,619
37,"practice_MGDB","stupendo",1,597
37,"practice_MGDB","fond4.jpg",1,1139
37,"practice_MGDB","fallimento",1,604
37,"practice_MGDB","latte6.jpg",1,526
37,"practice_MGDB","brutto",1,653
37,"practice_MGDB","latte1.jpg",1,510
37,"practice_MGDB","amore",1,570
37,"practice_MGDB","fond2.jpg",1,532
37,"practice_MGDB","eccellente",1,533
37,"practice_MGDB","fond5.jpg",1,591
37,"practice_MGDB","meraviglioso",1,587
37,"practice_MGDB","latte4.jpg",1,519
37,"practice_MGDB","orribile",1,567
37,"practice_MGDB","latte2.jpg",1,501
37,"practice_MGDB","fastidioso",1,567
37,"practice_MGDB","fond6.jpg",1,585
37,"practice_MGDB","felicità",1,517
37,"practice_MGDB","latte3.jpg",1,509
37,"test_MGDB","fond3.jpg",1,547
37,"test_MGDB","piacere",1,1087
37,"test_MGDB","fond7.jpg",1,552
37,"test_MGDB","paradiso",1,548
37,"test_MGDB","latte5.jpg",1,560
37,"test_MGDB","pace",1,431
37,"test_MGDB","fond1.jpg",1,518
37,"test_MGDB","gloria",1,573
37,"test_MGDB","latte7.jpg",1,487
37,"test_MGDB","cattivo",1,798
37,"test_MGDB","latte5.jpg",1,516
37,"test_MGDB","buono",1,507
37,"test_MGDB","latte4.jpg",1,1088
37,"test_MGDB","odio",1,606
37,"test_MGDB","fond4.jpg",1,655
37,"test_MGDB","ridere",1,721
37,"test_MGDB","latte6.jpg",1,479
37,"test_MGDB","terribile",1,566
37,"test_MGDB","fond6.jpg",1,504
37,"test_MGDB","male",1,668
37,"test_MGDB","fond5.jpg",1,544
37,"test_MGDB","nocivo",1,565
37,"test_MGDB","fond7.jpg",1,478
37,"test_MGDB","dolore",1,565
37,"test_MGDB","fond3.jpg",1,647
37,"test_MGDB","bello",1,733
37,"test_MGDB","latte1.jpg",1,463
37,"test_MGDB","gioia",1,475
37,"test_MGDB","fond1.jpg",1,594
37,"test_MGDB","disastro",1,494
37,"test_MGDB","fond2.jpg",1,480
37,"test_MGDB","schifo",1,511
37,"test_MGDB","latte2.jpg",1,526
37,"test_MGDB","fallimento",1,757
37,"test_MGDB","latte3.jpg",1,548
37,"test_MGDB","eccellente",0,504
37,"test_MGDB","fond3.jpg",1,636
37,"test_MGDB","dolore",0,579
37,"test_MGDB","latte5.jpg",1,855
37,"test_MGDB","pace",1,512
37,"practice_DGMB","bello",1,1302
37,"practice_DGMB","fond5.jpg",1,1129
37,"practice_DGMB","paradiso",1,591
37,"practice_DGMB","latte3.jpg",1,710
37,"practice_DGMB","eccellente",1,666
37,"practice_DGMB","latte5.jpg",0,1142
37,"practice_DGMB","felicità",1,1007
37,"practice_DGMB","fond4.jpg",1,927
37,"practice_DGMB","orribile",1,774
37,"practice_DGMB","fond1.jpg",0,1415
37,"practice_DGMB","fastidioso",1,1583
37,"practice_DGMB","fond3.jpg",1,1146
37,"practice_DGMB","male",1,973
37,"practice_DGMB","latte4.jpg",1,1374
37,"practice_DGMB","fallimento",1,1175
37,"practice_DGMB","fond6.jpg",1,2295
37,"practice_DGMB","stupendo",1,782
37,"practice_DGMB","latte1.jpg",1,898
37,"practice_DGMB","schifo",1,1787
37,"practice_DGMB","latte6.jpg",1,869
37,"test_DGMB","fond7.jpg",0,1231
37,"test_DGMB","nocivo",1,1978
37,"test_DGMB","fond2.jpg",1,666
37,"test_DGMB","meraviglioso",1,1358
37,"test_DGMB","fond2.jpg",1,555
37,"test_DGMB","dolore",1,786
37,"test_DGMB","latte7.jpg",1,654
37,"test_DGMB","brutto",1,1608
37,"test_DGMB","latte2.jpg",1,632
37,"test_DGMB","gioia",1,572
37,"test_DGMB","latte3.jpg",1,597
37,"test_DGMB","pace",1,612
37,"test_DGMB","fond7.jpg",1,805
37,"test_DGMB","gloria",1,532
37,"test_DGMB","fond5.jpg",1,558
37,"test_DGMB","agonia",1,612
37,"test_DGMB","fond3.jpg",1,646
37,"test_DGMB","disastro",1,813
37,"test_DGMB","latte1.jpg",0,503
37,"test_DGMB","amore",1,842
37,"test_DGMB","latte4.jpg",1,601
37,"test_DGMB","odio",0,832
37,"test_DGMB","latte7.jpg",1,1238
37,"test_DGMB","terribile",1,956
37,"test_DGMB","fond4.jpg",1,674
37,"test_DGMB","buono",1,862
37,"test_DGMB","latte6.jpg",1,658
37,"test_DGMB","piacere",1,612
37,"test_DGMB","fond1.jpg",0,581
37,"test_DGMB","cattivo",1,791
37,"test_DGMB","fond6.jpg",1,898
37,"test_DGMB","ridere",1,1060
37,"test_DGMB","latte2.jpg",1,559
37,"test_DGMB","cattivo",1,1014
37,"test_DGMB","fond6.jpg",1,855
37,"test_DGMB","meraviglioso",1,880
37,"test_DGMB","latte5.jpg",1,998
37,"test_DGMB","agonia",1,573
37,"test_DGMB","latte5.jpg",1,502
37,"test_DGMB","stupendo",1,579
41,"practice_DGMB","dolore",1,1449
41,"practice_DGMB","fond3.jpg",1,1081
41,"practice_DGMB","male",1,1255
41,"practice_DGMB","latte2.jpg",1,511
41,"practice_DGMB","disastro",1,1148
41,"practice_DGMB","fond4.jpg",1,775
41,"practice_DGMB","meraviglioso",1,1240
41,"practice_DGMB","latte7.jpg",1,670
41,"practice_DGMB","terribile",1,1138
41,"practice_DGMB","latte1.jpg",1,654
41,"practice_DGMB","pace",1,759
41,"practice_DGMB","latte4.jpg",0,526
41,"practice_DGMB","gioia",1,821
41,"practice_DGMB","fond5.jpg",1,776
41,"practice_DGMB","buono",1,1202
41,"practice_DGMB","latte5.jpg",1,616
41,"practice_DGMB","fastidioso",1,577
41,"practice_DGMB","latte6.jpg",1,546
41,"practice_DGMB","agonia",1,599
41,"practice_DGMB","latte3.jpg",1,582
41,"test_DGMB","fond7.jpg",1,491
41,"test_DGMB","eccellente",1,629
41,"test_DGMB","fond6.jpg",1,417
41,"test_DGMB","orribile",1,547
41,"test_DGMB","fond2.jpg",1,536
41,"test_DGMB","schifo",0,569
41,"test_DGMB","fond1.jpg",1,763
41,"test_DGMB","felicità",0,729
41,"test_DGMB","fond2.jpg",1,1050
41,"test_DGMB","nocivo",1,571
41,"test_DGMB","fond4.jpg",0,661
41,"test_DGMB","piacere",0,1046
41,"test_DGMB","latte2.jpg",1,2207
41,"test_DGMB","brutto",0,1068
41,"test_DGMB","fond1.jpg",0,775
41,"test_DGMB","fallimento",1,1480
41,"test_DGMB","fond3.jpg",1,894
41,"test_DGMB","cattivo",1,767
41,"test_DGMB","fond6.jpg",1,712
41,"test_DGMB","gloria",1,1004
41,"test_DGMB","fond7.jpg",1,1098
41,"test_DGMB","ridere",1,555
41,"test_DGMB","latte1.jpg",0,466
41,"test_DGMB","odio",0,646
41,"test_DGMB","latte5.jpg",1,1536
41,"test_DGMB","paradiso",1,616
41,"test_DGMB","fond5.jpg",0,522
41,"test_DGMB","terribile",1,1240
41,"test_DGMB","latte3.jpg",0,758
41,"test_DGMB","amore",1,2237
41,"test_DGMB","latte4.jpg",1,545
41,"test_DGMB","cattivo",1,885
41,"test_DGMB","latte7.jpg",0,1550
41,"test_DGMB","stupendo",1,1577
41,"test_DGMB","latte6.jpg",1,1233
41,"test_DGMB","bello",1,1388
41,"test_DGMB","fond2.jpg",0,831
41,"test_DGMB","gloria",0,1787
41,"test_DGMB","latte6.jpg",1,1285
41,"test_DGMB","pace",1,1395
41,"practice_MGDB","odio",1,447
41,"practice_MGDB","fond5.jpg",1,377
41,"practice_MGDB","male",1,843
41,"practice_MGDB","fond3.jpg",1,385
41,"practice_MGDB","terribile",1,438
41,"practice_MGDB","fond2.jpg",1,357
41,"practice_MGDB","dolore",1,340
41,"practice_MGDB","fond1.jpg",1,337
41,"practice_MGDB","eccellente",1,555
41,"practice_MGDB","latte7.jpg",1,490
41,"practice_MGDB","brutto",0,443
41,"practice_MGDB","latte5.jpg",1,1290
41,"practice_MGDB","orribile",1,683
41,"practice_MGDB","latte3.jpg",1,570
41,"practice_MGDB","disastro",1,891
41,"practice_MGDB","fond4.jpg",1,516
41,"practice_MGDB","schifo",1,515
41,"practice_MGDB","latte6.jpg",1,458
41,"practice_MGDB","amore",0,1188
41,"practice_MGDB","fond7.jpg",0,1335
41,"test_MGDB","fond6.jpg",1,720
41,"test_MGDB","gloria",1,582
41,"test_MGDB","fond2.jpg",1,571
41,"test_MGDB","agonia",1,613
41,"test_MGDB","latte2.jpg",1,542
41,"test_MGDB","gioia",1,567
41,"test_MGDB","fond6.jpg",1,545
41,"test_MGDB","meraviglioso",1,709
41,"test_MGDB","latte4.jpg",1,641
41,"test_MGDB","stupendo",1,680
41,"test_MGDB","fond7.jpg",1,559
41,"test_MGDB","pace",1,582
41,"test_MGDB","latte1.jpg",1,554
41,"test_MGDB","felicità",1,470
41,"test_MGDB","latte1.jpg",1,530
41,"test_MGDB","bello",1,484
41,"test_MGDB","latte2.jpg",1,526
41,"test_MGDB","buono",1,501
41,"test_MGDB","latte6.jpg",1,513
41,"test_MGDB","ridere",1,510
41,"test_MGDB","fond1.jpg",1,490
41,"test_MGDB","fallimento",1,548
41,"test_MGDB","latte4.jpg",1,544
41,"test_MGDB","paradiso",1,516
41,"test_MGDB","latte3.jpg",1,475
41,"test_MGDB","cattivo",1,487
41,"test_MGDB","latte7.jpg",1,513
41,"test_MGDB","piacere",1,589
41,"test_MGDB","latte5.jpg",1,489
41,"test_MGDB","nocivo",1,483
41,"test_MGDB","fond3.jpg",1,554
41,"test_MGDB","fastidioso",0,607
41,"test_MGDB","latte5.jpg",1,536
41,"test_MGDB","stupendo",1,594
41,"test_MGDB","fond4.jpg",1,504
41,"test_MGDB","meraviglioso",1,701
41,"test_MGDB","fond5.jpg",1,545
41,"test_MGDB","fallimento",0,445
41,"test_MGDB","fond5.jpg",1,447
41,"test_MGDB","orribile",1,558
45,"practice_MGDB","meraviglioso",1,632
45,"practice_MGDB","fond5.jpg",1,591
45,"practice_MGDB","male",1,563
45,"practice_MGDB","fond2.jpg",1,554
45,"practice_MGDB","odio",1,414
45,"practice_MGDB","fond6.jpg",1,376
45,"practice_MGDB","pace",1,458
45,"practice_MGDB","latte4.jpg",1,374
45,"practice_MGDB","paradiso",1,480
45,"practice_MGDB","fond4.jpg",1,487
45,"practice_MGDB","buono",1,622
45,"practice_MGDB","fond7.jpg",1,570
45,"practice_MGDB","nocivo",1,748
45,"practice_MGDB","fond3.jpg",1,431
45,"practice_MGDB","schifo",1,476
45,"practice_MGDB","fond1.jpg",1,411
45,"practice_MGDB","amore",1,389
45,"practice_MGDB","latte6.jpg",1,345
45,"practice_MGDB","brutto",1,550
45,"practice_MGDB","latte1.jpg",1,642
45,"test_MGDB","latte2.jpg",1,769
45,"test_MGDB","agonia",1,651
45,"test_MGDB","latte5.jpg",1,484
45,"test_MGDB","piacere",1,571
45,"test_MGDB","latte3.jpg",1,445
45,"test_MGDB","terribile",1,460
45,"test_MGDB","fond2.jpg",1,352
45,"test_MGDB","fallimento",1,524
45,"test_MGDB","latte7.jpg",1,438
45,"test_MGDB","eccellente",1,429
45,"test_MGDB","latte2.jpg",1,434
45,"test_MGDB","felicità",1,478
45,"test_MGDB","latte7.jpg",1,437
45,"test_MGDB","gloria",1,396
45,"test_MGDB","fond6.jpg",1,539
45,"test_MGDB","fastidioso",1,597
45,"test_MGDB","latte6.jpg",1,532
45,"test_MGDB","ridere",1,518
45,"test_MGDB","latte4.jpg",1,436
45,"test_MGDB","disastro",1,580
45,"test_MGDB","fond4.jpg",1,384
45,"test_MGDB","stupendo",1,428
45,"test_MGDB","fond1.jpg",1,665
45,"test_MGDB","cattivo",0,413
45,"test_MGDB","fond7.jpg",1,822
45,"test_MGDB","dolore",1,426
45,"test_MGDB","latte5.jpg",1,415
45,"test_MGDB","orribile",1,489
45,"test_MGDB","latte1.jpg",1,482
45,"test_MGDB","bello",0,521
45,"test_MGDB","fond3.jpg",1,592
45,"test_MGDB","gioia",1,493
45,"test_MGDB","latte3.jpg",1,494
45,"test_MGDB","pace",1,664
45,"test_MGDB","fond5.jpg",1,460
45,"test_MGDB","odio",1,606
45,"test_MGDB","latte3.jpg",1,463
45,"test_MGDB","agonia",0,636
45,"test_MGDB","fond3.jpg",1,874
45,"test_MGDB","stupendo",1,870
45,"practice_DGMB","stupendo",1,2415
45,"practice_DGMB","latte7.jpg",1,1526
45,"practice_DGMB","cattivo",1,2859
45,"practice_DGMB","fond5.jpg",1,1777
45,"practice_DGMB","disastro",1,1433
45,"practice_DGMB","fond4.jpg",0,654
45,"practice_DGMB","buono",1,984
45,"practice_DGMB","latte1.jpg",1,2155
45,"practice_DGMB","paradiso",1,2173
45,"practice_DGMB","latte2.jpg",1,2900
45,"practice_DGMB","fallimento",1,1130
45,"practice_DGMB","fond1.jpg",1,883
45,"practice_DGMB","ridere",1,1393
45,"practice_DGMB","fond3.jpg",0,1207
45,"practice_DGMB","terribile",1,1701
45,"practice_DGMB","latte3.jpg",0,959
45,"practice_DGMB","gioia",1,2198
45,"practice_DGMB","latte5.jpg",1,1514
45,"practice_DGMB","orribile",1,821
45,"practice_DGMB","latte6.jpg",0,1561
45,"test_DGMB","latte4.jpg",1,1658
45,"test_DGMB","male",1,634
45,"test_DGMB","fond6.jpg",1,777
45,"test_DGMB","gloria",1,538
45,"test_DGMB","latte1.jpg",1,670
45,"test_DGMB","brutto",1,547
45,"test_DGMB","fond7.jpg",1,583
45,"test_DGMB","amore",1,555
45,"test_DGMB","fond2.jpg",1,1546
45,"test_DGMB","fastidioso",1,597
45,"test_DGMB","fond2.jpg",1,1387
45,"test_DGMB","agonia",1,742
45,"test_DGMB","latte3.jpg",1,490
45,"test_DGMB","pace",1,524
45,"test_DGMB","latte6.jpg",1,557
45,"test_DGMB","eccellente",1,1853
45,"test_DGMB","fond3.jpg",1,2900
45,"test_DGMB","schifo",1,722
45,"test_DGMB","fond5.jpg",1,569
45,"test_DGMB","piacere",1,618
45,"test_DGMB","latte4.jpg",0,958
45,"test_DGMB","bello",1,693
45,"test_DGMB","latte2.jpg",1,734
45,"test_DGMB","nocivo",1,711
45,"test_DGMB","latte5.jpg",1,582
45,"test_DGMB","felicità",1,554
45,"test_DGMB","latte7.jpg",0,673
45,"test_DGMB","meraviglioso",1,1605
45,"test_DGMB","fond7.jpg",0,826
45,"test_DGMB","odio",1,1510
45,"test_DGMB","fond4.jpg",1,953
45,"test_DGMB","paradiso",1,1509
45,"test_DGMB","fond1.jpg",1,1280
45,"test_DGMB","stupendo",1,981
45,"test_DGMB","latte4.jpg",1,513
45,"test_DGMB","dolore",1,685
45,"test_DGMB","fond6.jpg",0,631
45,"test_DGMB","dolore",1,1187
45,"test_DGMB","fond2.jpg",1,614
45,"test_DGMB","fastidioso",1,712
38,"practice_MGDB","felicità",1,915
38,"practice_MGDB","fond6.jpg",1,842
38,"practice_MGDB","amore",1,800
38,"practice_MGDB","latte1.jpg",1,767
38,"practice_MGDB","buono",1,1045
38,"practice_MGDB","latte4.jpg",1,574
38,"practice_MGDB","dolore",1,568
38,"practice_MGDB","fond1.jpg",1,433
38,"practice_MGDB","disastro",1,982
38,"practice_MGDB","fond2.jpg",1,409
38,"practice_MGDB","terribile",1,547
38,"practice_MGDB","fond4.jpg",1,511
38,"practice_MGDB","gioia",1,516
38,"practice_MGDB","latte2.jpg",1,467
38,"practice_MGDB","ridere",1,911
38,"practice_MGDB","fond7.jpg",1,826
38,"practice_MGDB","piacere",1,775
38,"practice_MGDB","latte7.jpg",1,520
38,"practice_MGDB","orribile",1,959
38,"practice_MGDB","fond5.jpg",1,461
38,"test_MGDB","fond3.jpg",1,569
38,"test_MGDB","pace",1,1035
38,"test_MGDB","fond4.jpg",1,657
38,"test_MGDB","meraviglioso",1,794
38,"test_MGDB","latte3.jpg",1,481
38,"test_MGDB","gloria",1,544
38,"test_MGDB","fond3.jpg",1,604
38,"test_MGDB","male",1,739
38,"test_MGDB","fond7.jpg",1,471
38,"test_MGDB","schifo",1,723
38,"test_MGDB","latte6.jpg",1,610
38,"test_MGDB","brutto",1,875
38,"test_MGDB","latte5.jpg",1,658
38,"test_MGDB","fastidioso",1,907
38,"test_MGDB","latte2.jpg",1,543
38,"test_MGDB","cattivo",1,547
38,"test_MGDB","fond2.jpg",1,447
38,"test_MGDB","bello",1,535
38,"test_MGDB","fond6.jpg",1,568
38,"test_MGDB","odio",1,1023
38,"test_MGDB","latte6.jpg",1,570
38,"test_MGDB","paradiso",1,1140
38,"test_MGDB","latte7.jpg",1,751
38,"test_MGDB","fallimento",1,523
38,"test_MGDB","latte3.jpg",1,666
38,"test_MGDB","agonia",1,623
38,"test_MGDB","fond1.jpg",1,451
38,"test_MGDB","eccellente",1,724
38,"test_MGDB","latte4.jpg",1,722
38,"test_MGDB","stupendo",1,570
38,"test_MGDB","latte1.jpg",1,443
38,"test_MGDB","piacere",1,522
38,"test_MGDB","fond5.jpg",1,473
38,"test_MGDB","eccellente",1,806
38,"test_MGDB","latte5.jpg",1,455
38,"test_MGDB","nocivo",1,577
38,"test_MGDB","latte6.jpg",1,594
38,"test_MGDB","fallimento",1,622
38,"test_MGDB","fond6.jpg",1,370
38,"test_MGDB","schifo",1,812
38,"practice_DGMB","dolore",1,2155
38,"practice_DGMB","fond7.jpg",1,1535
38,"practice_DGMB","gloria",0,1479
38,"practice_DGMB","fond3.jpg",1,2437
38,"practice_DGMB","piacere",1,2030
38,"practice_DGMB","latte6.jpg",1,1800
38,"practice_DGMB","pace",1,1709
38,"practice_DGMB","fond4.jpg",1,1719
38,"practice_DGMB","felicità",1,2069
38,"practice_DGMB","latte4.jpg",1,1023
38,"practice_DGMB","brutto",1,1698
38,"practice_DGMB","fond2.jpg",1,1570
38,"practice_DGMB","agonia",1,1135
38,"practice_DGMB","latte3.jpg",1,1272
38,"practice_DGMB","bello",1,2435
38,"practice_DGMB","fond5.jpg",1,951
38,"practice_DGMB","stupendo",1,1571
38,"practice_DGMB","latte5.jpg",1,1467
38,"practice_DGMB","amore",1,1598
38,"practice_DGMB","latte2.jpg",1,819
38,"test_DGMB","latte1.jpg",1,1146
38,"test_DGMB","terribile",0,1174
38,"test_DGMB","fond1.jpg",1,1646
38,"test_DGMB","meraviglioso",1,1539
38,"test_DGMB","fond6.jpg",1,989
38,"test_DGMB","male",1,818
38,"test_DGMB","fond1.jpg",1,1454
38,"test_DGMB","odio",1,1206
38,"test_DGMB","fond6.jpg",1,846
38,"test_DGMB","ridere",1,1669
38,"test_DGMB","fond3.jpg",1,527
38,"test_DGMB","paradiso",1,590
38,"test_DGMB","fond4.jpg",1,642
38,"test_DGMB","fastidioso",1,841
38,"test_DGMB","latte7.jpg",1,1112
38,"test_DGMB","fallimento",1,1451
38,"test_DGMB","fond5.jpg",1,915
38,"test_DGMB","schifo",1,1647
38,"test_DGMB","latte3.jpg",1,1007
38,"test_DGMB","orribile",1,1381
38,"test_DGMB","latte5.jpg",1,1000
38,"test_DGMB","eccellente",1,798
38,"test_DGMB","fond7.jpg",1,485
38,"test_DGMB","buono",1,868
38,"test_DGMB","latte6.jpg",0,568
38,"test_DGMB","gioia",1,2151
38,"test_DGMB","latte7.jpg",1,880
38,"test_DGMB","disastro",1,1895
38,"test_DGMB","latte1.jpg",1,790
38,"test_DGMB","cattivo",0,2186
38,"test_DGMB","latte4.jpg",1,1964
38,"test_DGMB","eccellente",1,1201
38,"test_DGMB","latte2.jpg",1,807
38,"test_DGMB","nocivo",1,1925
38,"test_DGMB","latte4.jpg",1,962
38,"test_DGMB","dolore",1,1552
38,"test_DGMB","fond2.jpg",1,838
38,"test_DGMB","cattivo",1,988
38,"test_DGMB","fond3.jpg",1,824
38,"test_DGMB","meraviglioso",1,1484
42,"practice_DGMB","brutto",1,553
42,"practice_DGMB","fond3.jpg",1,624
42,"practice_DGMB","odio",1,516
42,"practice_DGMB","fond7.jpg",1,611
42,"practice_DGMB","piacere",0,421
42,"practice_DGMB","fond5.jpg",1,985
42,"practice_DGMB","gloria",1,445
42,"practice_DGMB","fond1.jpg",1,510
42,"practice_DGMB","stupendo",1,594
42,"practice_DGMB","latte4.jpg",1,569
42,"practice_DGMB","buono",1,539
42,"practice_DGMB","fond2.jpg",1,687
42,"practice_DGMB","fallimento",1,646
42,"practice_DGMB","latte7.jpg",1,599
42,"practice_DGMB","pace",1,526
42,"practice_DGMB","latte5.jpg",1,552
42,"practice_DGMB","disastro",1,468
42,"practice_DGMB","fond6.jpg",1,512
42,"practice_DGMB","amore",1,557
42,"practice_DGMB","latte3.jpg",1,492
42,"test_DGMB","latte1.jpg",1,694
42,"test_DGMB","cattivo",1,520
42,"test_DGMB","fond4.jpg",1,510
42,"test_DGMB","bello",1,763
42,"test_DGMB","latte6.jpg",1,497
42,"test_DGMB","felicità",1,555
42,"test_DGMB","fond3.jpg",0,514
42,"test_DGMB","paradiso",1,1062
42,"test_DGMB","fond1.jpg",1,410
42,"test_DGMB","agonia",1,652
42,"test_DGMB","latte2.jpg",1,477
42,"test_DGMB","meraviglioso",1,532
42,"test_DGMB","fond7.jpg",1,454
42,"test_DGMB","eccellente",1,455
42,"test_DGMB","latte4.jpg",1,465
42,"test_DGMB","nocivo",1,582
42,"test_DGMB","latte6.jpg",1,474
42,"test_DGMB","schifo",1,486
42,"test_DGMB","latte2.jpg",1,392
42,"test_DGMB","dolore",1,604
42,"test_DGMB","latte7.jpg",1,701
42,"test_DGMB","fastidioso",1,543
42,"test_DGMB","latte3.jpg",1,483
42,"test_DGMB","terribile",1,586
42,"test_DGMB","fond6.jpg",1,590
42,"test_DGMB","gioia",1,539
42,"test_DGMB","latte1.jpg",1,551
42,"test_DGMB","male",1,523
42,"test_DGMB","latte5.jpg",1,474
42,"test_DGMB","ridere",1,639
42,"test_DGMB","fond5.jpg",1,477
42,"test_DGMB","bello",1,388
42,"test_DGMB","fond2.jpg",1,385
42,"test_DGMB","orribile",1,733
42,"test_DGMB","fond4.jpg",1,463
42,"test_DGMB","pace",1,603
42,"test_DGMB","latte4.jpg",1,498
42,"test_DGMB","agonia",1,636
42,"test_DGMB","fond3.jpg",1,538
42,"test_DGMB","schifo",1,548
42,"practice_MGDB","orribile",1,1369
42,"practice_MGDB","latte1.jpg",1,857
42,"practice_MGDB","male",1,626
42,"practice_MGDB","fond7.jpg",0,790
42,"practice_MGDB","buono",1,1410
42,"practice_MGDB","latte5.jpg",1,642
42,"practice_MGDB","amore",1,561
42,"practice_MGDB","latte3.jpg",1,600
42,"practice_MGDB","disastro",1,727
42,"practice_MGDB","latte4.jpg",1,720
42,"practice_MGDB","fastidioso",1,623
42,"practice_MGDB","fond4.jpg",1,667
42,"practice_MGDB","dolore",1,807
42,"practice_MGDB","latte6.jpg",1,728
42,"practice_MGDB","schifo",1,1063
42,"practice_MGDB","fond2.jpg",1,1530
42,"practice_MGDB","agonia",1,603
42,"practice_MGDB","fond3.jpg",1,433
42,"practice_MGDB","meraviglioso",1,654
42,"practice_MGDB","fond1.jpg",0,559
42,"test_MGDB","fond5.jpg",1,1121
42,"test_MGDB","gioia",1,736
42,"test_MGDB","latte7.jpg",1,889
42,"test_MGDB","brutto",1,727
42,"test_MGDB","latte2.jpg",1,905
42,"test_MGDB","nocivo",1,1652
42,"test_MGDB","fond6.jpg",1,2916
42,"test_MGDB","cattivo",1,677
42,"test_MGDB","latte7.jpg",1,876
42,"test_MGDB","ridere",1,1191
42,"test_MGDB","fond4.jpg",1,794
42,"test_MGDB","paradiso",1,543
42,"test_MGDB","latte5.jpg",1,875
42,"test_MGDB","terribile",1,623
42,"test_MGDB","fond2.jpg",1,795
42,"test_MGDB","fallimento",1,503
42,"test_MGDB","fond3.jpg",1,715
42,"test_MGDB","gloria",1,519
42,"test_MGDB","latte6.jpg",1,974
42,"test_MGDB","odio",1,591
42,"test_MGDB","latte2.jpg",1,846
42,"test_MGDB","piacere",1,668
42,"test_MGDB","latte4.jpg",1,400
42,"test_MGDB","terribile",1,599
42,"test_MGDB","fond1.jpg",1,622
42,"test_MGDB","bello",1,471
42,"test_MGDB","fond5.jpg",1,478
42,"test_MGDB","stupendo",1,462
42,"test_MGDB","fond7.jpg",1,634
42,"test_MGDB","felicità",1,494
42,"test_MGDB","fond6.jpg",1,456
42,"test_MGDB","eccellente",1,498
42,"test_MGDB","fond2.jpg",1,438
42,"test_MGDB","pace",1,621
42,"test_MGDB","latte3.jpg",1,753
42,"test_MGDB","nocivo",1,725
42,"test_MGDB","latte1.jpg",1,854
42,"test_MGDB","pace",1,528
42,"test_MGDB","latte2.jpg",1,425
42,"test_MGDB","ridere",1,557
46,"practice_MGDB","amore",1,1200
46,"practice_MGDB","latte3.jpg",1,542
46,"practice_MGDB","meraviglioso",1,527
46,"practice_MGDB","fond2.jpg",1,1025
46,"practice_MGDB","odio",1,629
46,"practice_MGDB","latte1.jpg",1,841
46,"practice_MGDB","stupendo",1,687
46,"practice_MGDB","fond6.jpg",1,521
46,"practice_MGDB","brutto",1,536
46,"practice_MGDB","fond4.jpg",1,425
46,"practice_MGDB","pace",1,478
46,"practice_MGDB","fond1.jpg",1,676
46,"practice_MGDB","piacere",1,603
46,"practice_MGDB","latte4.jpg",1,794
46,"practice_MGDB","felicità",1,582
46,"practice_MGDB","latte7.jpg",1,626
46,"practice_MGDB","gloria",1,494
46,"practice_MGDB","fond7.jpg",1,496
46,"practice_MGDB","bello",1,698
46,"practice_MGDB","latte2.jpg",1,862
46,"test_MGDB","fond5.jpg",1,750
46,"test_MGDB","orribile",1,546
46,"test_MGDB","latte6.jpg",1,510
46,"test_MGDB","ridere",1,523
46,"test_MGDB","fond3.jpg",1,505
46,"test_MGDB","schifo",1,846
46,"test_MGDB","fond6.jpg",1,431
46,"test_MGDB","dolore",1,516
46,"test_MGDB","fond4.jpg",1,410
46,"test_MGDB","paradiso",1,524
46,"test_MGDB","latte5.jpg",1,502
46,"test_MGDB","nocivo",1,495
46,"test_MGDB","latte1.jpg",1,513
46,"test_MGDB","eccellente",1,534
46,"test_MGDB","latte6.jpg",1,439
46,"test_MGDB","gioia",1,422
46,"test_MGDB","latte7.jpg",1,467
46,"test_MGDB","agonia",1,655
46,"test_MGDB","latte5.jpg",1,472
46,"test_MGDB","male",1,413
46,"test_MGDB","fond2.jpg",1,551
46,"test_MGDB","buono",1,443
46,"test_MGDB","latte2.jpg",1,474
46,"test_MGDB","cattivo",1,438
46,"test_MGDB","fond7.jpg",1,429
46,"test_MGDB","fallimento",1,474
46,"test_MGDB","fond3.jpg",1,545
46,"test_MGDB","gloria",1,477
46,"test_MGDB","fond1.jpg",0,476
46,"test_MGDB","terribile",0,1235
46,"test_MGDB","latte4.jpg",1,1449
46,"test_MGDB","fastidioso",1,871
46,"test_MGDB","fond5.jpg",1,506
46,"test_MGDB","disastro",1,559
46,"test_MGDB","latte3.jpg",1,550
46,"test_MGDB","ridere",1,690
46,"test_MGDB","latte5.jpg",1,539
46,"test_MGDB","terribile",1,501
46,"test_MGDB","fond5.jpg",1,713
46,"test_MGDB","schifo",1,693
46,"practice_DGMB","piacere",1,743
46,"practice_DGMB","fond1.jpg",1,539
46,"practice_DGMB","nocivo",1,589
46,"practice_DGMB","fond5.jpg",1,505
46,"practice_DGMB","gioia",1,525
46,"practice_DGMB","latte6.jpg",1,687
46,"practice_DGMB","dolore",1,574
46,"practice_DGMB","latte7.jpg",1,503
46,"practice_DGMB","fastidioso",1,683
46,"practice_DGMB","fond2.jpg",1,690
46,"practice_DGMB","meraviglioso",1,548
46,"practice_DGMB","latte1.jpg",1,496
46,"practice_DGMB","amore",1,865
46,"practice_DGMB","fond3.jpg",1,501
46,"practice_DGMB","schifo",1,575
46,"practice_DGMB","latte4.jpg",1,688
46,"practice_DGMB","agonia",1,575
46,"practice_DGMB","latte5.jpg",1,513
46,"practice_DGMB","gloria",1,613
46,"practice_DGMB","fond6.jpg",1,374
46,"test_DGMB","fond4.jpg",1,834
46,"test_DGMB","orribile",1,550
46,"test_DGMB","fond7.jpg",1,410
46,"test_DGMB","felicità",1,524
46,"test_DGMB","latte3.jpg",1,461
46,"test_DGMB","pace",1,535
46,"test_DGMB","fond7.jpg",1,513
46,"test_DGMB","buono",1,485
46,"test_DGMB","latte2.jpg",1,599
46,"test_DGMB","cattivo",1,590
46,"test_DGMB","fond5.jpg",1,482
46,"test_DGMB","ridere",1,753
46,"test_DGMB","latte2.jpg",1,504
46,"test_DGMB","eccellente",1,564
46,"test_DGMB","fond2.jpg",1,458
46,"test_DGMB","paradiso",1,492
46,"test_DGMB","fond1.jpg",1,518
46,"test_DGMB","odio",1,565
46,"test_DGMB","fond4.jpg",1,463
46,"test_DGMB","fallimento",1,611
46,"test_DGMB","latte7.jpg",0,412
46,"test_DGMB","disastro",1,1366
46,"test_DGMB","latte3.jpg",1,671
46,"test_DGMB","brutto",1,467
46,"test_DGMB","fond6.jpg",1,431
46,"test_DGMB","stupendo",1,516
46,"test_DGMB","fond3.jpg",1,906
46,"test_DGMB","bello",1,470
46,"test_DGMB","latte4.jpg",1,410
46,"test_DGMB","meraviglioso",1,804
46,"test_DGMB","fond2.jpg",1,450
46,"test_DGMB","piacere",1,493
46,"test_DGMB","latte1.jpg",0,446
46,"test_DGMB","male",1,717
46,"test_DGMB","latte5.jpg",1,620
46,"test_DGMB","terribile",1,638
46,"test_DGMB","latte6.jpg",1,604
46,"test_DGMB","male",1,587
46,"test_DGMB","latte6.jpg",1,439
46,"test_DGMB","schifo",1,575
35,"practice_DGMB","bello",1,830
35,"practice_DGMB","latte3.jpg",0,653
35,"practice_DGMB","eccellente",1,1270
35,"practice_DGMB","fond4.jpg",0,1673
35,"practice_DGMB","paradiso",0,1876
35,"practice_DGMB","fond2.jpg",1,721
35,"practice_DGMB","male",1,1623
35,"practice_DGMB","latte7.jpg",1,1746
35,"practice_DGMB","amore",1,1516
35,"practice_DGMB","latte6.jpg",1,1570
35,"practice_DGMB","orribile",0,687
35,"practice_DGMB","latte1.jpg",1,1112
35,"practice_DGMB","fastidioso",1,1092
35,"practice_DGMB","fond6.jpg",1,1508
35,"practice_DGMB","pace",0,783
35,"practice_DGMB","fond3.jpg",1,883
35,"practice_DGMB","piacere",0,666
35,"practice_DGMB","latte5.jpg",1,766
35,"practice_DGMB","odio",0,652
35,"practice_DGMB","fond5.jpg",0,1094
35,"test_DGMB","fond1.jpg",1,1208
35,"test_DGMB","ridere",0,982
35,"test_DGMB","latte4.jpg",1,761
35,"test_DGMB","fallimento",0,808
35,"test_DGMB","latte2.jpg",1,809
35,"test_DGMB","buono",1,2047
35,"test_DGMB","latte5.jpg",1,807
35,"test_DGMB","disastro",1,1005
35,"test_DGMB","latte7.jpg",0,438
35,"test_DGMB","nocivo",0,1221
35,"test_DGMB","latte1.jpg",1,1168
35,"test_DGMB","agonia",1,1503
35,"test_DGMB","fond7.jpg",1,1905
35,"test_DGMB","brutto",0,1356
35,"test_DGMB","latte4.jpg",1,793
35,"test_DGMB","terribile",0,693
35,"test_DGMB","fond2.jpg",1,1758
35,"test_DGMB","dolore",0,812
35,"test_DGMB","latte2.jpg",1,645
35,"test_DGMB","gioia",1,564
35,"test_DGMB","latte6.jpg",1,1010
35,"test_DGMB","meraviglioso",1,131
35,"test_DGMB","fond6.jpg",1,197
35,"test_DGMB","gloria",1,1957
35,"test_DGMB","fond7.jpg",1,778
35,"test_DGMB","felicità",0,1307
35,"test_DGMB","fond1.jpg",1,614
35,"test_DGMB","stupendo",0,688
35,"test_DGMB","latte3.jpg",0,665
35,"test_DGMB","schifo",0,1629
35,"test_DGMB","fond4.jpg",1,967
35,"test_DGMB","cattivo",1,1198
35,"test_DGMB","fond3.jpg",1,1276
35,"test_DGMB","fastidioso",1,1127
35,"test_DGMB","fond5.jpg",1,536
35,"test_DGMB","felicità",0,1305
35,"test_DGMB","fond4.jpg",1,1708
35,"test_DGMB","brutto",0,1119
35,"test_DGMB","latte1.jpg",1,1101
35,"test_DGMB","eccellente",1,750
35,"practice_MGDB","ridere",1,1353
35,"practice_MGDB","fond1.jpg",1,703
35,"practice_MGDB","cattivo",0,643
35,"practice_MGDB","latte1.jpg",1,1226
35,"practice_MGDB","amore",1,1349
35,"practice_MGDB","fond3.jpg",1,1656
35,"practice_MGDB","odio",1,1000
35,"practice_MGDB","latte5.jpg",1,718
35,"practice_MGDB","meraviglioso",1,1677
35,"practice_MGDB","latte6.jpg",1,1610
35,"practice_MGDB","fallimento",1,695
35,"practice_MGDB","latte3.jpg",1,697
35,"practice_MGDB","terribile",1,1066
35,"practice_MGDB","fond6.jpg",0,374
35,"practice_MGDB","dolore",1,815
35,"practice_MGDB","latte7.jpg",1,497
35,"practice_MGDB","gioia",1,1410
35,"practice_MGDB","fond2.jpg",1,731
35,"practice_MGDB","felicità",1,1564
35,"practice_MGDB","fond5.jpg",1,1217
35,"test_MGDB","fond7.jpg",1,1104
35,"test_MGDB","fastidioso",1,1564
35,"test_MGDB","latte4.jpg",1,777
35,"test_MGDB","brutto",1,866
35,"test_MGDB","latte2.jpg",1,590
35,"test_MGDB","agonia",1,746
35,"test_MGDB","latte2.jpg",1,398
35,"test_MGDB","bello",0,669
35,"test_MGDB","fond4.jpg",0,505
35,"test_MGDB","schifo",1,1078
35,"test_MGDB","fond5.jpg",1,395
35,"test_MGDB","male",1,795
35,"test_MGDB","latte6.jpg",1,465
35,"test_MGDB","paradiso",1,814
35,"test_MGDB","fond6.jpg",1,855
35,"test_MGDB","disastro",1,480
35,"test_MGDB","latte1.jpg",1,447
35,"test_MGDB","pace",1,1326
35,"test_MGDB","fond3.jpg",1,919
35,"test_MGDB","gloria",1,869
35,"test_MGDB","latte3.jpg",1,905
35,"test_MGDB","eccellente",1,717
35,"test_MGDB","latte5.jpg",1,523
35,"test_MGDB","orribile",1,602
35,"test_MGDB","fond4.jpg",1,529
35,"test_MGDB","piacere",1,619
35,"test_MGDB","fond1.jpg",1,583
35,"test_MGDB","nocivo",1,651
35,"test_MGDB","latte4.jpg",1,548
35,"test_MGDB","stupendo",0,729
35,"test_MGDB","fond7.jpg",1,922
35,"test_MGDB","buono",1,608
35,"test_MGDB","fond2.jpg",1,673
35,"test_MGDB","brutto",1,630
35,"test_MGDB","latte7.jpg",1,506
35,"test_MGDB","orribile",1,622
35,"test_MGDB","fond4.jpg",1,666
35,"test_MGDB","paradiso",1,918
35,"test_MGDB","latte7.jpg",1,621
35,"test_MGDB","gioia",1,1126
39,"practice_MGDB","cattivo",1,1157
39,"practice_MGDB","fond5.jpg",1,1027
39,"practice_MGDB","nocivo",1,911
39,"practice_MGDB","fond2.jpg",1,522
39,"practice_MGDB","orribile",1,586
39,"practice_MGDB","latte6.jpg",1,998
39,"practice_MGDB","felicità",1,740
39,"practice_MGDB","fond4.jpg",1,768
39,"practice_MGDB","eccellente",1,1615
39,"practice_MGDB","fond7.jpg",1,3070
39,"practice_MGDB","fastidioso",1,1055
39,"practice_MGDB","fond1.jpg",1,624
39,"practice_MGDB","schifo",1,708
39,"practice_MGDB","fond6.jpg",1,824
39,"practice_MGDB","agonia",1,876
39,"practice_MGDB","fond3.jpg",1,1098
39,"practice_MGDB","disastro",1,763
39,"practice_MGDB","latte3.jpg",1,673
39,"practice_MGDB","gioia",1,550
39,"practice_MGDB","fond3.jpg",1,626
39,"test_MGDB","latte2.jpg",1,721
39,"test_MGDB","fallimento",1,664
39,"test_MGDB","fond5.jpg",1,572
39,"test_MGDB","paradiso",1,757
39,"test_MGDB","fond2.jpg",1,636
39,"test_MGDB","odio",1,770
39,"test_MGDB","latte1.jpg",1,740
39,"test_MGDB","stupendo",1,629
39,"test_MGDB","latte7.jpg",1,545
39,"test_MGDB","bello",1,621
39,"test_MGDB","latte5.jpg",1,530
39,"test_MGDB","piacere",1,515
39,"test_MGDB","latte4.jpg",1,490
39,"test_MGDB","gloria",1,604
39,"test_MGDB","latte4.jpg",1,442
39,"test_MGDB","dolore",1,522
39,"test_MGDB","latte6.jpg",1,569
39,"test_MGDB","buono",1,1431
39,"test_MGDB","latte3.jpg",1,602
39,"test_MGDB","terribile",1,753
39,"test_MGDB","latte1.jpg",1,1152
39,"test_MGDB","pace",1,643
39,"test_MGDB","fond4.jpg",1,1282
39,"test_MGDB","brutto",1,976
39,"test_MGDB","latte5.jpg",1,505
39,"test_MGDB","male",1,653
39,"test_MGDB","latte2.jpg",1,894
39,"test_MGDB","ridere",1,1440
39,"test_MGDB","latte7.jpg",1,493
39,"test_MGDB","amore",1,639
39,"test_MGDB","fond6.jpg",1,486
39,"test_MGDB","meraviglioso",1,1181
39,"test_MGDB","fond1.jpg",1,880
39,"test_MGDB","nocivo",1,534
39,"test_MGDB","fond7.jpg",1,456
39,"test_MGDB","eccellente",0,618
39,"test_MGDB","latte3.jpg",1,2446
39,"test_MGDB","brutto",1,674
39,"test_MGDB","fond2.jpg",1,721
39,"test_MGDB","bello",1,831
39,"practice_DGMB","stupendo",1,1064
39,"practice_DGMB","latte7.jpg",1,788
39,"practice_DGMB","buono",1,888
39,"practice_DGMB","latte6.jpg",1,2129
39,"practice_DGMB","piacere",1,1133
39,"practice_DGMB","latte1.jpg",1,1590
39,"practice_DGMB","nocivo",1,1121
39,"practice_DGMB","latte5.jpg",1,1111
39,"practice_DGMB","gioia",1,1474
39,"practice_DGMB","fond5.jpg",1,968
39,"practice_DGMB","felicità",1,1086
39,"practice_DGMB","latte3.jpg",1,591
39,"practice_DGMB","agonia",1,1011
39,"practice_DGMB","latte4.jpg",1,828
39,"practice_DGMB","orribile",0,768
39,"practice_DGMB","fond7.jpg",1,1169
39,"practice_DGMB","amore",1,1255
39,"practice_DGMB","fond3.jpg",1,767
39,"practice_DGMB","disastro",1,654
39,"practice_DGMB","latte2.jpg",1,1663
39,"test_DGMB","latte5.jpg",1,704
39,"test_DGMB","fastidioso",0,996
39,"test_DGMB","latte3.jpg",1,1186
39,"test_DGMB","gloria",1,1285
39,"test_DGMB","fond6.jpg",1,734
39,"test_DGMB","bello",1,1615
39,"test_DGMB","fond1.jpg",1,959
39,"test_DGMB","ridere",1,1261
39,"test_DGMB","latte2.jpg",1,1528
39,"test_DGMB","brutto",1,590
39,"test_DGMB","latte4.jpg",1,674
39,"test_DGMB","schifo",1,686
39,"test_DGMB","latte1.jpg",1,535
39,"test_DGMB","paradiso",1,1073
39,"test_DGMB","fond2.jpg",1,663
39,"test_DGMB","cattivo",1,915
39,"test_DGMB","latte6.jpg",1,1153
39,"test_DGMB","eccellente",1,1397
39,"test_DGMB","fond4.jpg",1,1402
39,"test_DGMB","pace",1,640
39,"test_DGMB","fond4.jpg",1,511
39,"test_DGMB","dolore",1,571
39,"test_DGMB","fond1.jpg",1,501
39,"test_DGMB","odio",1,638
39,"test_DGMB","latte7.jpg",1,1061
39,"test_DGMB","fallimento",1,1166
39,"test_DGMB","fond5.jpg",1,495
39,"test_DGMB","meraviglioso",1,720
39,"test_DGMB","fond2.jpg",1,455
39,"test_DGMB","terribile",1,569
39,"test_DGMB","fond6.jpg",1,546
39,"test_DGMB","paradiso",1,1143
39,"test_DGMB","fond7.jpg",1,458
39,"test_DGMB","male",1,628
39,"test_DGMB","fond3.jpg",1,568
39,"test_DGMB","buono",1,1351
39,"test_DGMB","fond3.jpg",1,537
39,"test_DGMB","fallimento",1,731
39,"test_DGMB","latte6.jpg",1,812
39,"test_DGMB","schifo",1,1214
43,"practice_DGMB","eccellente",1,504
43,"practice_DGMB","fond3.jpg",1,404
43,"practice_DGMB","schifo",1,531
43,"practice_DGMB","fond6.jpg",1,445
43,"practice_DGMB","ridere",1,444
43,"practice_DGMB","fond2.jpg",1,370
43,"practice_DGMB","brutto",1,653
43,"practice_DGMB","fond7.jpg",1,486
43,"practice_DGMB","pace",1,469
43,"practice_DGMB","latte7.jpg",1,497
43,"practice_DGMB","meraviglioso",1,675
43,"practice_DGMB","latte3.jpg",0,618
43,"practice_DGMB","bello",1,531
43,"practice_DGMB","fond1.jpg",0,421
43,"practice_DGMB","fallimento",1,975
43,"practice_DGMB","latte2.jpg",0,392
43,"practice_DGMB","gioia",1,1860
43,"practice_DGMB","latte5.jpg",1,662
43,"practice_DGMB","orribile",1,522
43,"practice_DGMB","latte6.jpg",1,481
43,"test_DGMB","fond4.jpg",1,427
43,"test_DGMB","terribile",1,424
43,"test_DGMB","fond5.jpg",1,628
43,"test_DGMB","dolore",1,728
43,"test_DGMB","latte4.jpg",1,410
43,"test_DGMB","disastro",1,499
43,"test_DGMB","fond3.jpg",1,472
43,"test_DGMB","felicità",1,492
43,"test_DGMB","fond4.jpg",1,374
43,"test_DGMB","paradiso",1,416
43,"test_DGMB","fond7.jpg",1,417
43,"test_DGMB","odio",1,451
43,"test_DGMB","fond6.jpg",1,437
43,"test_DGMB","piacere",1,476
43,"test_DGMB","fond1.jpg",1,355
43,"test_DGMB","fastidioso",1,514
43,"test_DGMB","latte1.jpg",1,377
43,"test_DGMB","agonia",1,507
43,"test_DGMB","latte3.jpg",1,383
43,"test_DGMB","male",1,492
43,"test_DGMB","latte7.jpg",1,365
43,"test_DGMB","nocivo",1,453
43,"test_DGMB","fond2.jpg",1,446
43,"test_DGMB","buono",1,358
43,"test_DGMB","latte1.jpg",1,413
43,"test_DGMB","cattivo",1,471
43,"test_DGMB","fond5.jpg",1,389
43,"test_DGMB","amore",1,435
43,"test_DGMB","latte6.jpg",1,369
43,"test_DGMB","gloria",0,443
43,"test_DGMB","latte4.jpg",1,602
43,"test_DGMB","terribile",1,505
43,"test_DGMB","fond7.jpg",1,429
43,"test_DGMB","fallimento",1,498
43,"test_DGMB","latte5.jpg",1,542
43,"test_DGMB","stupendo",1,447
43,"test_DGMB","latte2.jpg",1,498
43,"test_DGMB","gioia",1,1003
43,"test_DGMB","latte5.jpg",1,505
43,"test_DGMB","amore",1,830
43,"practice_MGDB","schifo",1,442
43,"practice_MGDB","fond7.jpg",1,356
43,"practice_MGDB","dolore",1,483
43,"practice_MGDB","fond5.jpg",1,354
43,"practice_MGDB","brutto",1,391
43,"practice_MGDB","fond4.jpg",1,398
43,"practice_MGDB","bello",1,445
43,"practice_MGDB","fond6.jpg",1,438
43,"practice_MGDB","terribile",1,438
43,"practice_MGDB","latte7.jpg",1,453
43,"practice_MGDB","ridere",1,350
43,"practice_MGDB","latte5.jpg",0,349
43,"practice_MGDB","gloria",1,954
43,"practice_MGDB","latte3.jpg",1,416
43,"practice_MGDB","disastro",1,634
43,"practice_MGDB","latte4.jpg",1,1241
43,"practice_MGDB","stupendo",1,583
43,"practice_MGDB","latte2.jpg",1,339
43,"practice_MGDB","nocivo",0,621
43,"practice_MGDB","latte6.jpg",1,441
43,"test_MGDB","latte1.jpg",1,483
43,"test_MGDB","piacere",1,506
43,"test_MGDB","fond2.jpg",1,462
43,"test_MGDB","meraviglioso",1,491
43,"test_MGDB","fond1.jpg",1,612
43,"test_MGDB","fallimento",1,454
43,"test_MGDB","fond3.jpg",1,368
43,"test_MGDB","buono",1,471
43,"test_MGDB","fond7.jpg",1,445
43,"test_MGDB","gioia",1,557
43,"test_MGDB","fond4.jpg",1,596
43,"test_MGDB","fastidioso",0,467
43,"test_MGDB","latte6.jpg",1,631
43,"test_MGDB","male",1,563
43,"test_MGDB","latte7.jpg",1,626
43,"test_MGDB","amore",1,486
43,"test_MGDB","latte5.jpg",1,456
43,"test_MGDB","pace",1,458
43,"test_MGDB","latte4.jpg",1,398
43,"test_MGDB","agonia",1,445
43,"test_MGDB","fond6.jpg",1,391
43,"test_MGDB","paradiso",1,451
43,"test_MGDB","fond2.jpg",1,741
43,"test_MGDB","cattivo",1,566
43,"test_MGDB","fond3.jpg",1,464
43,"test_MGDB","odio",1,460
43,"test_MGDB","fond5.jpg",1,440
43,"test_MGDB","orribile",1,432
43,"test_MGDB","latte3.jpg",1,487
43,"test_MGDB","felicità",1,454
43,"test_MGDB","fond1.jpg",1,415
43,"test_MGDB","eccellente",1,489
43,"test_MGDB","latte2.jpg",1,419
43,"test_MGDB","dolore",1,477
43,"test_MGDB","latte1.jpg",1,500
43,"test_MGDB","gloria",1,813
43,"test_MGDB","fond3.jpg",1,438
43,"test_MGDB","amore",1,782
43,"test_MGDB","latte3.jpg",1,362
43,"test_MGDB","brutto",1,473
47,"practice_MGDB","fallimento",1,1849
47,"practice_MGDB","latte3.jpg",1,769
47,"practice_MGDB","terribile",1,831
47,"practice_MGDB","latte6.jpg",1,822
47,"practice_MGDB","piacere",1,847
47,"practice_MGDB","fond6.jpg",1,792
47,"practice_MGDB","brutto",1,644
47,"practice_MGDB","latte1.jpg",1,1102
47,"practice_MGDB","stupendo",1,998
47,"practice_MGDB","fond3.jpg",1,588
47,"practice_MGDB","felicità",1,697
47,"practice_MGDB","latte7.jpg",1,826
47,"practice_MGDB","odio",1,582
47,"practice_MGDB","latte4.jpg",1,618
47,"practice_MGDB","disastro",1,572
47,"practice_MGDB","fond1.jpg",1,557
47,"practice_MGDB","schifo",1,596
47,"practice_MGDB","fond2.jpg",1,563
47,"practice_MGDB","fastidioso",1,578
47,"practice_MGDB","fond7.jpg",1,558
47,"test_MGDB","latte5.jpg",1,742
47,"test_MGDB","agonia",1,663
47,"test_MGDB","latte2.jpg",1,571
47,"test_MGDB","meraviglioso",0,997
47,"test_MGDB","fond5.jpg",1,531
47,"test_MGDB","dolore",1,573
47,"test_MGDB","latte2.jpg",1,550
47,"test_MGDB","orribile",1,930
47,"test_MGDB","fond4.jpg",1,515
47,"test_MGDB","cattivo",1,610
47,"test_MGDB","latte6.jpg",1,508
47,"test_MGDB","amore",1,544
47,"test_MGDB","fond4.jpg",1,548
47,"test_MGDB","gioia",1,697
47,"test_MGDB","latte3.jpg",1,530
47,"test_MGDB","paradiso",1,652
47,"test_MGDB","fond6.jpg",1,565
47,"test_MGDB","nocivo",1,508
47,"test_MGDB","fond2.jpg",1,480
47,"test_MGDB","ridere",1,511
47,"test_MGDB","fond3.jpg",1,614
47,"test_MGDB","male",0,512
47,"test_MGDB","fond1.jpg",1,1479
47,"test_MGDB","eccellente",1,692
47,"test_MGDB","latte7.jpg",1,1005
47,"test_MGDB","fallimento",1,628
47,"test_MGDB","fond5.jpg",1,496
47,"test_MGDB","buono",1,1298
47,"test_MGDB","latte1.jpg",1,1114
47,"test_MGDB","gloria",1,613
47,"test_MGDB","latte4.jpg",1,647
47,"test_MGDB","bello",1,494
47,"test_MGDB","fond7.jpg",1,559
47,"test_MGDB","pace",1,614
47,"test_MGDB","fond6.jpg",1,824
47,"test_MGDB","ridere",1,516
47,"test_MGDB","latte5.jpg",0,522
47,"test_MGDB","agonia",1,994
47,"test_MGDB","latte1.jpg",1,1200
47,"test_MGDB","pace",1,686
47,"practice_DGMB","bello",1,1336
47,"practice_DGMB","fond1.jpg",1,419
47,"practice_DGMB","piacere",1,493
47,"practice_DGMB","latte4.jpg",1,607
47,"practice_DGMB","meraviglioso",1,630
47,"practice_DGMB","fond6.jpg",1,1162
47,"practice_DGMB","male",1,1400
47,"practice_DGMB","latte7.jpg",1,693
47,"practice_DGMB","nocivo",1,639
47,"practice_DGMB","fond3.jpg",1,549
47,"practice_DGMB","fallimento",1,698
47,"practice_DGMB","latte3.jpg",1,1162
47,"practice_DGMB","fastidioso",1,929
47,"practice_DGMB","latte6.jpg",1,634
47,"practice_DGMB","ridere",1,630
47,"practice_DGMB","fond5.jpg",1,450
47,"practice_DGMB","odio",1,556
47,"practice_DGMB","latte2.jpg",1,571
47,"practice_DGMB","paradiso",1,604
47,"practice_DGMB","latte5.jpg",1,630
47,"test_DGMB","fond2.jpg",1,1272
47,"test_DGMB","dolore",0,628
47,"test_DGMB","latte1.jpg",1,1496
47,"test_DGMB","agonia",1,1024
47,"test_DGMB","latte2.jpg",1,659
47,"test_DGMB","amore",1,581
47,"test_DGMB","latte7.jpg",1,649
47,"test_DGMB","stupendo",1,531
47,"test_DGMB","latte6.jpg",1,556
47,"test_DGMB","cattivo",1,563
47,"test_DGMB","latte1.jpg",1,602
47,"test_DGMB","brutto",1,577
47,"test_DGMB","fond4.jpg",1,1090
47,"test_DGMB","gloria",1,523
47,"test_DGMB","latte4.jpg",1,594
47,"test_DGMB","eccellente",1,574
47,"test_DGMB","fond7.jpg",0,616
47,"test_DGMB","terribile",1,617
47,"test_DGMB","fond6.jpg",0,618
47,"test_DGMB","schifo",1,588
47,"test_DGMB","latte3.jpg",0,592
47,"test_DGMB","gioia",1,453
47,"test_DGMB","fond5.jpg",0,542
47,"test_DGMB","buono",0,579
47,"test_DGMB","fond1.jpg",0,1279
47,"test_DGMB","disastro",1,1061
47,"test_DGMB","fond2.jpg",0,968
47,"test_DGMB","orribile",1,1206
47,"test_DGMB","fond7.jpg",1,575
47,"test_DGMB","pace",1,680
47,"test_DGMB","fond4.jpg",1,1055
47,"test_DGMB","felicità",1,1280
47,"test_DGMB","latte5.jpg",1,606
47,"test_DGMB","felicità",1,749
47,"test_DGMB","fond3.jpg",0,608
47,"test_DGMB","odio",1,2063
47,"test_DGMB","latte4.jpg",1,2361
47,"test_DGMB","terribile",1,1429
47,"test_DGMB","fond6.jpg",1,1152
47,"test_DGMB","pace",1,820
36,"practice_DGMB","paradiso",1,1169
36,"practice_DGMB","fond3.jpg",1,825
36,"practice_DGMB","agonia",1,789
36,"practice_DGMB","latte6.jpg",1,497
36,"practice_DGMB","gioia",1,795
36,"practice_DGMB","fond5.jpg",1,457
36,"practice_DGMB","odio",1,667
36,"practice_DGMB","fond6.jpg",1,639
36,"practice_DGMB","buono",1,741
36,"practice_DGMB","fond2.jpg",1,489
36,"practice_DGMB","felicità",1,459
36,"practice_DGMB","fond7.jpg",1,488
36,"practice_DGMB","eccellente",1,647
36,"practice_DGMB","latte1.jpg",1,480
36,"practice_DGMB","stupendo",1,727
36,"practice_DGMB","fond1.jpg",1,552
36,"practice_DGMB","gloria",1,781
36,"practice_DGMB","latte2.jpg",1,640
36,"practice_DGMB","bello",1,1239
36,"practice_DGMB","fond4.jpg",1,573
36,"test_DGMB","latte7.jpg",1,817
36,"test_DGMB","dolore",1,1290
36,"test_DGMB","latte5.jpg",1,522
36,"test_DGMB","disastro",0,890
36,"test_DGMB","latte4.jpg",1,955
36,"test_DGMB","terribile",1,1014
36,"test_DGMB","fond6.jpg",1,567
36,"test_DGMB","cattivo",1,1126
36,"test_DGMB","latte3.jpg",1,1383
36,"test_DGMB","brutto",1,527
36,"test_DGMB","latte4.jpg",1,497
36,"test_DGMB","ridere",1,618
36,"test_DGMB","latte5.jpg",1,734
36,"test_DGMB","nocivo",1,752
36,"test_DGMB","fond3.jpg",1,614
36,"test_DGMB","schifo",1,600
36,"test_DGMB","fond1.jpg",1,559
36,"test_DGMB","piacere",1,629
36,"test_DGMB","latte6.jpg",1,569
36,"test_DGMB","pace",1,683
36,"test_DGMB","fond5.jpg",1,562
36,"test_DGMB","meraviglioso",1,545
36,"test_DGMB","fond2.jpg",1,517
36,"test_DGMB","amore",1,548
36,"test_DGMB","fond7.jpg",1,536
36,"test_DGMB","meraviglioso",1,586
36,"test_DGMB","latte3.jpg",1,598
36,"test_DGMB","fastidioso",1,589
36,"test_DGMB","latte2.jpg",1,481
36,"test_DGMB","paradiso",1,528
36,"test_DGMB","fond4.jpg",1,562
36,"test_DGMB","fallimento",1,657
36,"test_DGMB","latte7.jpg",1,530
36,"test_DGMB","male",1,740
36,"test_DGMB","fond5.jpg",1,615
36,"test_DGMB","orribile",1,833
36,"test_DGMB","latte1.jpg",1,576
36,"test_DGMB","terribile",1,617
36,"test_DGMB","latte4.jpg",1,474
36,"test_DGMB","dolore",1,567
36,"practice_MGDB","nocivo",1,719
36,"practice_MGDB","fond6.jpg",1,790
36,"practice_MGDB","fallimento",1,578
36,"practice_MGDB","latte4.jpg",1,518
36,"practice_MGDB","gioia",1,429
36,"practice_MGDB","fond3.jpg",1,601
36,"practice_MGDB","dolore",0,1024
36,"practice_MGDB","latte2.jpg",1,1532
36,"practice_MGDB","male",1,1028
36,"practice_MGDB","latte6.jpg",1,799
36,"practice_MGDB","ridere",0,1942
36,"practice_MGDB","latte1.jpg",1,3400
36,"practice_MGDB","buono",1,1219
36,"practice_MGDB","latte5.jpg",1,454
36,"practice_MGDB","gloria",1,456
36,"practice_MGDB","latte3.jpg",1,545
36,"practice_MGDB","cattivo",1,677
36,"practice_MGDB","fond4.jpg",1,452
36,"practice_MGDB","felicità",1,1222
36,"practice_MGDB","fond2.jpg",1,1081
36,"test_MGDB","latte7.jpg",1,1452
36,"test_MGDB","agonia",1,660
36,"test_MGDB","latte3.jpg",1,632
36,"test_MGDB","bello",1,620
36,"test_MGDB","latte5.jpg",1,520
36,"test_MGDB","paradiso",1,647
36,"test_MGDB","latte6.jpg",1,625
36,"test_MGDB","eccellente",1,1421
36,"test_MGDB","latte4.jpg",1,560
36,"test_MGDB","amore",1,791
36,"test_MGDB","latte7.jpg",1,794
36,"test_MGDB","fastidioso",0,478
36,"test_MGDB","fond7.jpg",1,621
36,"test_MGDB","stupendo",1,871
36,"test_MGDB","fond1.jpg",0,746
36,"test_MGDB","odio",1,1943
36,"test_MGDB","fond5.jpg",1,617
36,"test_MGDB","meraviglioso",1,762
36,"test_MGDB","fond2.jpg",1,665
36,"test_MGDB","piacere",1,1189
36,"test_MGDB","latte2.jpg",1,640
36,"test_MGDB","brutto",1,1055
36,"test_MGDB","fond1.jpg",1,520
36,"test_MGDB","pace",1,1695
36,"test_MGDB","latte1.jpg",1,1294
36,"test_MGDB","orribile",1,919
36,"test_MGDB","fond7.jpg",1,485
36,"test_MGDB","schifo",1,716
36,"test_MGDB","fond5.jpg",1,443
36,"test_MGDB","terribile",1,1018
36,"test_MGDB","fond6.jpg",1,542
36,"test_MGDB","disastro",1,503
36,"test_MGDB","fond4.jpg",1,467
36,"test_MGDB","paradiso",0,424
36,"test_MGDB","fond3.jpg",1,1228
36,"test_MGDB","orribile",1,648
36,"test_MGDB","latte2.jpg",1,601
36,"test_MGDB","bello",1,432
36,"test_MGDB","fond6.jpg",1,607
36,"test_MGDB","agonia",1,606
40,"practice_MGDB","dolore",1,1207
40,"practice_MGDB","latte5.jpg",1,999
40,"practice_MGDB","paradiso",1,750
40,"practice_MGDB","latte3.jpg",1,905
40,"practice_MGDB","buono",1,517
40,"practice_MGDB","latte7.jpg",1,596
40,"practice_MGDB","brutto",1,515
40,"practice_MGDB","fond7.jpg",1,402
40,"practice_MGDB","orribile",1,737
40,"practice_MGDB","fond2.jpg",1,490
40,"practice_MGDB","gioia",1,612
40,"practice_MGDB","fond3.jpg",1,734
40,"practice_MGDB","gloria",1,799
40,"practice_MGDB","latte2.jpg",1,765
40,"practice_MGDB","agonia",1,700
40,"practice_MGDB","latte4.jpg",1,824
40,"practice_MGDB","fallimento",1,916
40,"practice_MGDB","fond1.jpg",1,554
40,"practice_MGDB","schifo",1,887
40,"practice_MGDB","fond4.jpg",1,519
40,"test_MGDB","latte6.jpg",1,707
40,"test_MGDB","felicità",1,599
40,"test_MGDB","fond6.jpg",1,446
40,"test_MGDB","meraviglioso",1,861
40,"test_MGDB","fond5.jpg",1,696
40,"test_MGDB","eccellente",1,1034
40,"test_MGDB","fond5.jpg",1,432
40,"test_MGDB","stupendo",1,525
40,"test_MGDB","latte1.jpg",1,686
40,"test_MGDB","pace",1,461
40,"test_MGDB","fond2.jpg",1,481
40,"test_MGDB","nocivo",1,512
40,"test_MGDB","latte2.jpg",1,719
40,"test_MGDB","piacere",1,742
40,"test_MGDB","latte3.jpg",1,642
40,"test_MGDB","bello",1,673
40,"test_MGDB","latte7.jpg",1,631
40,"test_MGDB","terribile",1,572
40,"test_MGDB","latte5.jpg",1,549
40,"test_MGDB","ridere",1,697
40,"test_MGDB","latte4.jpg",1,594
40,"test_MGDB","odio",1,591
40,"test_MGDB","fond6.jpg",1,590
40,"test_MGDB","amore",1,514
40,"test_MGDB","fond7.jpg",1,505
40,"test_MGDB","gioia",1,613
40,"test_MGDB","fond1.jpg",1,519
40,"test_MGDB","cattivo",1,566
40,"test_MGDB","latte6.jpg",1,487
40,"test_MGDB","gloria",1,942
40,"test_MGDB","fond4.jpg",1,506
40,"test_MGDB","male",1,702
40,"test_MGDB","latte1.jpg",1,658
40,"test_MGDB","fastidioso",1,444
40,"test_MGDB","fond3.jpg",1,418
40,"test_MGDB","disastro",1,533
40,"test_MGDB","latte7.jpg",1,758
40,"test_MGDB","odio",1,749
40,"test_MGDB","fond5.jpg",1,561
40,"test_MGDB","terribile",1,1168
40,"practice_DGMB","male",1,3031
40,"practice_DGMB","fond1.jpg",1,1490
40,"practice_DGMB","bello",0,947
40,"practice_DGMB","latte3.jpg",1,3526
40,"practice_DGMB","terribile",0,1608
40,"practice_DGMB","latte4.jpg",1,1640
40,"practice_DGMB","paradiso",1,974
40,"practice_DGMB","latte5.jpg",1,799
40,"practice_DGMB","buono",1,1261
40,"practice_DGMB","fond7.jpg",1,736
40,"practice_DGMB","felicità",1,578
40,"practice_DGMB","latte7.jpg",1,846
40,"practice_DGMB","stupendo",1,908
40,"practice_DGMB","latte6.jpg",1,912
40,"practice_DGMB","nocivo",1,620
40,"practice_DGMB","latte1.jpg",1,1056
40,"practice_DGMB","fastidioso",1,545
40,"practice_DGMB","latte2.jpg",1,461
40,"practice_DGMB","gloria",1,615
40,"practice_DGMB","latte3.jpg",1,848
40,"test_DGMB","latte1.jpg",1,1599
40,"test_DGMB","piacere",1,1197
40,"test_DGMB","fond6.jpg",0,970
40,"test_DGMB","dolore",1,1451
40,"test_DGMB","latte7.jpg",1,1051
40,"test_DGMB","amore",1,924
40,"test_DGMB","fond3.jpg",1,570
40,"test_DGMB","schifo",1,580
40,"test_DGMB","fond5.jpg",0,504
40,"test_DGMB","disastro",1,2269
40,"test_DGMB","latte2.jpg",1,438
40,"test_DGMB","gioia",0,462
40,"test_DGMB","fond4.jpg",1,1762
40,"test_DGMB","brutto",1,1103
40,"test_DGMB","fond2.jpg",1,1290
40,"test_DGMB","odio",0,875
40,"test_DGMB","fond7.jpg",1,1233
40,"test_DGMB","meraviglioso",1,1900
40,"test_DGMB","fond4.jpg",1,2262
40,"test_DGMB","orribile",1,1118
40,"test_DGMB","fond6.jpg",1,860
40,"test_DGMB","agonia",1,1605
40,"test_DGMB","latte5.jpg",1,1074
40,"test_DGMB","pace",1,934
40,"test_DGMB","latte6.jpg",1,1382
40,"test_DGMB","ridere",1,1439
40,"test_DGMB","fond2.jpg",1,1380
40,"test_DGMB","cattivo",1,1477
40,"test_DGMB","latte4.jpg",1,1290
40,"test_DGMB","fallimento",1,691
40,"test_DGMB","latte7.jpg",1,540
40,"test_DGMB","eccellente",1,630
40,"test_DGMB","fond1.jpg",1,858
40,"test_DGMB","piacere",0,651
40,"test_DGMB","fond3.jpg",1,2660
40,"test_DGMB","terribile",1,1083
40,"test_DGMB","fond5.jpg",1,1025
40,"test_DGMB","eccellente",1,2084
40,"test_DGMB","fond2.jpg",1,1385
40,"test_DGMB","fastidioso",1,1052
44,"practice_DGMB","agonia",1,723
44,"practice_DGMB","fond7.jpg",1,2004
44,"practice_DGMB","ridere",1,1033
44,"practice_DGMB","fond1.jpg",1,927
44,"practice_DGMB","meraviglioso",1,1414
44,"practice_DGMB","latte6.jpg",1,1078
44,"practice_DGMB","eccellente",1,708
44,"practice_DGMB","latte4.jpg",1,720
44,"practice_DGMB","stupendo",1,903
44,"practice_DGMB","latte1.jpg",1,762
44,"practice_DGMB","felicità",1,681
44,"practice_DGMB","latte7.jpg",1,776
44,"practice_DGMB","terribile",1,817
44,"practice_DGMB","fond6.jpg",1,754
44,"practice_DGMB","nocivo",1,806
44,"practice_DGMB","latte2.jpg",1,1087
44,"practice_DGMB","bello",1,766
44,"practice_DGMB","latte3.jpg",1,807
44,"practice_DGMB","dolore",1,1237
44,"practice_DGMB","fond2.jpg",1,803
44,"test_DGMB","latte5.jpg",1,1946
44,"test_DGMB","fastidioso",1,789
44,"test_DGMB","latte3.jpg",1,753
44,"test_DGMB","fallimento",1,757
44,"test_DGMB","fond3.jpg",1,699
44,"test_DGMB","pace",1,732
44,"test_DGMB","latte5.jpg",1,542
44,"test_DGMB","piacere",1,695
44,"test_DGMB","fond4.jpg",1,721
44,"test_DGMB","gloria",1,599
44,"test_DGMB","latte1.jpg",1,494
44,"test_DGMB","schifo",1,808
44,"test_DGMB","latte4.jpg",1,705
44,"test_DGMB","brutto",1,1341
44,"test_DGMB","latte7.jpg",1,776
44,"test_DGMB","orribile",1,737
44,"test_DGMB","fond5.jpg",1,746
44,"test_DGMB","gioia",1,631
44,"test_DGMB","fond5.jpg",1,682
44,"test_DGMB","odio",1,545
44,"test_DGMB","fond3.jpg",1,686
44,"test_DGMB","male",1,700
44,"test_DGMB","latte2.jpg",1,1080
44,"test_DGMB","buono",1,783
44,"test_DGMB","fond2.jpg",1,890
44,"test_DGMB","disastro",1,668
44,"test_DGMB","fond1.jpg",1,591
44,"test_DGMB","cattivo",1,620
44,"test_DGMB","fond7.jpg",1,456
44,"test_DGMB","paradiso",1,834
44,"test_DGMB","latte6.jpg",1,584
44,"test_DGMB","agonia",1,740
44,"test_DGMB","fond4.jpg",1,656
44,"test_DGMB","amore",1,1018
44,"test_DGMB","fond6.jpg",1,810
44,"test_DGMB","felicità",1,1276
44,"test_DGMB","fond6.jpg",1,737
44,"test_DGMB","odio",1,643
44,"test_DGMB","latte7.jpg",1,514
44,"test_DGMB","meraviglioso",1,758
44,"practice_MGDB","orribile",1,1260
44,"practice_MGDB","latte4.jpg",1,791
44,"practice_MGDB","male",1,875
44,"practice_MGDB","latte2.jpg",1,905
44,"practice_MGDB","paradiso",1,1093
44,"practice_MGDB","fond6.jpg",1,718
44,"practice_MGDB","bello",1,884
44,"practice_MGDB","latte7.jpg",1,922
44,"practice_MGDB","meraviglioso",1,793
44,"practice_MGDB","latte6.jpg",1,552
44,"practice_MGDB","piacere",1,836
44,"practice_MGDB","fond1.jpg",1,690
44,"practice_MGDB","cattivo",1,996
44,"practice_MGDB","fond3.jpg",1,754
44,"practice_MGDB","disastro",1,1006
44,"practice_MGDB","fond4.jpg",1,735
44,"practice_MGDB","fallimento",1,984
44,"practice_MGDB","latte1.jpg",1,804
44,"practice_MGDB","buono",1,770
44,"practice_MGDB","fond7.jpg",1,747
44,"test_MGDB","latte5.jpg",1,1171
44,"test_MGDB","odio",1,748
44,"test_MGDB","latte3.jpg",1,1056
44,"test_MGDB","ridere",1,761
44,"test_MGDB","latte3.jpg",1,471
44,"test_MGDB","gioia",1,1196
44,"test_MGDB","latte1.jpg",1,921
44,"test_MGDB","felicità",1,656
44,"test_MGDB","latte7.jpg",1,873
44,"test_MGDB","agonia",1,597
44,"test_MGDB","fond5.jpg",1,596
44,"test_MGDB","eccellente",1,723
44,"test_MGDB","fond2.jpg",1,729
44,"test_MGDB","pace",1,667
44,"test_MGDB","latte2.jpg",1,727
44,"test_MGDB","nocivo",1,685
44,"test_MGDB","fond7.jpg",1,607
44,"test_MGDB","schifo",1,670
44,"test_MGDB","latte6.jpg",1,514
44,"test_MGDB","brutto",1,686
44,"test_MGDB","fond3.jpg",1,815
44,"test_MGDB","stupendo",1,937
44,"test_MGDB","latte5.jpg",1,1082
44,"test_MGDB","terribile",1,728
44,"test_MGDB","fond2.jpg",1,609
44,"test_MGDB","amore",1,659
44,"test_MGDB","latte4.jpg",1,1078
44,"test_MGDB","gloria",1,861
44,"test_MGDB","fond5.jpg",1,424
44,"test_MGDB","fastidioso",1,757
44,"test_MGDB","fond4.jpg",1,747
44,"test_MGDB","ridere",1,808
44,"test_MGDB","fond6.jpg",1,640
44,"test_MGDB","dolore",0,671
44,"test_MGDB","fond1.jpg",1,1286
44,"test_MGDB","nocivo",1,1132
44,"test_MGDB","fond7.jpg",1,716
44,"test_MGDB","terribile",1,1627
44,"test_MGDB","latte7.jpg",1,574
44,"test_MGDB","gloria",1,575
48,"practice_MGDB","ridere",1,649
48,"practice_MGDB","latte7.jpg",1,570
48,"practice_MGDB","fastidioso",1,652
48,"practice_MGDB","latte3.jpg",1,933
48,"practice_MGDB","stupendo",1,694
48,"practice_MGDB","latte2.jpg",1,639
48,"practice_MGDB","schifo",1,614
48,"practice_MGDB","latte1.jpg",1,896
48,"practice_MGDB","terribile",1,809
48,"practice_MGDB","fond5.jpg",1,586
48,"practice_MGDB","brutto",1,590
48,"practice_MGDB","fond7.jpg",1,458
48,"practice_MGDB","orribile",1,436
48,"practice_MGDB","latte6.jpg",1,579
48,"practice_MGDB","agonia",0,781
48,"practice_MGDB","fond6.jpg",1,928
48,"practice_MGDB","paradiso",1,551
48,"practice_MGDB","latte5.jpg",1,646
48,"practice_MGDB","piacere",1,501
48,"practice_MGDB","fond2.jpg",1,593
48,"test_MGDB","fond4.jpg",1,553
48,"test_MGDB","gioia",1,533
48,"test_MGDB","fond3.jpg",1,703
48,"test_MGDB","odio",1,571
48,"test_MGDB","fond1.jpg",1,460
48,"test_MGDB","meraviglioso",1,574
48,"test_MGDB","latte4.jpg",1,527
48,"test_MGDB","fallimento",1,750
48,"test_MGDB","fond5.jpg",1,498
48,"test_MGDB","disastro",1,476
48,"test_MGDB","latte2.jpg",1,547
48,"test_MGDB","buono",1,519
48,"test_MGDB","fond6.jpg",1,606
48,"test_MGDB","gloria",1,582
48,"test_MGDB","latte6.jpg",1,601
48,"test_MGDB","bello",1,816
48,"test_MGDB","fond4.jpg",1,537
48,"test_MGDB","amore",1,619
48,"test_MGDB","fond2.jpg",1,703
48,"test_MGDB","pace",1,539
48,"test_MGDB","fond1.jpg",1,759
48,"test_MGDB","eccellente",1,1078
48,"test_MGDB","latte1.jpg",1,604
48,"test_MGDB","felicità",1,827
48,"test_MGDB","fond3.jpg",1,559
48,"test_MGDB","felicità",1,638
48,"test_MGDB","latte3.jpg",1,652
48,"test_MGDB","stupendo",1,470
48,"test_MGDB","latte5.jpg",1,514
48,"test_MGDB","dolore",1,470
48,"test_MGDB","fond7.jpg",1,477
48,"test_MGDB","cattivo",1,421
48,"test_MGDB","latte7.jpg",1,489
48,"test_MGDB","nocivo",1,731
48,"test_MGDB","latte4.jpg",1,644
48,"test_MGDB","male",1,715
48,"test_MGDB","latte4.jpg",1,689
48,"test_MGDB","orribile",1,811
48,"test_MGDB","fond1.jpg",1,412
48,"test_MGDB","cattivo",1,510
48,"practice_DGMB","brutto",1,623
48,"practice_DGMB","fond1.jpg",1,643
48,"practice_DGMB","eccellente",1,930
48,"practice_DGMB","fond3.jpg",1,395
48,"practice_DGMB","paradiso",1,479
48,"practice_DGMB","latte7.jpg",1,486
48,"practice_DGMB","pace",1,517
48,"practice_DGMB","latte4.jpg",0,524
48,"practice_DGMB","buono",1,883
48,"practice_DGMB","fond4.jpg",0,433
48,"practice_DGMB","ridere",1,1478
48,"practice_DGMB","fond5.jpg",1,603
48,"practice_DGMB","disastro",1,770
48,"practice_DGMB","fond7.jpg",1,691
48,"practice_DGMB","gioia",1,853
48,"practice_DGMB","latte5.jpg",1,566
48,"practice_DGMB","terribile",1,621
48,"practice_DGMB","fond2.jpg",1,673
48,"practice_DGMB","meraviglioso",1,645
48,"practice_DGMB","latte1.jpg",1,534
48,"test_DGMB","latte3.jpg",1,976
48,"test_DGMB","fallimento",1,921
48,"test_DGMB","latte2.jpg",1,584
48,"test_DGMB","odio",0,620
48,"test_DGMB","fond6.jpg",1,784
48,"test_DGMB","agonia",1,1028
48,"test_DGMB","fond2.jpg",1,919
48,"test_DGMB","cattivo",1,1230
48,"test_DGMB","fond5.jpg",1,745
48,"test_DGMB","felicità",1,1525
48,"test_DGMB","latte6.jpg",1,602
48,"test_DGMB","fastidioso",1,1177
48,"test_DGMB","latte6.jpg",1,890
48,"test_DGMB","gloria",1,667
48,"test_DGMB","latte1.jpg",1,703
48,"test_DGMB","stupendo",1,1187
48,"test_DGMB","fond3.jpg",1,1038
48,"test_DGMB","nocivo",1,756
48,"test_DGMB","latte5.jpg",1,867
48,"test_DGMB","orribile",0,839
48,"test_DGMB","latte7.jpg",0,2277
48,"test_DGMB","piacere",1,934
48,"test_DGMB","latte3.jpg",1,1120
48,"test_DGMB","dolore",1,806
48,"test_DGMB","fond7.jpg",1,775
48,"test_DGMB","schifo",0,1160
48,"test_DGMB","fond1.jpg",0,582
48,"test_DGMB","amore",1,1986
48,"test_DGMB","fond4.jpg",1,844
48,"test_DGMB","bello",1,955
48,"test_DGMB","fond6.jpg",1,529
48,"test_DGMB","male",1,659
48,"test_DGMB","fond3.jpg",1,767
48,"test_DGMB","brutto",1,861
48,"test_DGMB","latte4.jpg",1,713
48,"test_DGMB","schifo",1,1109
48,"test_DGMB","latte2.jpg",0,649
48,"test_DGMB","paradiso",1,759
48,"test_DGMB","latte4.jpg",0,710
48,"test_DGMB","felicità",1,1218
49,"practice_DGMB","paradiso",1,1772
49,"practice_DGMB","fond2.jpg",1,699
49,"practice_DGMB","schifo",1,1429
49,"practice_DGMB","latte6.jpg",1,935
49,"practice_DGMB","piacere",1,936
49,"practice_DGMB","fond6.jpg",1,1321
49,"practice_DGMB","bello",1,711
49,"practice_DGMB","fond3.jpg",1,574
49,"practice_DGMB","agonia",0,655
49,"practice_DGMB","latte4.jpg",1,905
49,"practice_DGMB","eccellente",1,925
49,"practice_DGMB","latte2.jpg",1,706
49,"practice_DGMB","disastro",1,1111
49,"practice_DGMB","latte7.jpg",1,1202
49,"practice_DGMB","terribile",1,600
49,"practice_DGMB","fond7.jpg",1,687
49,"practice_DGMB","felicità",1,534
49,"practice_DGMB","fond5.jpg",1,463
49,"practice_DGMB","fastidioso",1,740
49,"practice_DGMB","fond1.jpg",0,456
49,"test_DGMB","latte5.jpg",1,1167
49,"test_DGMB","amore",1,701
49,"test_DGMB","latte1.jpg",1,713
49,"test_DGMB","brutto",1,613
49,"test_DGMB","latte3.jpg",0,639
49,"test_DGMB","ridere",1,854
49,"test_DGMB","latte5.jpg",0,551
49,"test_DGMB","cattivo",0,667
49,"test_DGMB","fond4.jpg",1,1071
49,"test_DGMB","dolore",1,643
49,"test_DGMB","fond1.jpg",0,849
49,"test_DGMB","orribile",1,559
49,"test_DGMB","fond7.jpg",1,607
49,"test_DGMB","gioia",1,1453
49,"test_DGMB","latte3.jpg",1,518
49,"test_DGMB","nocivo",0,877
49,"test_DGMB","fond6.jpg",1,531
49,"test_DGMB","pace",1,621
49,"test_DGMB","fond5.jpg",1,473
49,"test_DGMB","stupendo",0,565
49,"test_DGMB","latte6.jpg",1,967
49,"test_DGMB","odio",1,653
49,"test_DGMB","latte7.jpg",0,622
49,"test_DGMB","gloria",1,747
49,"test_DGMB","latte2.jpg",1,654
49,"test_DGMB","buono",1,824
49,"test_DGMB","latte1.jpg",0,756
49,"test_DGMB","fallimento",1,890
49,"test_DGMB","latte4.jpg",1,835
49,"test_DGMB","male",1,855
49,"test_DGMB","fond4.jpg",1,664
49,"test_DGMB","nocivo",1,916
49,"test_DGMB","fond3.jpg",1,691
49,"test_DGMB","fastidioso",1,844
49,"test_DGMB","fond2.jpg",1,562
49,"test_DGMB","meraviglioso",1,874
49,"test_DGMB","fond4.jpg",1,528
49,"test_DGMB","buono",1,551
49,"test_DGMB","latte4.jpg",1,502
49,"test_DGMB","meraviglioso",1,783
49,"practice_MGDB","meraviglioso",1,769
49,"practice_MGDB","fond4.jpg",1,770
49,"practice_MGDB","paradiso",1,731
49,"practice_MGDB","latte7.jpg",1,757
49,"practice_MGDB","dolore",1,819
49,"practice_MGDB","fond7.jpg",1,807
49,"practice_MGDB","nocivo",1,662
49,"practice_MGDB","latte4.jpg",1,506
49,"practice_MGDB","buono",1,438
49,"practice_MGDB","latte3.jpg",1,389
49,"practice_MGDB","orribile",1,602
49,"practice_MGDB","latte5.jpg",1,528
49,"practice_MGDB","gloria",1,599
49,"practice_MGDB","latte6.jpg",1,446
49,"practice_MGDB","male",1,597
49,"practice_MGDB","fond5.jpg",1,452
49,"practice_MGDB","disastro",1,694
49,"practice_MGDB","fond3.jpg",1,407
49,"practice_MGDB","schifo",1,502
49,"practice_MGDB","latte2.jpg",0,379
49,"test_MGDB","latte1.jpg",1,1533
49,"test_MGDB","terribile",1,598
49,"test_MGDB","fond6.jpg",0,620
49,"test_MGDB","agonia",0,726
49,"test_MGDB","latte6.jpg",1,1135
49,"test_MGDB","cattivo",1,696
49,"test_MGDB","fond1.jpg",1,449
49,"test_MGDB","eccellente",1,611
49,"test_MGDB","fond2.jpg",1,668
49,"test_MGDB","odio",1,481
49,"test_MGDB","fond3.jpg",1,567
49,"test_MGDB","piacere",1,670
49,"test_MGDB","fond5.jpg",1,602
49,"test_MGDB","brutto",1,705
49,"test_MGDB","fond1.jpg",1,389
49,"test_MGDB","amore",1,554
49,"test_MGDB","latte7.jpg",0,577
49,"test_MGDB","felicità",1,1714
49,"test_MGDB","fond7.jpg",1,1223
49,"test_MGDB","bello",1,723
49,"test_MGDB","latte2.jpg",0,633
49,"test_MGDB","fallimento",1,838
49,"test_MGDB","latte3.jpg",1,652
49,"test_MGDB","fastidioso",1,853
49,"test_MGDB","fond2.jpg",1,486
49,"test_MGDB","gioia",1,885
49,"test_MGDB","latte5.jpg",1,430
49,"test_MGDB","cattivo",1,547
49,"test_MGDB","latte1.jpg",1,583
49,"test_MGDB","stupendo",1,659
49,"test_MGDB","latte4.jpg",1,439
49,"test_MGDB","ridere",1,487
49,"test_MGDB","latte6.jpg",1,368
49,"test_MGDB","pace",1,479
49,"test_MGDB","fond6.jpg",1,582
49,"test_MGDB","bello",1,635
49,"test_MGDB","fond4.jpg",1,985
49,"test_MGDB","orribile",1,517
49,"test_MGDB","fond5.jpg",1,372
49,"test_MGDB","amore",1,526
53,"practice_MGDB","orribile",1,878
53,"practice_MGDB","fond7.jpg",1,652
53,"practice_MGDB","schifo",1,550
53,"practice_MGDB","latte3.jpg",1,581
53,"practice_MGDB","piacere",1,743
53,"practice_MGDB","latte4.jpg",1,539
53,"practice_MGDB","nocivo",1,605
53,"practice_MGDB","fond2.jpg",1,806
53,"practice_MGDB","eccellente",1,572
53,"practice_MGDB","fond3.jpg",1,598
53,"practice_MGDB","felicità",1,533
53,"practice_MGDB","fond5.jpg",1,558
53,"practice_MGDB","cattivo",1,517
53,"practice_MGDB","fond4.jpg",1,388
53,"practice_MGDB","fallimento",1,505
53,"practice_MGDB","latte1.jpg",1,597
53,"practice_MGDB","amore",0,556
53,"practice_MGDB","latte6.jpg",1,1187
53,"practice_MGDB","male",1,622
53,"practice_MGDB","latte2.jpg",1,586
53,"test_MGDB","latte7.jpg",1,615
53,"test_MGDB","buono",1,417
53,"test_MGDB","fond1.jpg",1,482
53,"test_MGDB","terribile",1,602
53,"test_MGDB","fond6.jpg",1,528
53,"test_MGDB","gioia",1,527
53,"test_MGDB","fond7.jpg",1,481
53,"test_MGDB","disastro",1,712
53,"test_MGDB","fond1.jpg",1,623
53,"test_MGDB","bello",1,475
53,"test_MGDB","fond2.jpg",1,530
53,"test_MGDB","brutto",1,491
53,"test_MGDB","fond3.jpg",1,477
53,"test_MGDB","fastidioso",1,620
53,"test_MGDB","latte5.jpg",1,496
53,"test_MGDB","odio",1,466
53,"test_MGDB","latte6.jpg",1,582
53,"test_MGDB","pace",1,442
53,"test_MGDB","latte5.jpg",1,434
53,"test_MGDB","ridere",1,494
53,"test_MGDB","latte2.jpg",1,384
53,"test_MGDB","stupendo",1,492
53,"test_MGDB","fond4.jpg",1,494
53,"test_MGDB","paradiso",1,512
53,"test_MGDB","latte1.jpg",1,734
53,"test_MGDB","meraviglioso",1,512
53,"test_MGDB","latte7.jpg",1,391
53,"test_MGDB","gloria",1,427
53,"test_MGDB","latte4.jpg",1,440
53,"test_MGDB","ridere",1,431
53,"test_MGDB","fond6.jpg",1,454
53,"test_MGDB","dolore",0,440
53,"test_MGDB","fond5.jpg",1,879
53,"test_MGDB","bello",1,501
53,"test_MGDB","fond7.jpg",1,769
53,"test_MGDB","agonia",0,451
53,"test_MGDB","latte3.jpg",1,932
53,"test_MGDB","male",1,757
53,"test_MGDB","latte2.jpg",1,612
53,"test_MGDB","terribile",1,573
53,"practice_DGMB","disastro",1,1423
53,"practice_DGMB","fond4.jpg",1,1465
53,"practice_DGMB","terribile",1,1021
53,"practice_DGMB","latte2.jpg",1,768
53,"practice_DGMB","nocivo",1,919
53,"practice_DGMB","latte4.jpg",1,612
53,"practice_DGMB","piacere",0,815
53,"practice_DGMB","latte1.jpg",1,848
53,"practice_DGMB","pace",1,950
53,"practice_DGMB","fond6.jpg",1,850
53,"practice_DGMB","schifo",1,891
53,"practice_DGMB","latte5.jpg",1,668
53,"practice_DGMB","ridere",1,896
53,"practice_DGMB","fond3.jpg",1,625
53,"practice_DGMB","felicità",1,517
53,"practice_DGMB","fond7.jpg",1,500
53,"practice_DGMB","buono",1,478
53,"practice_DGMB","latte6.jpg",1,549
53,"practice_DGMB","eccellente",1,513
53,"practice_DGMB","latte7.jpg",1,680
53,"test_DGMB","latte3.jpg",1,774
53,"test_DGMB","agonia",0,767
53,"test_DGMB","fond2.jpg",1,880
53,"test_DGMB","male",0,1119
53,"test_DGMB","fond5.jpg",1,469
53,"test_DGMB","brutto",0,649
53,"test_DGMB","fond1.jpg",1,499
53,"test_DGMB","gloria",0,1101
53,"test_DGMB","fond5.jpg",1,1744
53,"test_DGMB","dolore",1,1039
53,"test_DGMB","latte4.jpg",1,766
53,"test_DGMB","cattivo",0,636
53,"test_DGMB","fond4.jpg",1,1051
53,"test_DGMB","fastidioso",1,2260
53,"test_DGMB","latte3.jpg",1,774
53,"test_DGMB","fallimento",1,623
53,"test_DGMB","latte1.jpg",1,667
53,"test_DGMB","bello",0,735
53,"test_DGMB","latte6.jpg",1,1784
53,"test_DGMB","paradiso",1,915
53,"test_DGMB","fond1.jpg",1,777
53,"test_DGMB","odio",0,1994
53,"test_DGMB","fond2.jpg",1,471
53,"test_DGMB","orribile",1,684
53,"test_DGMB","latte7.jpg",1,730
53,"test_DGMB","nocivo",1,532
53,"test_DGMB","latte5.jpg",1,677
53,"test_DGMB","meraviglioso",1,660
53,"test_DGMB","fond6.jpg",1,688
53,"test_DGMB","gioia",1,495
53,"test_DGMB","latte2.jpg",1,704
53,"test_DGMB","dolore",1,580
53,"test_DGMB","fond7.jpg",1,752
53,"test_DGMB","amore",1,468
53,"test_DGMB","fond3.jpg",1,617
53,"test_DGMB","stupendo",1,682
53,"test_DGMB","fond4.jpg",1,465
53,"test_DGMB","felicità",1,581
53,"test_DGMB","latte5.jpg",1,561
53,"test_DGMB","ridere",1,768
57,"practice_DGMB","brutto",1,1418
57,"practice_DGMB","latte1.jpg",1,765
57,"practice_DGMB","fastidioso",1,1163
57,"practice_DGMB","fond3.jpg",1,1321
57,"practice_DGMB","schifo",1,679
57,"practice_DGMB","fond1.jpg",1,782
57,"practice_DGMB","bello",1,1063
57,"practice_DGMB","latte5.jpg",1,715
57,"practice_DGMB","fallimento",0,2399
57,"practice_DGMB","fond4.jpg",1,515
57,"practice_DGMB","terribile",0,695
57,"practice_DGMB","fond5.jpg",1,1000
57,"practice_DGMB","agonia",1,983
57,"practice_DGMB","latte2.jpg",1,738
57,"practice_DGMB","male",1,939
57,"practice_DGMB","latte6.jpg",1,759
57,"practice_DGMB","felicità",1,1294
57,"practice_DGMB","latte7.jpg",1,750
57,"practice_DGMB","paradiso",1,1058
57,"practice_DGMB","latte3.jpg",1,710
57,"test_DGMB","fond2.jpg",1,1075
57,"test_DGMB","nocivo",1,767
57,"test_DGMB","fond6.jpg",1,752
57,"test_DGMB","cattivo",1,708
57,"test_DGMB","fond7.jpg",1,704
57,"test_DGMB","disastro",1,756
57,"test_DGMB","latte4.jpg",1,786
57,"test_DGMB","orribile",1,758
57,"test_DGMB","fond1.jpg",1,661
57,"test_DGMB","meraviglioso",1,654
57,"test_DGMB","latte3.jpg",1,632
57,"test_DGMB","odio",1,972
57,"test_DGMB","latte7.jpg",1,597
57,"test_DGMB","pace",0,1076
57,"test_DGMB","latte4.jpg",1,1138
57,"test_DGMB","gloria",1,763
57,"test_DGMB","latte6.jpg",1,705
57,"test_DGMB","stupendo",1,1165
57,"test_DGMB","fond7.jpg",1,1518
57,"test_DGMB","piacere",1,755
57,"test_DGMB","latte2.jpg",1,602
57,"test_DGMB","gioia",1,977
57,"test_DGMB","fond3.jpg",1,601
57,"test_DGMB","dolore",0,592
57,"test_DGMB","fond4.jpg",1,671
57,"test_DGMB","amore",1,955
57,"test_DGMB","fond5.jpg",1,473
57,"test_DGMB","odio",1,542
57,"test_DGMB","latte5.jpg",1,530
57,"test_DGMB","terribile",1,556
57,"test_DGMB","latte1.jpg",1,643
57,"test_DGMB","eccellente",1,641
57,"test_DGMB","fond2.jpg",1,680
57,"test_DGMB","ridere",1,647
57,"test_DGMB","fond6.jpg",1,592
57,"test_DGMB","buono",1,645
57,"test_DGMB","latte7.jpg",1,654
57,"test_DGMB","felicità",1,679
57,"test_DGMB","fond6.jpg",1,1222
57,"test_DGMB","stupendo",0,599
57,"practice_MGDB","male",1,2322
57,"practice_MGDB","fond1.jpg",1,526
57,"practice_MGDB","buono",1,773
57,"practice_MGDB","fond7.jpg",1,622
57,"practice_MGDB","ridere",1,607
57,"practice_MGDB","fond3.jpg",1,609
57,"practice_MGDB","bello",1,770
57,"practice_MGDB","fond2.jpg",1,724
57,"practice_MGDB","fallimento",1,730
57,"practice_MGDB","fond6.jpg",1,756
57,"practice_MGDB","gloria",1,695
57,"practice_MGDB","latte5.jpg",1,465
57,"practice_MGDB","meraviglioso",1,581
57,"practice_MGDB","latte1.jpg",1,593
57,"practice_MGDB","dolore",1,550
57,"practice_MGDB","latte3.jpg",1,594
57,"practice_MGDB","terribile",1,558
57,"practice_MGDB","fond4.jpg",1,1317
57,"practice_MGDB","disastro",1,579
57,"practice_MGDB","latte7.jpg",1,463
57,"test_MGDB","latte4.jpg",1,811
57,"test_MGDB","eccellente",1,532
57,"test_MGDB","fond5.jpg",1,541
57,"test_MGDB","amore",1,607
57,"test_MGDB","fond5.jpg",1,584
57,"test_MGDB","pace",1,589
57,"test_MGDB","fond3.jpg",1,625
57,"test_MGDB","schifo",1,533
57,"test_MGDB","latte2.jpg",1,598
57,"test_MGDB","nocivo",1,549
57,"test_MGDB","fond4.jpg",1,569
57,"test_MGDB","gioia",1,515
57,"test_MGDB","latte6.jpg",1,530
57,"test_MGDB","orribile",1,508
57,"test_MGDB","latte6.jpg",1,488
57,"test_MGDB","brutto",1,559
57,"test_MGDB","fond6.jpg",1,526
57,"test_MGDB","felicità",1,549
57,"test_MGDB","latte3.jpg",1,441
57,"test_MGDB","agonia",1,560
57,"test_MGDB","latte5.jpg",1,463
57,"test_MGDB","fastidioso",1,668
57,"test_MGDB","fond1.jpg",1,520
57,"test_MGDB","odio",1,631
57,"test_MGDB","latte7.jpg",1,437
57,"test_MGDB","cattivo",1,445
57,"test_MGDB","latte4.jpg",0,422
57,"test_MGDB","piacere",1,835
57,"test_MGDB","latte2.jpg",1,433
57,"test_MGDB","paradiso",1,646
57,"test_MGDB","latte1.jpg",1,439
57,"test_MGDB","stupendo",1,478
57,"test_MGDB","latte3.jpg",1,493
57,"test_MGDB","buono",1,527
57,"test_MGDB","fond2.jpg",1,480
57,"test_MGDB","male",1,471
57,"test_MGDB","fond7.jpg",1,454
57,"test_MGDB","gloria",1,448
57,"test_MGDB","fond3.jpg",1,410
57,"test_MGDB","brutto",1,460
50,"practice_DGMB","piacere",1,3176
50,"practice_DGMB","fond4.jpg",1,1157
50,"practice_DGMB","cattivo",1,755
50,"practice_DGMB","fond5.jpg",1,650
50,"practice_DGMB","meraviglioso",1,723
50,"practice_DGMB","fond6.jpg",1,498
50,"practice_DGMB","gioia",0,636
50,"practice_DGMB","latte1.jpg",1,994
50,"practice_DGMB","buono",1,742
50,"practice_DGMB","latte2.jpg",1,1010
50,"practice_DGMB","disastro",1,867
50,"practice_DGMB","fond1.jpg",1,679
50,"practice_DGMB","agonia",1,909
50,"practice_DGMB","fond2.jpg",1,969
50,"practice_DGMB","paradiso",0,967
50,"practice_DGMB","fond7.jpg",1,808
50,"practice_DGMB","amore",1,1015
50,"practice_DGMB","latte4.jpg",1,648
50,"practice_DGMB","bello",1,807
50,"practice_DGMB","fond3.jpg",1,952
50,"test_DGMB","fond2.jpg",1,695
50,"test_DGMB","schifo",1,809
50,"test_DGMB","latte6.jpg",1,626
50,"test_DGMB","eccellente",1,1070
50,"test_DGMB","fond4.jpg",1,570
50,"test_DGMB","felicità",0,795
50,"test_DGMB","latte5.jpg",1,545
50,"test_DGMB","fastidioso",1,1118
50,"test_DGMB","latte7.jpg",1,516
50,"test_DGMB","male",1,659
50,"test_DGMB","latte3.jpg",1,543
50,"test_DGMB","pace",1,651
50,"test_DGMB","fond3.jpg",1,581
50,"test_DGMB","stupendo",1,462
50,"test_DGMB","fond6.jpg",1,458
50,"test_DGMB","odio",1,540
50,"test_DGMB","fond5.jpg",1,569
50,"test_DGMB","ridere",1,695
50,"test_DGMB","fond1.jpg",1,673
50,"test_DGMB","nocivo",1,573
50,"test_DGMB","latte3.jpg",1,598
50,"test_DGMB","terribile",0,806
50,"test_DGMB","fond7.jpg",1,686
50,"test_DGMB","gloria",1,1029
50,"test_DGMB","latte5.jpg",1,489
50,"test_DGMB","pace",1,887
50,"test_DGMB","latte1.jpg",0,449
50,"test_DGMB","dolore",1,1819
50,"test_DGMB","latte4.jpg",1,450
50,"test_DGMB","brutto",0,684
50,"test_DGMB","latte2.jpg",1,922
50,"test_DGMB","fallimento",1,1113
50,"test_DGMB","latte7.jpg",1,455
50,"test_DGMB","orribile",1,697
50,"test_DGMB","fond3.jpg",1,522
50,"test_DGMB","terribile",1,729
50,"test_DGMB","latte6.jpg",1,642
50,"test_DGMB","nocivo",0,1121
50,"test_DGMB","latte4.jpg",0,615
50,"test_DGMB","bello",1,945
50,"practice_MGDB","stupendo",1,1011
50,"practice_MGDB","fond1.jpg",1,660
50,"practice_MGDB","piacere",1,973
50,"practice_MGDB","latte6.jpg",1,446
50,"practice_MGDB","meraviglioso",1,581
50,"practice_MGDB","fond2.jpg",1,537
50,"practice_MGDB","felicità",1,1035
50,"practice_MGDB","latte1.jpg",1,401
50,"practice_MGDB","brutto",1,520
50,"practice_MGDB","fond6.jpg",1,519
50,"practice_MGDB","eccellente",1,646
50,"practice_MGDB","fond5.jpg",1,552
50,"practice_MGDB","buono",1,548
50,"practice_MGDB","latte5.jpg",1,560
50,"practice_MGDB","cattivo",1,559
50,"practice_MGDB","fond3.jpg",1,518
50,"practice_MGDB","nocivo",1,581
50,"practice_MGDB","fond7.jpg",1,481
50,"practice_MGDB","odio",1,368
50,"practice_MGDB","latte3.jpg",1,474
50,"test_MGDB","fond4.jpg",1,828
50,"test_MGDB","terribile",1,448
50,"test_MGDB","latte4.jpg",1,466
50,"test_MGDB","bello",1,606
50,"test_MGDB","latte7.jpg",1,432
50,"test_MGDB","pace",1,580
50,"test_MGDB","fond3.jpg",1,457
50,"test_MGDB","amore",1,546
50,"test_MGDB","latte2.jpg",1,414
50,"test_MGDB","agonia",1,552
50,"test_MGDB","latte4.jpg",1,535
50,"test_MGDB","schifo",1,553
50,"test_MGDB","fond4.jpg",1,552
50,"test_MGDB","ridere",1,588
50,"test_MGDB","fond7.jpg",1,560
50,"test_MGDB","paradiso",1,575
50,"test_MGDB","latte3.jpg",1,864
50,"test_MGDB","gioia",1,516
50,"test_MGDB","latte2.jpg",1,411
50,"test_MGDB","gloria",1,557
50,"test_MGDB","fond2.jpg",1,516
50,"test_MGDB","orribile",1,659
50,"test_MGDB","latte7.jpg",1,487
50,"test_MGDB","disastro",1,1502
50,"test_MGDB","latte1.jpg",1,481
50,"test_MGDB","dolore",1,648
50,"test_MGDB","fond5.jpg",1,513
50,"test_MGDB","felicità",1,558
50,"test_MGDB","latte5.jpg",1,668
50,"test_MGDB","fallimento",1,833
50,"test_MGDB","fond1.jpg",1,383
50,"test_MGDB","fastidioso",1,492
50,"test_MGDB","latte6.jpg",1,453
50,"test_MGDB","male",1,583
50,"test_MGDB","latte5.jpg",1,1067
50,"test_MGDB","piacere",0,511
50,"test_MGDB","fond6.jpg",1,781
50,"test_MGDB","orribile",0,607
50,"test_MGDB","fond7.jpg",1,1200
50,"test_MGDB","dolore",1,670
54,"practice_MGDB","brutto",1,1153
54,"practice_MGDB","fond5.jpg",1,958
54,"practice_MGDB","buono",1,1037
54,"practice_MGDB","fond7.jpg",1,707
54,"practice_MGDB","stupendo",1,991
54,"practice_MGDB","latte5.jpg",1,586
54,"practice_MGDB","amore",1,607
54,"practice_MGDB","latte1.jpg",1,752
54,"practice_MGDB","gloria",1,668
54,"practice_MGDB","fond2.jpg",1,656
54,"practice_MGDB","odio",1,538
54,"practice_MGDB","latte6.jpg",1,590
54,"practice_MGDB","orribile",1,746
54,"practice_MGDB","fond6.jpg",1,454
54,"practice_MGDB","piacere",1,712
54,"practice_MGDB","fond1.jpg",1,583
54,"practice_MGDB","bello",1,827
54,"practice_MGDB","fond4.jpg",1,551
54,"practice_MGDB","ridere",1,795
54,"practice_MGDB","latte3.jpg",1,585
54,"test_MGDB","fond3.jpg",1,899
54,"test_MGDB","schifo",1,676
54,"test_MGDB","fond7.jpg",1,411
54,"test_MGDB","dolore",1,541
54,"test_MGDB","latte7.jpg",1,673
54,"test_MGDB","cattivo",1,605
54,"test_MGDB","fond3.jpg",1,663
54,"test_MGDB","fastidioso",1,803
54,"test_MGDB","latte2.jpg",1,537
54,"test_MGDB","fallimento",1,563
54,"test_MGDB","latte4.jpg",1,578
54,"test_MGDB","disastro",1,547
54,"test_MGDB","latte6.jpg",1,432
54,"test_MGDB","nocivo",1,620
54,"test_MGDB","fond4.jpg",1,640
54,"test_MGDB","agonia",1,615
54,"test_MGDB","fond6.jpg",1,504
54,"test_MGDB","terribile",1,525
54,"test_MGDB","latte4.jpg",1,542
54,"test_MGDB","meraviglioso",1,611
54,"test_MGDB","latte3.jpg",1,468
54,"test_MGDB","eccellente",1,424
54,"test_MGDB","fond2.jpg",1,533
54,"test_MGDB","male",1,510
54,"test_MGDB","latte7.jpg",1,450
54,"test_MGDB","pace",1,477
54,"test_MGDB","latte2.jpg",1,651
54,"test_MGDB","brutto",1,565
54,"test_MGDB","latte5.jpg",1,934
54,"test_MGDB","gioia",1,816
54,"test_MGDB","fond1.jpg",1,489
54,"test_MGDB","felicità",1,538
54,"test_MGDB","fond5.jpg",1,534
54,"test_MGDB","paradiso",1,632
54,"test_MGDB","latte1.jpg",1,535
54,"test_MGDB","gloria",1,521
54,"test_MGDB","latte2.jpg",1,496
54,"test_MGDB","dolore",1,521
54,"test_MGDB","fond5.jpg",1,568
54,"test_MGDB","ridere",1,663
54,"practice_DGMB","ridere",1,1123
54,"practice_DGMB","fond7.jpg",1,2156
54,"practice_DGMB","pace",0,1286
54,"practice_DGMB","latte7.jpg",1,1630
54,"practice_DGMB","eccellente",1,2833
54,"practice_DGMB","fond3.jpg",1,994
54,"practice_DGMB","gioia",0,1037
54,"practice_DGMB","latte5.jpg",1,1059
54,"practice_DGMB","male",1,1868
54,"practice_DGMB","fond6.jpg",1,966
54,"practice_DGMB","paradiso",1,1597
54,"practice_DGMB","latte1.jpg",1,1018
54,"practice_DGMB","nocivo",1,1243
54,"practice_DGMB","latte4.jpg",1,601
54,"practice_DGMB","orribile",1,1160
54,"practice_DGMB","fond4.jpg",1,846
54,"practice_DGMB","disastro",1,748
54,"practice_DGMB","fond2.jpg",1,960
54,"practice_DGMB","buono",1,1191
54,"practice_DGMB","latte2.jpg",1,970
54,"test_DGMB","fond1.jpg",1,840
54,"test_DGMB","gloria",1,1023
54,"test_DGMB","fond5.jpg",1,507
54,"test_DGMB","cattivo",1,727
54,"test_DGMB","latte3.jpg",1,824
54,"test_DGMB","fastidioso",1,1116
54,"test_DGMB","fond2.jpg",1,626
54,"test_DGMB","agonia",1,782
54,"test_DGMB","latte6.jpg",1,1186
54,"test_DGMB","amore",1,1013
54,"test_DGMB","fond7.jpg",1,718
54,"test_DGMB","felicità",0,820
54,"test_DGMB","fond1.jpg",1,1353
54,"test_DGMB","odio",1,876
54,"test_DGMB","latte7.jpg",1,2306
54,"test_DGMB","brutto",0,2028
54,"test_DGMB","latte6.jpg",1,1862
54,"test_DGMB","schifo",1,1245
54,"test_DGMB","fond4.jpg",1,702
54,"test_DGMB","bello",1,991
54,"test_DGMB","latte4.jpg",1,1026
54,"test_DGMB","stupendo",1,1982
54,"test_DGMB","fond6.jpg",1,560
54,"test_DGMB","fallimento",1,695
54,"test_DGMB","latte5.jpg",1,825
54,"test_DGMB","dolore",1,1221
54,"test_DGMB","fond5.jpg",1,728
54,"test_DGMB","meraviglioso",1,870
54,"test_DGMB","latte2.jpg",1,626
54,"test_DGMB","piacere",0,1006
54,"test_DGMB","latte3.jpg",1,999
54,"test_DGMB","terribile",1,829
54,"test_DGMB","fond3.jpg",1,825
54,"test_DGMB","piacere",1,549
54,"test_DGMB","fond6.jpg",1,513
54,"test_DGMB","gioia",1,1270
54,"test_DGMB","latte1.jpg",1,673
54,"test_DGMB","nocivo",1,1717
54,"test_DGMB","latte7.jpg",1,586
54,"test_DGMB","terribile",1,1534
58,"practice_DGMB","odio",1,1321
58,"practice_DGMB","latte7.jpg",1,1265
58,"practice_DGMB","fallimento",1,1084
58,"practice_DGMB","latte5.jpg",1,698
58,"practice_DGMB","piacere",1,2332
58,"practice_DGMB","fond3.jpg",1,1211
58,"practice_DGMB","male",1,2019
58,"practice_DGMB","latte2.jpg",1,970
58,"practice_DGMB","dolore",1,2124
58,"practice_DGMB","fond7.jpg",1,1184
58,"practice_DGMB","disastro",0,1243
58,"practice_DGMB","fond2.jpg",1,1649
58,"practice_DGMB","agonia",1,1135
58,"practice_DGMB","fond6.jpg",1,1575
58,"practice_DGMB","paradiso",1,2287
58,"practice_DGMB","fond1.jpg",1,1358
58,"practice_DGMB","meraviglioso",1,1700
58,"practice_DGMB","latte6.jpg",1,1398
58,"practice_DGMB","nocivo",1,1156
58,"practice_DGMB","latte3.jpg",1,1146
58,"test_DGMB","fond5.jpg",1,1507
58,"test_DGMB","brutto",1,1166
58,"test_DGMB","latte1.jpg",1,2631
58,"test_DGMB","amore",1,1088
58,"test_DGMB","fond4.jpg",1,1321
58,"test_DGMB","ridere",1,1118
58,"test_DGMB","fond5.jpg",1,964
58,"test_DGMB","felicità",1,1003
58,"test_DGMB","fond2.jpg",1,569
58,"test_DGMB","schifo",1,859
58,"test_DGMB","latte4.jpg",1,966
58,"test_DGMB","eccellente",1,1085
58,"test_DGMB","fond7.jpg",1,938
58,"test_DGMB","pace",1,852
58,"test_DGMB","latte1.jpg",1,845
58,"test_DGMB","bello",1,955
58,"test_DGMB","fond1.jpg",1,802
58,"test_DGMB","terribile",1,896
58,"test_DGMB","fond4.jpg",1,897
58,"test_DGMB","fastidioso",0,1346
58,"test_DGMB","latte4.jpg",1,1429
58,"test_DGMB","gioia",1,984
58,"test_DGMB","latte5.jpg",1,1467
58,"test_DGMB","cattivo",1,1615
58,"test_DGMB","latte2.jpg",1,1478
58,"test_DGMB","buono",1,924
58,"test_DGMB","latte6.jpg",1,1594
58,"test_DGMB","orribile",1,1501
58,"test_DGMB","latte3.jpg",1,2240
58,"test_DGMB","gloria",1,908
58,"test_DGMB","latte7.jpg",1,1120
58,"test_DGMB","stupendo",1,974
58,"test_DGMB","fond6.jpg",1,1647
58,"test_DGMB","nocivo",1,1308
58,"test_DGMB","fond3.jpg",1,1423
58,"test_DGMB","ridere",1,1431
58,"test_DGMB","fond6.jpg",1,1618
58,"test_DGMB","felicità",1,2434
58,"test_DGMB","latte3.jpg",1,1934
58,"test_DGMB","orribile",1,1110
58,"practice_MGDB","dolore",1,1248
58,"practice_MGDB","fond3.jpg",0,1064
58,"practice_MGDB","gioia",1,1099
58,"practice_MGDB","latte4.jpg",1,791
58,"practice_MGDB","meraviglioso",1,1059
58,"practice_MGDB","fond4.jpg",1,838
58,"practice_MGDB","disastro",1,965
58,"practice_MGDB","latte3.jpg",1,878
58,"practice_MGDB","buono",1,764
58,"practice_MGDB","latte1.jpg",1,738
58,"practice_MGDB","felicità",1,780
58,"practice_MGDB","latte7.jpg",1,776
58,"practice_MGDB","orribile",1,865
58,"practice_MGDB","latte2.jpg",1,733
58,"practice_MGDB","fastidioso",1,1638
58,"practice_MGDB","latte6.jpg",1,667
58,"practice_MGDB","ridere",1,776
58,"practice_MGDB","fond7.jpg",1,761
58,"practice_MGDB","eccellente",1,767
58,"practice_MGDB","latte5.jpg",1,825
58,"test_MGDB","fond2.jpg",1,896
58,"test_MGDB","amore",1,793
58,"test_MGDB","latte4.jpg",1,719
58,"test_MGDB","agonia",1,822
58,"test_MGDB","fond5.jpg",1,842
58,"test_MGDB","odio",1,712
58,"test_MGDB","fond1.jpg",1,839
58,"test_MGDB","cattivo",1,693
58,"test_MGDB","fond6.jpg",1,446
58,"test_MGDB","bello",1,814
58,"test_MGDB","fond7.jpg",1,727
58,"test_MGDB","male",1,598
58,"test_MGDB","latte5.jpg",1,573
58,"test_MGDB","piacere",1,710
58,"test_MGDB","latte3.jpg",1,1066
58,"test_MGDB","schifo",1,694
58,"test_MGDB","latte1.jpg",1,727
58,"test_MGDB","gloria",1,502
58,"test_MGDB","fond6.jpg",1,682
58,"test_MGDB","pace",1,625
58,"test_MGDB","latte6.jpg",1,701
58,"test_MGDB","paradiso",1,542
58,"test_MGDB","latte2.jpg",1,634
58,"test_MGDB","terribile",1,991
58,"test_MGDB","fond5.jpg",1,778
58,"test_MGDB","stupendo",1,683
58,"test_MGDB","fond1.jpg",1,882
58,"test_MGDB","brutto",1,561
58,"test_MGDB","latte7.jpg",1,511
58,"test_MGDB","fallimento",1,644
58,"test_MGDB","fond4.jpg",1,786
58,"test_MGDB","nocivo",1,606
58,"test_MGDB","fond3.jpg",1,464
58,"test_MGDB","disastro",1,468
58,"test_MGDB","fond2.jpg",1,465
58,"test_MGDB","felicità",1,573
58,"test_MGDB","fond6.jpg",1,519
58,"test_MGDB","schifo",1,550
58,"test_MGDB","latte5.jpg",1,506
58,"test_MGDB","stupendo",1,566
62,"practice_MGDB","odio",1,764
62,"practice_MGDB","latte3.jpg",1,694
62,"practice_MGDB","dolore",1,951
62,"practice_MGDB","fond1.jpg",1,565
62,"practice_MGDB","agonia",1,836
62,"practice_MGDB","fond4.jpg",1,579
62,"practice_MGDB","amore",1,708
62,"practice_MGDB","latte1.jpg",1,456
62,"practice_MGDB","terribile",1,514
62,"practice_MGDB","fond2.jpg",1,561
62,"practice_MGDB","fallimento",1,720
62,"practice_MGDB","latte4.jpg",1,767
62,"practice_MGDB","stupendo",1,469
62,"practice_MGDB","fond6.jpg",1,586
62,"practice_MGDB","brutto",1,502
62,"practice_MGDB","latte7.jpg",1,506
62,"practice_MGDB","ridere",1,759
62,"practice_MGDB","latte2.jpg",1,773
62,"practice_MGDB","pace",1,534
62,"practice_MGDB","fond3.jpg",1,392
62,"test_MGDB","fond7.jpg",1,603
62,"test_MGDB","orribile",1,642
62,"test_MGDB","latte5.jpg",1,432
62,"test_MGDB","disastro",1,565
62,"test_MGDB","fond5.jpg",1,526
62,"test_MGDB","meraviglioso",1,509
62,"test_MGDB","fond3.jpg",1,586
62,"test_MGDB","buono",1,502
62,"test_MGDB","latte6.jpg",1,442
62,"test_MGDB","fastidioso",1,585
62,"test_MGDB","latte3.jpg",1,589
62,"test_MGDB","gioia",1,522
62,"test_MGDB","fond4.jpg",1,408
62,"test_MGDB","gloria",1,562
62,"test_MGDB","fond5.jpg",1,465
62,"test_MGDB","schifo",1,685
62,"test_MGDB","latte4.jpg",1,607
62,"test_MGDB","bello",1,494
62,"test_MGDB","fond6.jpg",1,439
62,"test_MGDB","paradiso",1,814
62,"test_MGDB","latte2.jpg",1,408
62,"test_MGDB","piacere",1,751
62,"test_MGDB","latte5.jpg",1,773
62,"test_MGDB","cattivo",1,583
62,"test_MGDB","latte6.jpg",1,587
62,"test_MGDB","male",1,791
62,"test_MGDB","latte1.jpg",1,622
62,"test_MGDB","felicità",1,463
62,"test_MGDB","fond7.jpg",1,436
62,"test_MGDB","eccellente",1,522
62,"test_MGDB","latte7.jpg",1,818
62,"test_MGDB","eccellente",1,467
62,"test_MGDB","fond1.jpg",1,631
62,"test_MGDB","felicità",1,451
62,"test_MGDB","latte7.jpg",1,413
62,"test_MGDB","nocivo",1,639
62,"test_MGDB","fond2.jpg",1,541
62,"test_MGDB","odio",1,943
62,"test_MGDB","fond4.jpg",1,395
62,"test_MGDB","disastro",1,519
62,"practice_DGMB","odio",1,1131
62,"practice_DGMB","latte4.jpg",1,804
62,"practice_DGMB","piacere",1,682
62,"practice_DGMB","latte6.jpg",1,705
62,"practice_DGMB","pace",1,797
62,"practice_DGMB","latte5.jpg",1,812
62,"practice_DGMB","male",1,789
62,"practice_DGMB","latte3.jpg",1,465
62,"practice_DGMB","agonia",1,781
62,"practice_DGMB","fond2.jpg",1,481
62,"practice_DGMB","schifo",1,544
62,"practice_DGMB","fond6.jpg",0,676
62,"practice_DGMB","paradiso",1,963
62,"practice_DGMB","fond7.jpg",1,473
62,"practice_DGMB","disastro",1,598
62,"practice_DGMB","fond5.jpg",1,524
62,"practice_DGMB","felicità",1,732
62,"practice_DGMB","fond3.jpg",1,365
62,"practice_DGMB","terribile",1,460
62,"practice_DGMB","latte7.jpg",1,408
62,"test_DGMB","latte2.jpg",1,1019
62,"test_DGMB","ridere",1,516
62,"test_DGMB","latte1.jpg",1,555
62,"test_DGMB","fastidioso",0,495
62,"test_DGMB","fond4.jpg",1,1129
62,"test_DGMB","meraviglioso",1,559
62,"test_DGMB","fond1.jpg",1,430
62,"test_DGMB","stupendo",1,458
62,"test_DGMB","latte1.jpg",1,430
62,"test_DGMB","nocivo",1,443
62,"test_DGMB","fond1.jpg",0,546
62,"test_DGMB","orribile",1,863
62,"test_DGMB","fond7.jpg",1,1146
62,"test_DGMB","eccellente",1,637
62,"test_DGMB","fond4.jpg",1,692
62,"test_DGMB","fallimento",1,965
62,"test_DGMB","latte5.jpg",1,407
62,"test_DGMB","brutto",1,502
62,"test_DGMB","fond6.jpg",0,466
62,"test_DGMB","gloria",1,727
62,"test_DGMB","fond2.jpg",1,432
62,"test_DGMB","cattivo",0,452
62,"test_DGMB","fond5.jpg",1,614
62,"test_DGMB","amore",1,639
62,"test_DGMB","latte3.jpg",1,534
62,"test_DGMB","bello",1,752
62,"test_DGMB","latte2.jpg",1,534
62,"test_DGMB","gioia",1,840
62,"test_DGMB","latte7.jpg",1,678
62,"test_DGMB","dolore",1,973
62,"test_DGMB","fond3.jpg",1,710
62,"test_DGMB","schifo",1,786
62,"test_DGMB","latte6.jpg",1,486
62,"test_DGMB","buono",1,557
62,"test_DGMB","latte4.jpg",1,644
62,"test_DGMB","brutto",1,723
62,"test_DGMB","fond7.jpg",1,889
62,"test_DGMB","amore",1,594
62,"test_DGMB","latte3.jpg",1,577
62,"test_DGMB","meraviglioso",1,531
51,"practice_DGMB","orribile",1,1322
51,"practice_DGMB","latte6.jpg",1,1186
51,"practice_DGMB","fastidioso",1,1437
51,"practice_DGMB","fond5.jpg",1,699
51,"practice_DGMB","nocivo",1,892
51,"practice_DGMB","fond3.jpg",1,749
51,"practice_DGMB","agonia",1,937
51,"practice_DGMB","latte5.jpg",1,826
51,"practice_DGMB","gloria",1,774
51,"practice_DGMB","latte7.jpg",1,919
51,"practice_DGMB","dolore",1,1309
51,"practice_DGMB","fond7.jpg",1,800
51,"practice_DGMB","brutto",1,855
51,"practice_DGMB","latte2.jpg",1,760
51,"practice_DGMB","ridere",1,679
51,"practice_DGMB","fond2.jpg",1,741
51,"practice_DGMB","fallimento",1,759
51,"practice_DGMB","fond4.jpg",1,605
51,"practice_DGMB","bello",1,700
51,"practice_DGMB","fond1.jpg",1,640
51,"test_DGMB","latte1.jpg",1,1005
51,"test_DGMB","paradiso",1,1259
51,"test_DGMB","fond6.jpg",1,654
51,"test_DGMB","amore",1,1320
51,"test_DGMB","fond4.jpg",1,614
51,"test_DGMB","gioia",1,735
51,"test_DGMB","latte3.jpg",1,544
51,"test_DGMB","pace",1,677
51,"test_DGMB","fond3.jpg",1,691
51,"test_DGMB","male",1,709
51,"test_DGMB","fond7.jpg",1,681
51,"test_DGMB","meraviglioso",1,848
51,"test_DGMB","latte4.jpg",1,545
51,"test_DGMB","eccellente",1,717
51,"test_DGMB","fond5.jpg",1,684
51,"test_DGMB","odio",1,834
51,"test_DGMB","latte3.jpg",1,1009
51,"test_DGMB","stupendo",1,671
51,"test_DGMB","latte6.jpg",1,606
51,"test_DGMB","felicità",1,581
51,"test_DGMB","latte1.jpg",1,545
51,"test_DGMB","disastro",1,741
51,"test_DGMB","latte7.jpg",0,609
51,"test_DGMB","piacere",1,1171
51,"test_DGMB","latte5.jpg",1,675
51,"test_DGMB","schifo",0,775
51,"test_DGMB","latte4.jpg",1,1192
51,"test_DGMB","buono",1,892
51,"test_DGMB","fond1.jpg",1,709
51,"test_DGMB","terribile",1,633
51,"test_DGMB","latte2.jpg",1,672
51,"test_DGMB","piacere",1,780
51,"test_DGMB","fond6.jpg",1,663
51,"test_DGMB","cattivo",1,692
51,"test_DGMB","fond2.jpg",1,605
51,"test_DGMB","fallimento",1,748
51,"test_DGMB","fond1.jpg",1,640
51,"test_DGMB","fastidioso",1,1135
51,"test_DGMB","latte5.jpg",1,615
51,"test_DGMB","buono",1,617
51,"practice_MGDB","agonia",1,1516
51,"practice_MGDB","latte7.jpg",1,825
51,"practice_MGDB","felicità",1,853
51,"practice_MGDB","latte6.jpg",1,710
51,"practice_MGDB","gloria",1,682
51,"practice_MGDB","latte2.jpg",1,513
51,"practice_MGDB","eccellente",1,621
51,"practice_MGDB","latte4.jpg",1,505
51,"practice_MGDB","gioia",1,662
51,"practice_MGDB","fond3.jpg",1,562
51,"practice_MGDB","bello",1,617
51,"practice_MGDB","fond1.jpg",1,594
51,"practice_MGDB","fallimento",1,838
51,"practice_MGDB","fond4.jpg",1,765
51,"practice_MGDB","male",1,660
51,"practice_MGDB","fond6.jpg",1,488
51,"practice_MGDB","schifo",1,591
51,"practice_MGDB","latte1.jpg",1,594
51,"practice_MGDB","pace",1,991
51,"practice_MGDB","fond7.jpg",1,506
51,"test_MGDB","latte3.jpg",1,2475
51,"test_MGDB","piacere",1,789
51,"test_MGDB","latte5.jpg",1,600
51,"test_MGDB","fastidioso",1,799
51,"test_MGDB","fond5.jpg",1,622
51,"test_MGDB","paradiso",1,815
51,"test_MGDB","fond2.jpg",1,576
51,"test_MGDB","stupendo",1,690
51,"test_MGDB","latte7.jpg",1,595
51,"test_MGDB","dolore",1,1055
51,"test_MGDB","latte1.jpg",1,792
51,"test_MGDB","cattivo",1,932
51,"test_MGDB","latte2.jpg",1,717
51,"test_MGDB","orribile",1,724
51,"test_MGDB","fond7.jpg",1,762
51,"test_MGDB","nocivo",1,673
51,"test_MGDB","latte3.jpg",1,592
51,"test_MGDB","odio",1,924
51,"test_MGDB","fond1.jpg",1,690
51,"test_MGDB","terribile",1,724
51,"test_MGDB","latte4.jpg",1,970
51,"test_MGDB","meraviglioso",1,843
51,"test_MGDB","fond6.jpg",1,538
51,"test_MGDB","brutto",1,755
51,"test_MGDB","fond3.jpg",1,538
51,"test_MGDB","disastro",1,668
51,"test_MGDB","fond5.jpg",1,608
51,"test_MGDB","buono",1,663
51,"test_MGDB","fond2.jpg",1,539
51,"test_MGDB","ridere",1,700
51,"test_MGDB","latte5.jpg",1,520
51,"test_MGDB","terribile",1,559
51,"test_MGDB","fond4.jpg",1,526
51,"test_MGDB","amore",1,573
51,"test_MGDB","fond4.jpg",1,503
51,"test_MGDB","schifo",1,715
51,"test_MGDB","latte6.jpg",1,489
51,"test_MGDB","stupendo",1,571
51,"test_MGDB","latte7.jpg",1,533
51,"test_MGDB","paradiso",1,550
55,"practice_MGDB","stupendo",1,899
55,"practice_MGDB","latte2.jpg",1,990
55,"practice_MGDB","orribile",1,698
55,"practice_MGDB","latte6.jpg",1,686
55,"practice_MGDB","schifo",1,701
55,"practice_MGDB","latte5.jpg",1,824
55,"practice_MGDB","fastidioso",1,764
55,"practice_MGDB","fond2.jpg",1,842
55,"practice_MGDB","odio",1,529
55,"practice_MGDB","fond6.jpg",1,843
55,"practice_MGDB","bello",1,586
55,"practice_MGDB","latte7.jpg",1,573
55,"practice_MGDB","ridere",1,575
55,"practice_MGDB","fond3.jpg",1,721
55,"practice_MGDB","paradiso",1,584
55,"practice_MGDB","fond1.jpg",1,692
55,"practice_MGDB","eccellente",1,725
55,"practice_MGDB","latte4.jpg",1,590
55,"practice_MGDB","pace",1,1035
55,"practice_MGDB","fond4.jpg",1,617
55,"test_MGDB","latte1.jpg",1,862
55,"test_MGDB","agonia",1,863
55,"test_MGDB","latte3.jpg",1,723
55,"test_MGDB","gioia",1,778
55,"test_MGDB","latte4.jpg",1,594
55,"test_MGDB","felicità",1,543
55,"test_MGDB","latte3.jpg",1,595
55,"test_MGDB","amore",1,471
55,"test_MGDB","fond7.jpg",1,654
55,"test_MGDB","cattivo",1,760
55,"test_MGDB","latte7.jpg",1,790
55,"test_MGDB","nocivo",1,611
55,"test_MGDB","fond5.jpg",1,412
55,"test_MGDB","disastro",1,526
55,"test_MGDB","fond7.jpg",1,527
55,"test_MGDB","fallimento",1,870
55,"test_MGDB","fond6.jpg",1,450
55,"test_MGDB","buono",1,1452
55,"test_MGDB","fond1.jpg",1,764
55,"test_MGDB","gloria",1,523
55,"test_MGDB","latte2.jpg",1,490
55,"test_MGDB","piacere",1,539
55,"test_MGDB","latte6.jpg",1,463
55,"test_MGDB","brutto",1,948
55,"test_MGDB","latte5.jpg",1,599
55,"test_MGDB","terribile",1,550
55,"test_MGDB","fond2.jpg",1,410
55,"test_MGDB","dolore",1,533
55,"test_MGDB","fond5.jpg",1,550
55,"test_MGDB","male",1,530
55,"test_MGDB","fond4.jpg",1,500
55,"test_MGDB","orribile",1,638
55,"test_MGDB","latte1.jpg",1,620
55,"test_MGDB","meraviglioso",1,718
55,"test_MGDB","fond3.jpg",1,660
55,"test_MGDB","agonia",0,598
55,"test_MGDB","latte1.jpg",1,781
55,"test_MGDB","gioia",1,486
55,"test_MGDB","fond6.jpg",1,488
55,"test_MGDB","paradiso",1,727
55,"practice_DGMB","schifo",0,813
55,"practice_DGMB","fond4.jpg",1,2390
55,"practice_DGMB","dolore",1,816
55,"practice_DGMB","latte1.jpg",1,945
55,"practice_DGMB","meraviglioso",1,1996
55,"practice_DGMB","fond1.jpg",1,1441
55,"practice_DGMB","piacere",1,727
55,"practice_DGMB","latte4.jpg",1,976
55,"practice_DGMB","terribile",1,913
55,"practice_DGMB","fond3.jpg",1,783
55,"practice_DGMB","odio",1,1323
55,"practice_DGMB","latte2.jpg",1,1353
55,"practice_DGMB","cattivo",0,916
55,"practice_DGMB","fond5.jpg",1,1082
55,"practice_DGMB","buono",1,1688
55,"practice_DGMB","fond2.jpg",0,1536
55,"practice_DGMB","nocivo",1,2528
55,"practice_DGMB","fond7.jpg",1,1071
55,"practice_DGMB","bello",1,1114
55,"practice_DGMB","latte7.jpg",1,976
55,"test_DGMB","fond6.jpg",1,1134
55,"test_DGMB","brutto",1,1527
55,"test_DGMB","latte5.jpg",1,719
55,"test_DGMB","agonia",1,2182
55,"test_DGMB","latte3.jpg",1,647
55,"test_DGMB","ridere",1,766
55,"test_DGMB","latte6.jpg",1,927
55,"test_DGMB","fallimento",1,1374
55,"test_DGMB","latte4.jpg",1,590
55,"test_DGMB","disastro",1,522
55,"test_DGMB","fond6.jpg",1,721
55,"test_DGMB","fastidioso",1,1176
55,"test_DGMB","latte5.jpg",1,417
55,"test_DGMB","eccellente",1,1002
55,"test_DGMB","fond7.jpg",1,1625
55,"test_DGMB","stupendo",1,795
55,"test_DGMB","fond4.jpg",0,1202
55,"test_DGMB","gioia",1,2992
55,"test_DGMB","latte6.jpg",1,720
55,"test_DGMB","gloria",1,943
55,"test_DGMB","latte3.jpg",1,707
55,"test_DGMB","paradiso",1,2159
55,"test_DGMB","fond2.jpg",1,1675
55,"test_DGMB","pace",1,1854
55,"test_DGMB","fond3.jpg",1,837
55,"test_DGMB","amore",1,804
55,"test_DGMB","fond5.jpg",1,682
55,"test_DGMB","male",1,2169
55,"test_DGMB","fond1.jpg",1,864
55,"test_DGMB","orribile",1,740
55,"test_DGMB","latte1.jpg",1,704
55,"test_DGMB","felicità",1,708
55,"test_DGMB","fond2.jpg",1,872
55,"test_DGMB","brutto",1,788
55,"test_DGMB","latte2.jpg",1,711
55,"test_DGMB","meraviglioso",1,715
55,"test_DGMB","latte7.jpg",1,698
55,"test_DGMB","cattivo",1,1163
55,"test_DGMB","latte3.jpg",1,513
55,"test_DGMB","eccellente",1,958
52,"practice_DGMB","felicità",1,2356
52,"practice_DGMB","latte7.jpg",1,1992
52,"practice_DGMB","male",1,1443
52,"practice_DGMB","fond3.jpg",1,952
52,"practice_DGMB","fastidioso",1,2324
52,"practice_DGMB","fond1.jpg",1,1464
52,"practice_DGMB","paradiso",1,987
52,"practice_DGMB","latte4.jpg",1,814
52,"practice_DGMB","agonia",1,800
52,"practice_DGMB","latte3.jpg",1,718
52,"practice_DGMB","stupendo",1,765
52,"practice_DGMB","fond5.jpg",1,742
52,"practice_DGMB","meraviglioso",1,1783
52,"practice_DGMB","latte6.jpg",1,634
52,"practice_DGMB","piacere",1,1014
52,"practice_DGMB","latte1.jpg",1,1055
52,"practice_DGMB","eccellente",1,752
52,"practice_DGMB","latte2.jpg",1,878
52,"practice_DGMB","disastro",1,989
52,"practice_DGMB","fond2.jpg",1,1928
52,"test_DGMB","fond7.jpg",1,1092
52,"test_DGMB","brutto",1,877
52,"test_DGMB","fond4.jpg",1,803
52,"test_DGMB","bello",1,850
52,"test_DGMB","fond6.jpg",1,619
52,"test_DGMB","odio",1,708
52,"test_DGMB","fond5.jpg",1,504
52,"test_DGMB","terribile",1,1221
52,"test_DGMB","latte5.jpg",1,2552
52,"test_DGMB","schifo",1,1057
52,"test_DGMB","latte6.jpg",1,3034
52,"test_DGMB","amore",1,874
52,"test_DGMB","latte3.jpg",1,697
52,"test_DGMB","cattivo",1,1426
52,"test_DGMB","latte2.jpg",1,997
52,"test_DGMB","fallimento",1,1187
52,"test_DGMB","latte1.jpg",1,814
52,"test_DGMB","gloria",1,936
52,"test_DGMB","latte7.jpg",1,977
52,"test_DGMB","ridere",1,1226
52,"test_DGMB","fond1.jpg",1,621
52,"test_DGMB","buono",1,654
52,"test_DGMB","fond4.jpg",1,592
52,"test_DGMB","orribile",1,660
52,"test_DGMB","fond7.jpg",1,552
52,"test_DGMB","pace",1,1460
52,"test_DGMB","latte5.jpg",1,687
52,"test_DGMB","nocivo",1,702
52,"test_DGMB","fond3.jpg",1,802
52,"test_DGMB","gioia",1,1048
52,"test_DGMB","fond2.jpg",1,1259
52,"test_DGMB","amore",1,786
52,"test_DGMB","latte4.jpg",1,790
52,"test_DGMB","buono",1,1258
52,"test_DGMB","latte1.jpg",1,2634
52,"test_DGMB","dolore",1,971
52,"test_DGMB","fond6.jpg",1,780
52,"test_DGMB","schifo",1,645
52,"test_DGMB","fond3.jpg",1,703
52,"test_DGMB","agonia",1,747
52,"practice_MGDB","orribile",1,1437
52,"practice_MGDB","latte5.jpg",1,1442
52,"practice_MGDB","felicità",1,2088
52,"practice_MGDB","fond5.jpg",1,887
52,"practice_MGDB","bello",1,1717
52,"practice_MGDB","fond7.jpg",1,826
52,"practice_MGDB","dolore",1,1102
52,"practice_MGDB","fond4.jpg",1,658
52,"practice_MGDB","schifo",1,795
52,"practice_MGDB","fond1.jpg",1,537
52,"practice_MGDB","gioia",1,843
52,"practice_MGDB","fond6.jpg",1,794
52,"practice_MGDB","pace",1,646
52,"practice_MGDB","latte6.jpg",1,890
52,"practice_MGDB","odio",1,1219
52,"practice_MGDB","latte2.jpg",1,830
52,"practice_MGDB","stupendo",1,1170
52,"practice_MGDB","fond3.jpg",1,722
52,"practice_MGDB","disastro",1,1033
52,"practice_MGDB","latte3.jpg",1,655
52,"test_MGDB","latte4.jpg",1,1904
52,"test_MGDB","cattivo",1,1415
52,"test_MGDB","fond2.jpg",1,720
52,"test_MGDB","eccellente",1,751
52,"test_MGDB","latte7.jpg",1,898
52,"test_MGDB","buono",1,660
52,"test_MGDB","latte1.jpg",1,728
52,"test_MGDB","male",1,766
52,"test_MGDB","fond5.jpg",1,1415
52,"test_MGDB","paradiso",1,816
52,"test_MGDB","fond3.jpg",1,809
52,"test_MGDB","terribile",1,927
52,"test_MGDB","fond7.jpg",0,800
52,"test_MGDB","nocivo",1,2543
52,"test_MGDB","fond6.jpg",1,2816
52,"test_MGDB","gloria",1,1398
52,"test_MGDB","latte2.jpg",1,3228
52,"test_MGDB","agonia",1,1100
52,"test_MGDB","latte3.jpg",1,1896
52,"test_MGDB","meraviglioso",0,1575
52,"test_MGDB","latte5.jpg",0,975
52,"test_MGDB","amore",1,4800
52,"test_MGDB","latte1.jpg",1,3512
52,"test_MGDB","piacere",1,1480
52,"test_MGDB","latte6.jpg",1,590
52,"test_MGDB","ridere",1,722
52,"test_MGDB","latte4.jpg",1,561
52,"test_MGDB","brutto",1,1047
52,"test_MGDB","latte7.jpg",1,1024
52,"test_MGDB","felicità",1,988
52,"test_MGDB","fond1.jpg",1,703
52,"test_MGDB","fallimento",1,1635
52,"test_MGDB","fond2.jpg",1,593
52,"test_MGDB","fastidioso",1,733
52,"test_MGDB","fond4.jpg",1,630
52,"test_MGDB","piacere",1,946
52,"test_MGDB","latte2.jpg",1,662
52,"test_MGDB","odio",1,775
52,"test_MGDB","fond7.jpg",1,2624
52,"test_MGDB","male",1,1231
56,"practice_MGDB","gioia",1,1003
56,"practice_MGDB","fond2.jpg",1,780
56,"practice_MGDB","stupendo",1,1069
56,"practice_MGDB","latte1.jpg",1,1232
56,"practice_MGDB","paradiso",1,908
56,"practice_MGDB","fond5.jpg",1,847
56,"practice_MGDB","nocivo",1,710
56,"practice_MGDB","fond1.jpg",1,826
56,"practice_MGDB","male",1,814
56,"practice_MGDB","fond6.jpg",1,775
56,"practice_MGDB","terribile",1,1320
56,"practice_MGDB","fond3.jpg",1,1086
56,"practice_MGDB","brutto",1,1396
56,"practice_MGDB","latte4.jpg",1,815
56,"practice_MGDB","pace",1,824
56,"practice_MGDB","fond7.jpg",1,732
56,"practice_MGDB","meraviglioso",1,693
56,"practice_MGDB","fond4.jpg",1,1046
56,"practice_MGDB","fastidioso",1,1292
56,"practice_MGDB","fond2.jpg",1,981
56,"test_MGDB","fond5.jpg",1,793
56,"test_MGDB","orribile",1,813
56,"test_MGDB","latte2.jpg",1,646
56,"test_MGDB","ridere",1,621
56,"test_MGDB","latte6.jpg",1,753
56,"test_MGDB","agonia",1,645
56,"test_MGDB","fond7.jpg",1,910
56,"test_MGDB","amore",1,602
56,"test_MGDB","latte7.jpg",1,1001
56,"test_MGDB","cattivo",1,567
56,"test_MGDB","fond1.jpg",1,633
56,"test_MGDB","disastro",1,653
56,"test_MGDB","fond3.jpg",1,678
56,"test_MGDB","eccellente",1,917
56,"test_MGDB","fond4.jpg",1,819
56,"test_MGDB","felicità",1,669
56,"test_MGDB","latte3.jpg",1,881
56,"test_MGDB","dolore",1,703
56,"test_MGDB","latte5.jpg",1,1035
56,"test_MGDB","schifo",1,599
56,"test_MGDB","latte3.jpg",1,1253
56,"test_MGDB","bello",1,854
56,"test_MGDB","latte6.jpg",1,1399
56,"test_MGDB","fallimento",1,605
56,"test_MGDB","latte4.jpg",1,766
56,"test_MGDB","gloria",1,757
56,"test_MGDB","fond6.jpg",1,675
56,"test_MGDB","buono",1,1202
56,"test_MGDB","latte1.jpg",1,808
56,"test_MGDB","piacere",1,983
56,"test_MGDB","latte2.jpg",1,914
56,"test_MGDB","bello",1,774
56,"test_MGDB","latte7.jpg",1,1767
56,"test_MGDB","odio",1,564
56,"test_MGDB","fond3.jpg",1,925
56,"test_MGDB","gioia",1,612
56,"test_MGDB","latte5.jpg",1,789
56,"test_MGDB","agonia",1,561
56,"test_MGDB","latte2.jpg",1,784
56,"test_MGDB","nocivo",1,516
56,"practice_DGMB","orribile",1,947
56,"practice_DGMB","fond7.jpg",1,1097
56,"practice_DGMB","paradiso",1,1906
56,"practice_DGMB","latte7.jpg",1,1516
56,"practice_DGMB","fastidioso",1,1575
56,"practice_DGMB","latte1.jpg",1,1127
56,"practice_DGMB","meraviglioso",1,1373
56,"practice_DGMB","latte4.jpg",1,1117
56,"practice_DGMB","dolore",1,884
56,"practice_DGMB","latte3.jpg",0,842
56,"practice_DGMB","brutto",1,728
56,"practice_DGMB","fond4.jpg",1,1202
56,"practice_DGMB","gloria",1,1224
56,"practice_DGMB","latte6.jpg",1,1627
56,"practice_DGMB","gioia",1,1654
56,"practice_DGMB","latte2.jpg",1,773
56,"practice_DGMB","felicità",1,1023
56,"practice_DGMB","fond2.jpg",1,1490
56,"practice_DGMB","agonia",1,767
56,"practice_DGMB","fond1.jpg",0,1033
56,"test_DGMB","latte5.jpg",1,1061
56,"test_DGMB","amore",1,998
56,"test_DGMB","latte5.jpg",1,820
56,"test_DGMB","cattivo",1,1445
56,"test_DGMB","fond3.jpg",1,738
56,"test_DGMB","nocivo",0,1548
56,"test_DGMB","fond5.jpg",0,2135
56,"test_DGMB","male",1,1870
56,"test_DGMB","fond6.jpg",1,1760
56,"test_DGMB","ridere",1,997
56,"test_DGMB","latte4.jpg",1,1028
56,"test_DGMB","odio",1,935
56,"test_DGMB","fond7.jpg",1,960
56,"test_DGMB","stupendo",1,926
56,"test_DGMB","fond1.jpg",1,1071
56,"test_DGMB","fallimento",1,763
56,"test_DGMB","fond3.jpg",1,2793
56,"test_DGMB","bello",1,890
56,"test_DGMB","fond2.jpg",1,827
56,"test_DGMB","disastro",1,959
56,"test_DGMB","latte7.jpg",1,766
56,"test_DGMB","schifo",1,884
56,"test_DGMB","fond4.jpg",1,1938
56,"test_DGMB","terribile",1,762
56,"test_DGMB","fond6.jpg",1,1336
56,"test_DGMB","pace",1,729
56,"test_DGMB","latte6.jpg",1,2042
56,"test_DGMB","agonia",1,2215
56,"test_DGMB","latte3.jpg",1,2166
56,"test_DGMB","piacere",1,1555
56,"test_DGMB","fond5.jpg",1,656
56,"test_DGMB","eccellente",1,833
56,"test_DGMB","fond5.jpg",1,1968
56,"test_DGMB","buono",1,541
56,"test_DGMB","latte1.jpg",1,744
56,"test_DGMB","male",1,788
56,"test_DGMB","latte2.jpg",0,1048
56,"test_DGMB","stupendo",1,1270
56,"test_DGMB","latte1.jpg",1,898
56,"test_DGMB","meraviglioso",1,1107
59,"practice_DGMB","dolore",1,1231
59,"practice_DGMB","latte2.jpg",1,772
59,"practice_DGMB","gioia",0,966
59,"practice_DGMB","fond7.jpg",1,895
59,"practice_DGMB","orribile",1,832
59,"practice_DGMB","latte3.jpg",1,1782
59,"practice_DGMB","meraviglioso",1,678
59,"practice_DGMB","latte4.jpg",1,1093
59,"practice_DGMB","odio",0,1573
59,"practice_DGMB","latte5.jpg",1,1453
59,"practice_DGMB","brutto",1,950
59,"practice_DGMB","fond3.jpg",1,929
59,"practice_DGMB","fallimento",1,1490
59,"practice_DGMB","fond6.jpg",1,754
59,"practice_DGMB","male",1,647
59,"practice_DGMB","fond5.jpg",1,784
59,"practice_DGMB","pace",0,1588
59,"practice_DGMB","fond4.jpg",1,726
59,"practice_DGMB","paradiso",1,877
59,"practice_DGMB","fond1.jpg",1,2355
59,"test_DGMB","latte6.jpg",1,1147
59,"test_DGMB","terribile",1,1039
59,"test_DGMB","latte1.jpg",1,573
59,"test_DGMB","felicità",1,798
59,"test_DGMB","fond2.jpg",1,541
59,"test_DGMB","stupendo",1,647
59,"test_DGMB","fond1.jpg",1,552
59,"test_DGMB","piacere",1,556
59,"test_DGMB","latte7.jpg",1,859
59,"test_DGMB","buono",0,628
59,"test_DGMB","latte1.jpg",1,1208
59,"test_DGMB","nocivo",0,1782
59,"test_DGMB","latte6.jpg",1,1481
59,"test_DGMB","schifo",1,686
59,"test_DGMB","latte5.jpg",1,855
59,"test_DGMB","gloria",0,801
59,"test_DGMB","fond5.jpg",0,727
59,"test_DGMB","fastidioso",1,1958
59,"test_DGMB","latte2.jpg",0,1163
59,"test_DGMB","eccellente",1,2129
59,"test_DGMB","latte3.jpg",1,944
59,"test_DGMB","cattivo",1,1619
59,"test_DGMB","latte4.jpg",1,510
59,"test_DGMB","disastro",1,722
59,"test_DGMB","fond2.jpg",1,569
59,"test_DGMB","agonia",1,971
59,"test_DGMB","latte7.jpg",0,611
59,"test_DGMB","bello",1,2525
59,"test_DGMB","fond3.jpg",0,521
59,"test_DGMB","amore",0,2104
59,"test_DGMB","fond4.jpg",0,610
59,"test_DGMB","ridere",1,587
59,"test_DGMB","fond6.jpg",0,1215
59,"test_DGMB","orribile",1,1416
59,"test_DGMB","latte6.jpg",1,1192
59,"test_DGMB","agonia",1,1435
59,"test_DGMB","fond7.jpg",1,865
59,"test_DGMB","eccellente",1,501
59,"test_DGMB","fond3.jpg",1,489
59,"test_DGMB","felicità",1,491
59,"practice_MGDB","fallimento",1,722
59,"practice_MGDB","latte5.jpg",1,692
59,"practice_MGDB","male",1,1133
59,"practice_MGDB","fond1.jpg",1,590
59,"practice_MGDB","buono",1,570
59,"practice_MGDB","latte1.jpg",1,539
59,"practice_MGDB","pace",1,741
59,"practice_MGDB","fond4.jpg",1,689
59,"practice_MGDB","stupendo",1,735
59,"practice_MGDB","latte6.jpg",1,697
59,"practice_MGDB","fastidioso",1,682
59,"practice_MGDB","fond3.jpg",1,553
59,"practice_MGDB","odio",1,493
59,"practice_MGDB","latte4.jpg",1,495
59,"practice_MGDB","gloria",1,777
59,"practice_MGDB","latte2.jpg",1,1098
59,"practice_MGDB","agonia",0,675
59,"practice_MGDB","fond7.jpg",1,601
59,"practice_MGDB","dolore",1,464
59,"practice_MGDB","fond2.jpg",1,452
59,"test_MGDB","latte7.jpg",1,578
59,"test_MGDB","amore",1,732
59,"test_MGDB","latte3.jpg",1,493
59,"test_MGDB","orribile",1,551
59,"test_MGDB","latte1.jpg",1,582
59,"test_MGDB","brutto",1,831
59,"test_MGDB","fond6.jpg",1,558
59,"test_MGDB","bello",1,589
59,"test_MGDB","fond5.jpg",1,1057
59,"test_MGDB","piacere",1,650
59,"test_MGDB","fond6.jpg",1,603
59,"test_MGDB","disastro",1,634
59,"test_MGDB","latte6.jpg",1,601
59,"test_MGDB","terribile",1,656
59,"test_MGDB","fond4.jpg",1,521
59,"test_MGDB","felicità",1,560
59,"test_MGDB","fond7.jpg",1,615
59,"test_MGDB","gioia",1,608
59,"test_MGDB","latte3.jpg",1,602
59,"test_MGDB","ridere",1,529
59,"test_MGDB","fond3.jpg",1,650
59,"test_MGDB","eccellente",1,540
59,"test_MGDB","latte7.jpg",1,864
59,"test_MGDB","nocivo",1,484
59,"test_MGDB","fond5.jpg",1,490
59,"test_MGDB","paradiso",1,508
59,"test_MGDB","fond1.jpg",1,545
59,"test_MGDB","meraviglioso",1,1349
59,"test_MGDB","latte4.jpg",1,584
59,"test_MGDB","piacere",1,556
59,"test_MGDB","latte2.jpg",1,515
59,"test_MGDB","schifo",1,503
59,"test_MGDB","fond2.jpg",1,468
59,"test_MGDB","cattivo",1,488
59,"test_MGDB","latte5.jpg",1,594
59,"test_MGDB","orribile",1,550
59,"test_MGDB","latte7.jpg",1,922
59,"test_MGDB","disastro",1,617
59,"test_MGDB","fond7.jpg",1,578
59,"test_MGDB","paradiso",1,684
63,"practice_MGDB","male",1,1618
63,"practice_MGDB","fond5.jpg",1,733
63,"practice_MGDB","fallimento",1,758
63,"practice_MGDB","fond3.jpg",1,605
63,"practice_MGDB","pace",1,516
63,"practice_MGDB","latte3.jpg",1,514
63,"practice_MGDB","meraviglioso",1,599
63,"practice_MGDB","latte6.jpg",1,502
63,"practice_MGDB","fastidioso",1,895
63,"practice_MGDB","fond6.jpg",1,464
63,"practice_MGDB","nocivo",1,589
63,"practice_MGDB","fond2.jpg",1,545
63,"practice_MGDB","cattivo",1,957
63,"practice_MGDB","latte7.jpg",1,572
63,"practice_MGDB","bello",1,725
63,"practice_MGDB","latte1.jpg",1,678
63,"practice_MGDB","brutto",1,613
63,"practice_MGDB","latte4.jpg",1,439
63,"practice_MGDB","amore",1,670
63,"practice_MGDB","fond1.jpg",1,458
63,"test_MGDB","latte5.jpg",1,994
63,"test_MGDB","disastro",1,678
63,"test_MGDB","fond7.jpg",1,437
63,"test_MGDB","dolore",1,1020
63,"test_MGDB","latte2.jpg",1,455
63,"test_MGDB","felicità",1,721
63,"test_MGDB","fond4.jpg",1,432
63,"test_MGDB","buono",1,780
63,"test_MGDB","fond3.jpg",1,672
63,"test_MGDB","agonia",1,636
63,"test_MGDB","latte2.jpg",1,459
63,"test_MGDB","eccellente",1,469
63,"test_MGDB","latte6.jpg",1,409
63,"test_MGDB","paradiso",1,587
63,"test_MGDB","latte1.jpg",1,423
63,"test_MGDB","ridere",1,580
63,"test_MGDB","latte4.jpg",1,456
63,"test_MGDB","gloria",1,570
63,"test_MGDB","latte7.jpg",1,395
63,"test_MGDB","gioia",1,615
63,"test_MGDB","fond5.jpg",1,457
63,"test_MGDB","schifo",1,739
63,"test_MGDB","latte5.jpg",1,447
63,"test_MGDB","orribile",1,462
63,"test_MGDB","fond4.jpg",1,874
63,"test_MGDB","stupendo",1,510
63,"test_MGDB","fond2.jpg",1,450
63,"test_MGDB","piacere",1,532
63,"test_MGDB","fond6.jpg",1,413
63,"test_MGDB","terribile",1,655
63,"test_MGDB","fond7.jpg",1,577
63,"test_MGDB","odio",1,578
63,"test_MGDB","fond1.jpg",1,630
63,"test_MGDB","fastidioso",1,579
63,"test_MGDB","latte3.jpg",1,519
63,"test_MGDB","paradiso",1,574
63,"test_MGDB","latte5.jpg",1,551
63,"test_MGDB","male",1,580
63,"test_MGDB","fond2.jpg",1,576
63,"test_MGDB","piacere",1,697
63,"practice_DGMB","bello",1,2315
63,"practice_DGMB","fond4.jpg",1,895
63,"practice_DGMB","ridere",1,568
63,"practice_DGMB","latte2.jpg",1,1121
63,"practice_DGMB","odio",1,600
63,"practice_DGMB","fond3.jpg",1,807
63,"practice_DGMB","eccellente",1,685
63,"practice_DGMB","latte6.jpg",1,742
63,"practice_DGMB","disastro",1,1594
63,"practice_DGMB","latte4.jpg",0,704
63,"practice_DGMB","paradiso",1,1836
63,"practice_DGMB","fond7.jpg",1,593
63,"practice_DGMB","buono",1,637
63,"practice_DGMB","latte3.jpg",1,564
63,"practice_DGMB","amore",1,963
63,"practice_DGMB","latte5.jpg",1,1137
63,"practice_DGMB","agonia",1,546
63,"practice_DGMB","latte1.jpg",1,478
63,"practice_DGMB","meraviglioso",1,733
63,"practice_DGMB","fond6.jpg",0,646
63,"test_DGMB","fond5.jpg",1,1122
63,"test_DGMB","fallimento",1,1489
63,"test_DGMB","fond1.jpg",1,569
63,"test_DGMB","felicità",1,1755
63,"test_DGMB","latte7.jpg",1,696
63,"test_DGMB","terribile",1,801
63,"test_DGMB","fond2.jpg",1,992
63,"test_DGMB","gloria",1,531
63,"test_DGMB","latte5.jpg",1,493
63,"test_DGMB","stupendo",1,655
63,"test_DGMB","fond3.jpg",1,808
63,"test_DGMB","schifo",1,687
63,"test_DGMB","latte1.jpg",1,928
63,"test_DGMB","gioia",1,766
63,"test_DGMB","fond6.jpg",1,1255
63,"test_DGMB","orribile",1,648
63,"test_DGMB","fond5.jpg",0,505
63,"test_DGMB","cattivo",1,942
63,"test_DGMB","latte7.jpg",0,577
63,"test_DGMB","nocivo",1,2931
63,"test_DGMB","fond2.jpg",1,881
63,"test_DGMB","brutto",1,911
63,"test_DGMB","latte3.jpg",1,1429
63,"test_DGMB","dolore",1,1521
63,"test_DGMB","latte6.jpg",1,678
63,"test_DGMB","male",1,701
63,"test_DGMB","fond1.jpg",1,473
63,"test_DGMB","fastidioso",1,749
63,"test_DGMB","fond7.jpg",1,769
63,"test_DGMB","piacere",1,711
63,"test_DGMB","latte4.jpg",1,518
63,"test_DGMB","pace",1,805
63,"test_DGMB","fond4.jpg",1,950
63,"test_DGMB","schifo",1,650
63,"test_DGMB","latte2.jpg",1,539
63,"test_DGMB","disastro",1,829
63,"test_DGMB","latte3.jpg",1,617
63,"test_DGMB","eccellente",1,562
63,"test_DGMB","fond5.jpg",1,713
63,"test_DGMB","meraviglioso",1,885
65,"practice_DGMB","schifo",1,1098
65,"practice_DGMB","latte4.jpg",1,1085
65,"practice_DGMB","bello",1,1947
65,"practice_DGMB","latte5.jpg",1,1333
65,"practice_DGMB","piacere",1,1134
65,"practice_DGMB","latte7.jpg",1,1582
65,"practice_DGMB","stupendo",1,1198
65,"practice_DGMB","latte1.jpg",1,1108
65,"practice_DGMB","agonia",1,1048
65,"practice_DGMB","latte3.jpg",1,936
65,"practice_DGMB","odio",0,985
65,"practice_DGMB","latte2.jpg",1,3077
65,"practice_DGMB","fastidioso",1,926
65,"practice_DGMB","fond5.jpg",1,1167
65,"practice_DGMB","fallimento",1,901
65,"practice_DGMB","fond4.jpg",0,1104
65,"practice_DGMB","amore",1,1996
65,"practice_DGMB","fond6.jpg",1,1336
65,"practice_DGMB","disastro",1,1065
65,"practice_DGMB","fond2.jpg",1,708
65,"test_DGMB","latte6.jpg",1,1894
65,"test_DGMB","nocivo",1,1310
65,"test_DGMB","fond7.jpg",1,937
65,"test_DGMB","orribile",1,786
65,"test_DGMB","fond3.jpg",1,942
65,"test_DGMB","ridere",1,663
65,"test_DGMB","fond1.jpg",1,771
65,"test_DGMB","felicità",1,572
65,"test_DGMB","fond2.jpg",1,590
65,"test_DGMB","paradiso",1,594
65,"test_DGMB","latte4.jpg",1,601
65,"test_DGMB","meraviglioso",1,704
65,"test_DGMB","latte5.jpg",1,1100
65,"test_DGMB","eccellente",1,573
65,"test_DGMB","fond3.jpg",1,918
65,"test_DGMB","gloria",1,1373
65,"test_DGMB","latte1.jpg",1,1517
65,"test_DGMB","cattivo",1,1087
65,"test_DGMB","fond4.jpg",1,832
65,"test_DGMB","dolore",1,932
65,"test_DGMB","latte7.jpg",1,1197
65,"test_DGMB","male",0,1691
65,"test_DGMB","fond7.jpg",0,739
65,"test_DGMB","terribile",1,1380
65,"test_DGMB","latte2.jpg",1,2063
65,"test_DGMB","pace",1,623
65,"test_DGMB","fond5.jpg",1,1387
65,"test_DGMB","brutto",1,766
65,"test_DGMB","fond1.jpg",1,527
65,"test_DGMB","gioia",1,638
65,"test_DGMB","latte3.jpg",1,597
65,"test_DGMB","buono",1,1196
65,"test_DGMB","fond6.jpg",1,1433
65,"test_DGMB","fallimento",1,676
65,"test_DGMB","latte6.jpg",1,963
65,"test_DGMB","fastidioso",1,1233
65,"test_DGMB","latte6.jpg",1,919
65,"test_DGMB","pace",1,622
65,"test_DGMB","fond6.jpg",0,1106
65,"test_DGMB","amore",1,1189
65,"practice_MGDB","bello",1,732
65,"practice_MGDB","fond1.jpg",1,805
65,"practice_MGDB","buono",1,732
65,"practice_MGDB","fond3.jpg",1,781
65,"practice_MGDB","disastro",1,1366
65,"practice_MGDB","latte4.jpg",1,638
65,"practice_MGDB","terribile",1,701
65,"practice_MGDB","fond6.jpg",1,553
65,"practice_MGDB","cattivo",1,598
65,"practice_MGDB","fond4.jpg",1,436
65,"practice_MGDB","eccellente",1,636
65,"practice_MGDB","fond5.jpg",1,618
65,"practice_MGDB","ridere",1,604
65,"practice_MGDB","fond2.jpg",1,618
65,"practice_MGDB","pace",1,644
65,"practice_MGDB","latte3.jpg",1,773
65,"practice_MGDB","brutto",1,535
65,"practice_MGDB","fond7.jpg",1,520
65,"practice_MGDB","fastidioso",1,863
65,"practice_MGDB","fond5.jpg",1,403
65,"test_MGDB","latte1.jpg",1,842
65,"test_MGDB","odio",1,697
65,"test_MGDB","latte2.jpg",1,690
65,"test_MGDB","gioia",1,492
65,"test_MGDB","fond6.jpg",1,445
65,"test_MGDB","felicità",1,388
65,"test_MGDB","latte5.jpg",1,465
65,"test_MGDB","fallimento",1,445
65,"test_MGDB","latte6.jpg",1,439
65,"test_MGDB","stupendo",1,678
65,"test_MGDB","latte7.jpg",1,853
65,"test_MGDB","male",1,654
65,"test_MGDB","fond7.jpg",1,519
65,"test_MGDB","piacere",1,430
65,"test_MGDB","latte5.jpg",1,546
65,"test_MGDB","gloria",1,447
65,"test_MGDB","latte3.jpg",1,521
65,"test_MGDB","amore",1,424
65,"test_MGDB","latte2.jpg",1,364
65,"test_MGDB","orribile",1,475
65,"test_MGDB","latte4.jpg",1,466
65,"test_MGDB","schifo",1,463
65,"test_MGDB","fond2.jpg",1,467
65,"test_MGDB","meraviglioso",1,488
65,"test_MGDB","latte6.jpg",1,473
65,"test_MGDB","dolore",1,534
65,"test_MGDB","fond4.jpg",1,439
65,"test_MGDB","paradiso",1,734
65,"test_MGDB","fond1.jpg",1,463
65,"test_MGDB","agonia",1,692
65,"test_MGDB","latte7.jpg",1,413
65,"test_MGDB","nocivo",1,655
65,"test_MGDB","fond3.jpg",1,960
65,"test_MGDB","agonia",0,1119
65,"test_MGDB","latte1.jpg",1,1029
65,"test_MGDB","brutto",1,1112
65,"test_MGDB","fond3.jpg",1,574
65,"test_MGDB","felicità",1,472
65,"test_MGDB","latte7.jpg",1,479
65,"test_MGDB","amore",1,638
66,"practice_DGMB","stupendo",1,2605
66,"practice_DGMB","fond6.jpg",0,1891
66,"practice_DGMB","gioia",1,1346
66,"practice_DGMB","latte1.jpg",0,4350
66,"practice_DGMB","paradiso",1,988
66,"practice_DGMB","latte4.jpg",0,1120
66,"practice_DGMB","pace",1,662
66,"practice_DGMB","fond7.jpg",1,3602
66,"practice_DGMB","disastro",1,1980
66,"practice_DGMB","latte3.jpg",1,2006
66,"practice_DGMB","schifo",1,3451
66,"practice_DGMB","fond4.jpg",1,2312
66,"practice_DGMB","terribile",1,1290
66,"practice_DGMB","latte6.jpg",1,2122
66,"practice_DGMB","gloria",1,1215
66,"practice_DGMB","fond2.jpg",1,1159
66,"practice_DGMB","male",1,1725
66,"practice_DGMB","latte2.jpg",1,962
66,"practice_DGMB","fastidioso",1,2616
66,"practice_DGMB","latte5.jpg",1,1319
66,"test_DGMB","fond5.jpg",1,1372
66,"test_DGMB","dolore",1,1077
66,"test_DGMB","latte7.jpg",1,1362
66,"test_DGMB","orribile",1,1448
66,"test_DGMB","latte7.jpg",1,624
66,"test_DGMB","odio",1,765
66,"test_DGMB","latte5.jpg",1,598
66,"test_DGMB","brutto",1,1701
66,"test_DGMB","fond3.jpg",1,791
66,"test_DGMB","agonia",1,843
66,"test_DGMB","fond1.jpg",1,1065
66,"test_DGMB","bello",1,973
66,"test_DGMB","latte1.jpg",1,894
66,"test_DGMB","buono",1,767
66,"test_DGMB","latte6.jpg",1,800
66,"test_DGMB","meraviglioso",1,1247
66,"test_DGMB","fond5.jpg",1,847
66,"test_DGMB","cattivo",1,790
66,"test_DGMB","fond4.jpg",1,882
66,"test_DGMB","eccellente",1,904
66,"test_DGMB","fond2.jpg",1,532
66,"test_DGMB","ridere",1,645
66,"test_DGMB","latte2.jpg",1,831
66,"test_DGMB","amore",1,1626
66,"test_DGMB","latte4.jpg",1,637
66,"test_DGMB","piacere",1,1148
66,"test_DGMB","latte3.jpg",1,719
66,"test_DGMB","fallimento",1,1118
66,"test_DGMB","fond3.jpg",1,500
66,"test_DGMB","nocivo",1,734
66,"test_DGMB","latte7.jpg",0,583
66,"test_DGMB","terribile",1,899
66,"test_DGMB","fond7.jpg",1,1615
66,"test_DGMB","felicità",1,679
66,"test_DGMB","fond6.jpg",1,702
66,"test_DGMB","fallimento",1,1119
66,"test_DGMB","fond1.jpg",0,1021
66,"test_DGMB","bello",1,726
66,"test_DGMB","fond3.jpg",0,743
66,"test_DGMB","gloria",1,1051
66,"practice_MGDB","orribile",1,725
66,"practice_MGDB","latte2.jpg",1,774
66,"practice_MGDB","meraviglioso",1,1367
66,"practice_MGDB","fond6.jpg",1,568
66,"practice_MGDB","terribile",1,695
66,"practice_MGDB","fond5.jpg",1,496
66,"practice_MGDB","buono",1,1050
66,"practice_MGDB","fond4.jpg",1,643
66,"practice_MGDB","fallimento",1,953
66,"practice_MGDB","latte3.jpg",1,528
66,"practice_MGDB","gloria",1,615
66,"practice_MGDB","latte6.jpg",1,464
66,"practice_MGDB","nocivo",1,789
66,"practice_MGDB","latte5.jpg",1,1648
66,"practice_MGDB","paradiso",1,790
66,"practice_MGDB","fond1.jpg",1,609
66,"practice_MGDB","agonia",1,1507
66,"practice_MGDB","latte1.jpg",1,678
66,"practice_MGDB","male",1,1253
66,"practice_MGDB","fond7.jpg",1,669
66,"test_MGDB","fond3.jpg",1,1266
66,"test_MGDB","felicità",1,869
66,"test_MGDB","latte7.jpg",1,2089
66,"test_MGDB","cattivo",1,741
66,"test_MGDB","latte4.jpg",1,833
66,"test_MGDB","pace",1,1029
66,"test_MGDB","fond2.jpg",1,497
66,"test_MGDB","schifo",1,747
66,"test_MGDB","fond1.jpg",1,742
66,"test_MGDB","amore",1,719
66,"test_MGDB","latte7.jpg",1,534
66,"test_MGDB","gioia",1,488
66,"test_MGDB","fond5.jpg",1,705
66,"test_MGDB","bello",1,574
66,"test_MGDB","fond4.jpg",1,631
66,"test_MGDB","stupendo",1,1035
66,"test_MGDB","latte2.jpg",0,505
66,"test_MGDB","piacere",1,1214
66,"test_MGDB","fond3.jpg",1,790
66,"test_MGDB","brutto",1,954
66,"test_MGDB","fond2.jpg",1,424
66,"test_MGDB","dolore",1,557
66,"test_MGDB","latte6.jpg",1,556
66,"test_MGDB","disastro",1,1083
66,"test_MGDB","latte5.jpg",1,553
66,"test_MGDB","odio",1,1237
66,"test_MGDB","latte4.jpg",1,579
66,"test_MGDB","eccellente",1,1613
66,"test_MGDB","latte3.jpg",1,620
66,"test_MGDB","ridere",1,662
66,"test_MGDB","latte1.jpg",1,426
66,"test_MGDB","fastidioso",1,1758
66,"test_MGDB","fond7.jpg",1,779
66,"test_MGDB","paradiso",1,861
66,"test_MGDB","fond6.jpg",1,1145
66,"test_MGDB","disastro",1,780
66,"test_MGDB","latte4.jpg",1,584
66,"test_MGDB","nocivo",1,620
66,"test_MGDB","fond4.jpg",1,752
66,"test_MGDB","eccellente",1,612
67,"practice_DGMB","terribile",1,968
67,"practice_DGMB","latte1.jpg",1,984
67,"practice_DGMB","eccellente",0,2980
67,"practice_DGMB","fond2.jpg",1,3514
67,"practice_DGMB","orribile",1,1394
67,"practice_DGMB","latte2.jpg",1,1639
67,"practice_DGMB","fallimento",1,2205
67,"practice_DGMB","latte3.jpg",1,793
67,"practice_DGMB","ridere",1,1237
67,"practice_DGMB","latte7.jpg",1,675
67,"practice_DGMB","paradiso",1,967
67,"practice_DGMB","fond3.jpg",1,695
67,"practice_DGMB","male",1,2169
67,"practice_DGMB","fond1.jpg",0,528
67,"practice_DGMB","gloria",1,1759
67,"practice_DGMB","fond5.jpg",1,1412
67,"practice_DGMB","stupendo",1,1357
67,"practice_DGMB","latte5.jpg",1,738
67,"practice_DGMB","dolore",0,1084
67,"practice_DGMB","fond7.jpg",1,3865
67,"test_DGMB","fond4.jpg",1,1491
67,"test_DGMB","bello",1,740
67,"test_DGMB","fond6.jpg",1,704
67,"test_DGMB","schifo",0,612
67,"test_DGMB","latte6.jpg",1,741
67,"test_DGMB","nocivo",1,1366
67,"test_DGMB","latte4.jpg",1,1318
67,"test_DGMB","pace",1,708
67,"test_DGMB","latte2.jpg",1,800
67,"test_DGMB","piacere",1,711
67,"test_DGMB","latte3.jpg",1,1618
67,"test_DGMB","fastidioso",1,779
67,"test_DGMB","latte6.jpg",1,615
67,"test_DGMB","meraviglioso",0,864
67,"test_DGMB","latte5.jpg",1,1732
67,"test_DGMB","amore",1,1420
67,"test_DGMB","fond5.jpg",1,583
67,"test_DGMB","odio",1,1139
67,"test_DGMB","latte1.jpg",1,758
67,"test_DGMB","buono",1,1253
67,"test_DGMB","fond1.jpg",1,717
67,"test_DGMB","agonia",0,1076
67,"test_DGMB","fond7.jpg",1,1050
67,"test_DGMB","disastro",1,1307
67,"test_DGMB","fond3.jpg",1,902
67,"test_DGMB","cattivo",1,1407
67,"test_DGMB","fond2.jpg",1,1535
67,"test_DGMB","gioia",1,1151
67,"test_DGMB","fond4.jpg",1,1690
67,"test_DGMB","brutto",1,1387
67,"test_DGMB","latte7.jpg",1,822
67,"test_DGMB","felicità",1,1167
67,"test_DGMB","latte4.jpg",1,943
67,"test_DGMB","pace",1,1187
67,"test_DGMB","fond6.jpg",1,1398
67,"test_DGMB","agonia",1,956
67,"test_DGMB","latte1.jpg",1,722
67,"test_DGMB","odio",1,1841
67,"test_DGMB","fond3.jpg",1,710
67,"test_DGMB","felicità",1,1986
67,"practice_MGDB","disastro",1,1184
67,"practice_MGDB","fond6.jpg",1,692
67,"practice_MGDB","orribile",1,773
67,"practice_MGDB","latte4.jpg",1,694
67,"practice_MGDB","amore",1,672
67,"practice_MGDB","fond5.jpg",1,614
67,"practice_MGDB","gloria",1,1049
67,"practice_MGDB","fond1.jpg",1,801
67,"practice_MGDB","nocivo",1,879
67,"practice_MGDB","fond7.jpg",1,622
67,"practice_MGDB","pace",1,639
67,"practice_MGDB","latte3.jpg",1,558
67,"practice_MGDB","brutto",1,661
67,"practice_MGDB","latte5.jpg",1,801
67,"practice_MGDB","felicità",1,623
67,"practice_MGDB","latte2.jpg",1,995
67,"practice_MGDB","schifo",1,1559
67,"practice_MGDB","fond2.jpg",1,516
67,"practice_MGDB","ridere",1,891
67,"practice_MGDB","latte6.jpg",1,533
67,"test_MGDB","latte7.jpg",1,760
67,"test_MGDB","odio",1,767
67,"test_MGDB","latte1.jpg",1,792
67,"test_MGDB","meraviglioso",1,708
67,"test_MGDB","fond4.jpg",1,640
67,"test_MGDB","agonia",1,743
67,"test_MGDB","latte4.jpg",1,994
67,"test_MGDB","dolore",1,2406
67,"test_MGDB","fond3.jpg",1,1042
67,"test_MGDB","eccellente",1,792
67,"test_MGDB","latte6.jpg",1,1015
67,"test_MGDB","cattivo",1,904
67,"test_MGDB","fond1.jpg",1,884
67,"test_MGDB","piacere",1,610
67,"test_MGDB","fond3.jpg",1,1059
67,"test_MGDB","fallimento",1,812
67,"test_MGDB","fond5.jpg",1,829
67,"test_MGDB","stupendo",1,1041
67,"test_MGDB","latte5.jpg",1,895
67,"test_MGDB","terribile",1,736
67,"test_MGDB","fond4.jpg",1,578
67,"test_MGDB","male",1,843
67,"test_MGDB","latte7.jpg",1,610
67,"test_MGDB","bello",1,915
67,"test_MGDB","latte3.jpg",1,666
67,"test_MGDB","buono",1,1174
67,"test_MGDB","fond2.jpg",1,710
67,"test_MGDB","fastidioso",1,874
67,"test_MGDB","fond6.jpg",1,673
67,"test_MGDB","gioia",1,893
67,"test_MGDB","latte2.jpg",1,981
67,"test_MGDB","paradiso",1,1767
67,"test_MGDB","fond7.jpg",1,606
67,"test_MGDB","bello",0,637
67,"test_MGDB","fond4.jpg",1,2380
67,"test_MGDB","male",1,1483
67,"test_MGDB","latte1.jpg",1,864
67,"test_MGDB","ridere",1,524
67,"test_MGDB","latte5.jpg",1,614
67,"test_MGDB","agonia",1,727
68,"practice_DGMB","disastro",1,995
68,"practice_DGMB","fond3.jpg",1,729
68,"practice_DGMB","nocivo",1,883
68,"practice_DGMB","latte1.jpg",1,1361
68,"practice_DGMB","meraviglioso",1,1223
68,"practice_DGMB","fond2.jpg",1,1250
68,"practice_DGMB","odio",1,783
68,"practice_DGMB","latte7.jpg",1,1052
68,"practice_DGMB","gloria",1,1005
68,"practice_DGMB","fond4.jpg",1,1002
68,"practice_DGMB","ridere",1,729
68,"practice_DGMB","fond1.jpg",1,506
68,"practice_DGMB","felicità",1,759
68,"practice_DGMB","latte3.jpg",1,541
68,"practice_DGMB","paradiso",1,1519
68,"practice_DGMB","latte5.jpg",1,548
68,"practice_DGMB","fallimento",1,809
68,"practice_DGMB","fond5.jpg",1,626
68,"practice_DGMB","eccellente",1,950
68,"practice_DGMB","fond7.jpg",0,834
68,"test_DGMB","fond6.jpg",1,840
68,"test_DGMB","pace",1,631
68,"test_DGMB","fond5.jpg",1,462
68,"test_DGMB","stupendo",1,655
68,"test_DGMB","latte6.jpg",1,673
68,"test_DGMB","amore",1,669
68,"test_DGMB","fond4.jpg",1,657
68,"test_DGMB","male",1,603
68,"test_DGMB","latte4.jpg",0,537
68,"test_DGMB","terribile",1,1019
68,"test_DGMB","fond6.jpg",1,647
68,"test_DGMB","piacere",1,1037
68,"test_DGMB","fond2.jpg",1,1235
68,"test_DGMB","cattivo",1,759
68,"test_DGMB","latte2.jpg",1,525
68,"test_DGMB","fastidioso",1,708
68,"test_DGMB","latte7.jpg",1,552
68,"test_DGMB","gioia",1,1101
68,"test_DGMB","latte5.jpg",1,608
68,"test_DGMB","brutto",1,815
68,"test_DGMB","latte3.jpg",1,640
68,"test_DGMB","dolore",1,695
68,"test_DGMB","latte2.jpg",1,552
68,"test_DGMB","schifo",1,1140
68,"test_DGMB","latte6.jpg",1,432
68,"test_DGMB","agonia",1,796
68,"test_DGMB","latte4.jpg",1,451
68,"test_DGMB","orribile",1,596
68,"test_DGMB","fond3.jpg",1,555
68,"test_DGMB","fastidioso",1,863
68,"test_DGMB","latte1.jpg",1,587
68,"test_DGMB","bello",1,783
68,"test_DGMB","fond1.jpg",1,595
68,"test_DGMB","male",1,1591
68,"test_DGMB","fond7.jpg",1,674
68,"test_DGMB","buono",1,1358
68,"test_DGMB","fond5.jpg",1,596
68,"test_DGMB","bello",1,667
68,"test_DGMB","latte4.jpg",1,575
68,"test_DGMB","felicità",1,705
68,"practice_MGDB","ridere",1,1865
68,"practice_MGDB","fond5.jpg",1,627
68,"practice_MGDB","gioia",1,711
68,"practice_MGDB","latte2.jpg",1,1758
68,"practice_MGDB","terribile",1,1707
68,"practice_MGDB","latte7.jpg",1,949
68,"practice_MGDB","nocivo",1,913
68,"practice_MGDB","latte6.jpg",1,1567
68,"practice_MGDB","brutto",1,1077
68,"practice_MGDB","latte3.jpg",1,1931
68,"practice_MGDB","piacere",1,1570
68,"practice_MGDB","latte4.jpg",1,1186
68,"practice_MGDB","gloria",0,878
68,"practice_MGDB","latte5.jpg",1,916
68,"practice_MGDB","fastidioso",1,1603
68,"practice_MGDB","fond4.jpg",1,1064
68,"practice_MGDB","paradiso",1,971
68,"practice_MGDB","latte1.jpg",1,1860
68,"practice_MGDB","eccellente",1,1300
68,"practice_MGDB","latte6.jpg",1,975
68,"test_MGDB","fond7.jpg",1,831
68,"test_MGDB","bello",1,675
68,"test_MGDB","fond3.jpg",1,553
68,"test_MGDB","meraviglioso",1,774
68,"test_MGDB","fond2.jpg",1,535
68,"test_MGDB","male",1,817
68,"test_MGDB","fond1.jpg",1,530
68,"test_MGDB","schifo",1,787
68,"test_MGDB","latte4.jpg",1,759
68,"test_MGDB","stupendo",1,966
68,"test_MGDB","latte7.jpg",1,527
68,"test_MGDB","pace",1,598
68,"test_MGDB","latte2.jpg",1,437
68,"test_MGDB","buono",1,564
68,"test_MGDB","fond6.jpg",1,434
68,"test_MGDB","felicità",1,743
68,"test_MGDB","fond3.jpg",1,659
68,"test_MGDB","fallimento",1,765
68,"test_MGDB","fond6.jpg",1,502
68,"test_MGDB","disastro",1,735
68,"test_MGDB","fond7.jpg",1,441
68,"test_MGDB","amore",1,1168
68,"test_MGDB","fond2.jpg",1,512
68,"test_MGDB","odio",1,989
68,"test_MGDB","latte3.jpg",1,496
68,"test_MGDB","paradiso",1,706
68,"test_MGDB","fond5.jpg",1,510
68,"test_MGDB","cattivo",1,730
68,"test_MGDB","latte5.jpg",1,443
68,"test_MGDB","dolore",1,675
68,"test_MGDB","fond1.jpg",1,585
68,"test_MGDB","orribile",1,1678
68,"test_MGDB","latte1.jpg",1,499
68,"test_MGDB","piacere",1,716
68,"test_MGDB","latte3.jpg",1,603
68,"test_MGDB","agonia",1,682
68,"test_MGDB","fond4.jpg",0,537
68,"test_MGDB","nocivo",1,1050
68,"test_MGDB","fond1.jpg",1,755
68,"test_MGDB","dolore",1,1215
69,"practice_MGDB","piacere",1,1237
69,"practice_MGDB","fond2.jpg",1,822
69,"practice_MGDB","gioia",1,1151
69,"practice_MGDB","fond4.jpg",1,682
69,"practice_MGDB","eccellente",1,1577
69,"practice_MGDB","latte3.jpg",1,988
69,"practice_MGDB","pace",1,1159
69,"practice_MGDB","latte2.jpg",1,701
69,"practice_MGDB","terribile",1,751
69,"practice_MGDB","fond5.jpg",1,781
69,"practice_MGDB","nocivo",1,1095
69,"practice_MGDB","latte4.jpg",1,687
69,"practice_MGDB","paradiso",1,1718
69,"practice_MGDB","fond3.jpg",1,699
69,"practice_MGDB","cattivo",1,1213
69,"practice_MGDB","fond7.jpg",1,613
69,"practice_MGDB","brutto",1,879
69,"practice_MGDB","latte5.jpg",1,637
69,"practice_MGDB","bello",1,748
69,"practice_MGDB","latte7.jpg",1,720
69,"test_MGDB","fond1.jpg",1,1281
69,"test_MGDB","meraviglioso",1,767
69,"test_MGDB","latte6.jpg",1,752
69,"test_MGDB","fastidioso",1,860
69,"test_MGDB","latte1.jpg",1,616
69,"test_MGDB","male",1,769
69,"test_MGDB","latte1.jpg",1,666
69,"test_MGDB","dolore",0,1279
69,"test_MGDB","fond6.jpg",1,1164
69,"test_MGDB","gloria",1,658
69,"test_MGDB","fond5.jpg",1,574
69,"test_MGDB","schifo",1,816
69,"test_MGDB","fond4.jpg",1,601
69,"test_MGDB","ridere",1,1184
69,"test_MGDB","latte4.jpg",1,755
69,"test_MGDB","felicità",1,1167
69,"test_MGDB","latte3.jpg",1,624
69,"test_MGDB","orribile",1,572
69,"test_MGDB","latte2.jpg",1,701
69,"test_MGDB","buono",1,799
69,"test_MGDB","latte5.jpg",1,925
69,"test_MGDB","stupendo",1,756
69,"test_MGDB","fond1.jpg",1,586
69,"test_MGDB","odio",1,934
69,"test_MGDB","fond2.jpg",1,517
69,"test_MGDB","amore",1,572
69,"test_MGDB","fond6.jpg",1,565
69,"test_MGDB","bello",1,1068
69,"test_MGDB","latte7.jpg",1,936
69,"test_MGDB","pace",1,713
69,"test_MGDB","latte6.jpg",1,615
69,"test_MGDB","disastro",1,665
69,"test_MGDB","fond7.jpg",1,605
69,"test_MGDB","fallimento",1,900
69,"test_MGDB","latte5.jpg",1,631
69,"test_MGDB","agonia",1,1244
69,"test_MGDB","fond3.jpg",1,569
69,"test_MGDB","agonia",1,555
69,"test_MGDB","fond4.jpg",1,1298
69,"test_MGDB","nocivo",1,666
69,"practice_DGMB","dolore",1,882
69,"practice_DGMB","latte6.jpg",1,875
69,"practice_DGMB","bello",1,999
69,"practice_DGMB","latte2.jpg",1,637
69,"practice_DGMB","nocivo",1,620
69,"practice_DGMB","fond7.jpg",1,616
69,"practice_DGMB","piacere",1,881
69,"practice_DGMB","fond2.jpg",1,576
69,"practice_DGMB","felicità",1,601
69,"practice_DGMB","latte5.jpg",1,536
69,"practice_DGMB","buono",1,618
69,"practice_DGMB","latte4.jpg",1,598
69,"practice_DGMB","gloria",1,1165
69,"practice_DGMB","latte7.jpg",1,571
69,"practice_DGMB","schifo",1,1316
69,"practice_DGMB","fond6.jpg",1,690
69,"practice_DGMB","cattivo",1,1339
69,"practice_DGMB","fond1.jpg",1,566
69,"practice_DGMB","ridere",1,789
69,"practice_DGMB","fond5.jpg",1,601
69,"test_DGMB","latte1.jpg",1,1059
69,"test_DGMB","orribile",1,908
69,"test_DGMB","fond3.jpg",1,560
69,"test_DGMB","eccellente",1,615
69,"test_DGMB","latte3.jpg",1,568
69,"test_DGMB","stupendo",1,879
69,"test_DGMB","latte2.jpg",1,613
69,"test_DGMB","disastro",1,727
69,"test_DGMB","fond4.jpg",1,544
69,"test_DGMB","meraviglioso",0,1205
69,"test_DGMB","fond6.jpg",1,978
69,"test_DGMB","pace",1,1715
69,"test_DGMB","latte3.jpg",1,585
69,"test_DGMB","gioia",1,805
69,"test_DGMB","fond2.jpg",1,598
69,"test_DGMB","fallimento",1,581
69,"test_DGMB","fond1.jpg",1,753
69,"test_DGMB","paradiso",1,773
69,"test_DGMB","fond5.jpg",1,558
69,"test_DGMB","agonia",1,509
69,"test_DGMB","fond4.jpg",1,625
69,"test_DGMB","terribile",1,1022
69,"test_DGMB","latte1.jpg",1,745
69,"test_DGMB","male",1,621
69,"test_DGMB","latte5.jpg",1,585
69,"test_DGMB","odio",1,765
69,"test_DGMB","fond7.jpg",1,591
69,"test_DGMB","amore",1,643
69,"test_DGMB","latte4.jpg",1,769
69,"test_DGMB","fastidioso",1,955
69,"test_DGMB","latte7.jpg",1,665
69,"test_DGMB","gloria",1,1525
69,"test_DGMB","fond3.jpg",1,610
69,"test_DGMB","brutto",1,572
69,"test_DGMB","latte6.jpg",1,838
69,"test_DGMB","felicità",1,1884
69,"test_DGMB","fond4.jpg",1,945
69,"test_DGMB","fallimento",1,621
69,"test_DGMB","latte1.jpg",1,929
69,"test_DGMB","male",1,983
70,"practice_MGDB","terribile",1,799
70,"practice_MGDB","fond5.jpg",1,606
70,"practice_MGDB","paradiso",1,613
70,"practice_MGDB","fond7.jpg",1,622
70,"practice_MGDB","gioia",1,543
70,"practice_MGDB","fond1.jpg",1,548
70,"practice_MGDB","fastidioso",1,592
70,"practice_MGDB","latte2.jpg",1,535
70,"practice_MGDB","ridere",1,697
70,"practice_MGDB","latte1.jpg",1,546
70,"practice_MGDB","fallimento",1,582
70,"practice_MGDB","fond3.jpg",1,482
70,"practice_MGDB","odio",1,513
70,"practice_MGDB","fond6.jpg",1,456
70,"practice_MGDB","schifo",1,554
70,"practice_MGDB","fond4.jpg",1,441
70,"practice_MGDB","pace",1,512
70,"practice_MGDB","latte5.jpg",1,447
70,"practice_MGDB","felicità",1,454
70,"practice_MGDB","latte3.jpg",1,448
70,"test_MGDB","latte4.jpg",1,420
70,"test_MGDB","bello",1,542
70,"test_MGDB","fond2.jpg",1,434
70,"test_MGDB","amore",1,519
70,"test_MGDB","latte6.jpg",1,438
70,"test_MGDB","dolore",1,477
70,"test_MGDB","fond7.jpg",1,404
70,"test_MGDB","male",1,451
70,"test_MGDB","latte7.jpg",1,436
70,"test_MGDB","orribile",1,484
70,"test_MGDB","fond2.jpg",1,418
70,"test_MGDB","meraviglioso",1,524
70,"test_MGDB","fond3.jpg",1,462
70,"test_MGDB","agonia",1,602
70,"test_MGDB","fond1.jpg",1,465
70,"test_MGDB","eccellente",1,510
70,"test_MGDB","latte7.jpg",1,434
70,"test_MGDB","brutto",1,495
70,"test_MGDB","latte1.jpg",1,488
70,"test_MGDB","nocivo",1,487
70,"test_MGDB","latte5.jpg",1,489
70,"test_MGDB","gloria",0,547
70,"test_MGDB","latte4.jpg",0,831
70,"test_MGDB","cattivo",1,939
70,"test_MGDB","latte2.jpg",1,494
70,"test_MGDB","disastro",1,576
70,"test_MGDB","fond4.jpg",1,777
70,"test_MGDB","piacere",1,475
70,"test_MGDB","fond5.jpg",1,490
70,"test_MGDB","dolore",1,667
70,"test_MGDB","fond6.jpg",1,575
70,"test_MGDB","buono",1,513
70,"test_MGDB","fond4.jpg",1,504
70,"test_MGDB","nocivo",1,556
70,"test_MGDB","latte6.jpg",1,483
70,"test_MGDB","stupendo",1,562
70,"test_MGDB","latte3.jpg",1,473
70,"test_MGDB","stupendo",1,517
70,"test_MGDB","latte1.jpg",1,476
70,"test_MGDB","eccellente",1,459
70,"practice_DGMB","brutto",1,531
70,"practice_DGMB","fond1.jpg",0,461
70,"practice_DGMB","schifo",1,2046
70,"practice_DGMB","fond6.jpg",1,869
70,"practice_DGMB","gioia",1,594
70,"practice_DGMB","latte5.jpg",0,432
70,"practice_DGMB","piacere",1,885
70,"practice_DGMB","latte1.jpg",0,1118
70,"practice_DGMB","fallimento",1,1716
70,"practice_DGMB","latte3.jpg",1,1457
70,"practice_DGMB","ridere",1,617
70,"practice_DGMB","fond3.jpg",1,586
70,"practice_DGMB","bello",1,559
70,"practice_DGMB","fond7.jpg",1,374
70,"practice_DGMB","odio",1,712
70,"practice_DGMB","latte6.jpg",1,510
70,"practice_DGMB","meraviglioso",1,539
70,"practice_DGMB","fond2.jpg",1,607
70,"practice_DGMB","gloria",1,1598
70,"practice_DGMB","latte4.jpg",0,1219
70,"test_DGMB","fond5.jpg",1,373
70,"test_DGMB","paradiso",1,447
70,"test_DGMB","fond4.jpg",1,376
70,"test_DGMB","pace",1,458
70,"test_DGMB","fond5.jpg",1,390
70,"test_DGMB","male",1,627
70,"test_DGMB","latte7.jpg",1,943
70,"test_DGMB","orribile",1,1171
70,"test_DGMB","fond3.jpg",0,571
70,"test_DGMB","terribile",1,629
70,"test_DGMB","latte2.jpg",1,697
70,"test_DGMB","eccellente",1,642
70,"test_DGMB","fond2.jpg",1,769
70,"test_DGMB","disastro",1,2522
70,"test_DGMB","fond7.jpg",1,718
70,"test_DGMB","stupendo",1,717
70,"test_DGMB","latte4.jpg",1,756
70,"test_DGMB","cattivo",0,1423
70,"test_DGMB","fond4.jpg",1,1386
70,"test_DGMB","amore",1,2421
70,"test_DGMB","latte3.jpg",0,351
70,"test_DGMB","fastidioso",1,931
70,"test_DGMB","latte7.jpg",1,1820
70,"test_DGMB","agonia",1,2596
70,"test_DGMB","fond1.jpg",1,1240
70,"test_DGMB","dolore",1,1742
70,"test_DGMB","fond6.jpg",0,472
70,"test_DGMB","buono",1,901
70,"test_DGMB","latte6.jpg",1,936
70,"test_DGMB","nocivo",1,2481
70,"test_DGMB","latte2.jpg",1,1045
70,"test_DGMB","felicità",1,692
70,"test_DGMB","latte5.jpg",1,709
70,"test_DGMB","bello",1,1025
70,"test_DGMB","latte1.jpg",1,676
70,"test_DGMB","schifo",1,651
70,"test_DGMB","latte2.jpg",1,724
70,"test_DGMB","buono",1,843
70,"test_DGMB","fond3.jpg",1,1162
70,"test_DGMB","odio",1,904
71,"practice_MGDB","amore",1,669
71,"practice_MGDB","fond5.jpg",1,691
71,"practice_MGDB","disastro",1,669
71,"practice_MGDB","fond1.jpg",1,657
71,"practice_MGDB","buono",1,538
71,"practice_MGDB","latte4.jpg",1,526
71,"practice_MGDB","odio",1,613
71,"practice_MGDB","fond3.jpg",1,719
71,"practice_MGDB","agonia",1,606
71,"practice_MGDB","fond2.jpg",1,655
71,"practice_MGDB","terribile",1,576
71,"practice_MGDB","fond7.jpg",1,562
71,"practice_MGDB","pace",1,521
71,"practice_MGDB","latte2.jpg",1,496
71,"practice_MGDB","orribile",1,514
71,"practice_MGDB","latte3.jpg",1,552
71,"practice_MGDB","bello",1,573
71,"practice_MGDB","latte7.jpg",1,686
71,"practice_MGDB","fastidioso",1,589
71,"practice_MGDB","fond6.jpg",1,529
71,"test_MGDB","fond4.jpg",1,676
71,"test_MGDB","felicità",1,619
71,"test_MGDB","latte6.jpg",1,607
71,"test_MGDB","gioia",1,814
71,"test_MGDB","latte5.jpg",1,639
71,"test_MGDB","male",1,709
71,"test_MGDB","latte1.jpg",1,809
71,"test_MGDB","piacere",1,635
71,"test_MGDB","latte2.jpg",1,633
71,"test_MGDB","dolore",1,558
71,"test_MGDB","fond1.jpg",1,548
71,"test_MGDB","schifo",1,593
71,"test_MGDB","fond7.jpg",1,608
71,"test_MGDB","meraviglioso",1,542
71,"test_MGDB","fond4.jpg",1,611
71,"test_MGDB","stupendo",1,524
71,"test_MGDB","latte4.jpg",1,526
71,"test_MGDB","nocivo",0,837
71,"test_MGDB","fond5.jpg",1,715
71,"test_MGDB","brutto",1,671
71,"test_MGDB","latte3.jpg",1,742
71,"test_MGDB","cattivo",1,1322
71,"test_MGDB","fond2.jpg",1,624
71,"test_MGDB","ridere",1,532
71,"test_MGDB","latte6.jpg",1,533
71,"test_MGDB","eccellente",1,735
71,"test_MGDB","fond6.jpg",1,608
71,"test_MGDB","fallimento",1,839
71,"test_MGDB","latte7.jpg",1,926
71,"test_MGDB","paradiso",1,788
71,"test_MGDB","latte5.jpg",1,648
71,"test_MGDB","fallimento",1,551
71,"test_MGDB","latte1.jpg",1,650
71,"test_MGDB","gloria",1,652
71,"test_MGDB","fond3.jpg",1,606
71,"test_MGDB","agonia",1,693
71,"test_MGDB","latte6.jpg",1,590
71,"test_MGDB","piacere",1,682
71,"test_MGDB","fond7.jpg",1,537
71,"test_MGDB","eccellente",1,778
71,"practice_DGMB","nocivo",1,1296
71,"practice_DGMB","fond6.jpg",1,851
71,"practice_DGMB","amore",1,972
71,"practice_DGMB","fond7.jpg",1,613
71,"practice_DGMB","felicità",1,671
71,"practice_DGMB","fond4.jpg",1,1466
71,"practice_DGMB","dolore",1,1046
71,"practice_DGMB","fond3.jpg",1,734
71,"practice_DGMB","male",0,1368
71,"practice_DGMB","latte2.jpg",1,1200
71,"practice_DGMB","piacere",1,1270
71,"practice_DGMB","latte1.jpg",1,737
71,"practice_DGMB","terribile",1,906
71,"practice_DGMB","fond5.jpg",1,726
71,"practice_DGMB","eccellente",1,1069
71,"practice_DGMB","fond1.jpg",1,704
71,"practice_DGMB","fallimento",1,820
71,"practice_DGMB","latte3.jpg",1,872
71,"practice_DGMB","pace",1,868
71,"practice_DGMB","latte6.jpg",1,824
71,"test_DGMB","latte4.jpg",1,627
71,"test_DGMB","paradiso",1,864
71,"test_DGMB","latte7.jpg",1,795
71,"test_DGMB","gioia",1,559
71,"test_DGMB","fond2.jpg",1,910
71,"test_DGMB","brutto",1,890
71,"test_DGMB","latte5.jpg",1,763
71,"test_DGMB","orribile",1,626
71,"test_DGMB","fond1.jpg",1,757
71,"test_DGMB","schifo",0,972
71,"test_DGMB","latte7.jpg",1,1333
71,"test_DGMB","odio",1,806
71,"test_DGMB","fond6.jpg",1,943
71,"test_DGMB","gloria",0,1183
71,"test_DGMB","fond2.jpg",1,1499
71,"test_DGMB","fastidioso",1,1395
71,"test_DGMB","latte5.jpg",1,921
71,"test_DGMB","agonia",1,1599
71,"test_DGMB","fond4.jpg",1,1596
71,"test_DGMB","meraviglioso",1,1087
71,"test_DGMB","fond7.jpg",1,632
71,"test_DGMB","disastro",1,668
71,"test_DGMB","fond3.jpg",1,584
71,"test_DGMB","cattivo",1,924
71,"test_DGMB","latte3.jpg",1,810
71,"test_DGMB","stupendo",1,1020
71,"test_DGMB","latte1.jpg",1,1175
71,"test_DGMB","bello",1,928
71,"test_DGMB","latte2.jpg",1,705
71,"test_DGMB","buono",1,1133
71,"test_DGMB","latte4.jpg",0,1197
71,"test_DGMB","ridere",1,1028
71,"test_DGMB","fond5.jpg",1,591
71,"test_DGMB","meraviglioso",1,683
71,"test_DGMB","latte6.jpg",1,650
71,"test_DGMB","brutto",1,891
71,"test_DGMB","fond4.jpg",1,916
71,"test_DGMB","pace",1,747
71,"test_DGMB","latte5.jpg",1,647
71,"test_DGMB","male",1,2253
72,"practice_MGDB","pace",1,913
72,"practice_MGDB","fond2.jpg",1,799
72,"practice_MGDB","cattivo",1,718
72,"practice_MGDB","fond3.jpg",1,708
72,"practice_MGDB","fastidioso",1,680
72,"practice_MGDB","fond6.jpg",1,679
72,"practice_MGDB","felicità",1,686
72,"practice_MGDB","latte5.jpg",1,655
72,"practice_MGDB","stupendo",1,625
72,"practice_MGDB","fond5.jpg",1,613
72,"practice_MGDB","fallimento",1,663
72,"practice_MGDB","fond7.jpg",1,603
72,"practice_MGDB","disastro",1,673
72,"practice_MGDB","fond1.jpg",1,640
72,"practice_MGDB","male",1,679
72,"practice_MGDB","latte3.jpg",1,670
72,"practice_MGDB","amore",1,625
72,"practice_MGDB","latte1.jpg",1,622
72,"practice_MGDB","paradiso",1,703
72,"practice_MGDB","latte2.jpg",1,627
72,"test_MGDB","latte4.jpg",1,666
72,"test_MGDB","meraviglioso",1,670
72,"test_MGDB","latte6.jpg",1,642
72,"test_MGDB","buono",1,657
72,"test_MGDB","latte7.jpg",1,634
72,"test_MGDB","piacere",1,710
72,"test_MGDB","latte1.jpg",1,674
72,"test_MGDB","bello",1,662
72,"test_MGDB","fond4.jpg",1,618
72,"test_MGDB","gloria",1,660
72,"test_MGDB","fond5.jpg",1,632
72,"test_MGDB","ridere",1,652
72,"test_MGDB","latte2.jpg",1,646
72,"test_MGDB","gioia",1,652
72,"test_MGDB","latte7.jpg",1,710
72,"test_MGDB","eccellente",1,706
72,"test_MGDB","fond7.jpg",1,654
72,"test_MGDB","stupendo",1,631
72,"test_MGDB","latte3.jpg",1,646
72,"test_MGDB","schifo",1,621
72,"test_MGDB","latte5.jpg",1,665
72,"test_MGDB","terribile",1,645
72,"test_MGDB","latte6.jpg",1,638
72,"test_MGDB","agonia",1,781
72,"test_MGDB","fond3.jpg",1,625
72,"test_MGDB","meraviglioso",1,637
72,"test_MGDB","fond4.jpg",1,596
72,"test_MGDB","brutto",1,619
72,"test_MGDB","latte4.jpg",1,615
72,"test_MGDB","odio",1,681
72,"test_MGDB","fond6.jpg",1,711
72,"test_MGDB","orribile",1,675
72,"test_MGDB","fond1.jpg",1,618
72,"test_MGDB","nocivo",1,699
72,"test_MGDB","fond2.jpg",1,615
72,"test_MGDB","dolore",1,609
72,"test_MGDB","fond6.jpg",1,602
72,"test_MGDB","nocivo",1,625
72,"test_MGDB","latte7.jpg",1,661
72,"test_MGDB","cattivo",1,655
72,"practice_DGMB","meraviglioso",1,1690
72,"practice_DGMB","latte2.jpg",1,1026
72,"practice_DGMB","disastro",1,1286
72,"practice_DGMB","latte6.jpg",1,1182
72,"practice_DGMB","dolore",1,999
72,"practice_DGMB","fond2.jpg",1,909
72,"practice_DGMB","agonia",1,1161
72,"practice_DGMB","latte3.jpg",1,1015
72,"practice_DGMB","cattivo",1,840
72,"practice_DGMB","fond6.jpg",0,926
72,"practice_DGMB","gloria",0,1164
72,"practice_DGMB","fond5.jpg",1,1194
72,"practice_DGMB","brutto",1,1494
72,"practice_DGMB","fond4.jpg",1,846
72,"practice_DGMB","male",1,1020
72,"practice_DGMB","latte4.jpg",1,824
72,"practice_DGMB","ridere",1,1348
72,"practice_DGMB","latte5.jpg",1,1343
72,"practice_DGMB","bello",1,1263
72,"practice_DGMB","fond3.jpg",1,1114
72,"test_DGMB","latte7.jpg",1,1007
72,"test_DGMB","schifo",1,838
72,"test_DGMB","latte1.jpg",1,820
72,"test_DGMB","eccellente",1,1157
72,"test_DGMB","latte4.jpg",1,891
72,"test_DGMB","stupendo",1,1060
72,"test_DGMB","fond1.jpg",1,952
72,"test_DGMB","fastidioso",1,1020
72,"test_DGMB","fond7.jpg",1,1015
72,"test_DGMB","pace",1,1216
72,"test_DGMB","fond1.jpg",1,1336
72,"test_DGMB","orribile",1,881
72,"test_DGMB","latte1.jpg",1,871
72,"test_DGMB","odio",1,899
72,"test_DGMB","latte5.jpg",1,1215
72,"test_DGMB","terribile",1,911
72,"test_DGMB","fond5.jpg",1,814
72,"test_DGMB","nocivo",1,871
72,"test_DGMB","fond3.jpg",1,1093
72,"test_DGMB","felicità",1,1294
72,"test_DGMB","latte7.jpg",1,1006
72,"test_DGMB","piacere",1,1749
72,"test_DGMB","fond2.jpg",1,1223
72,"test_DGMB","gioia",1,1271
72,"test_DGMB","latte3.jpg",1,930
72,"test_DGMB","amore",1,972
72,"test_DGMB","fond7.jpg",1,1077
72,"test_DGMB","paradiso",1,1219
72,"test_DGMB","latte2.jpg",1,1358
72,"test_DGMB","fallimento",1,812
72,"test_DGMB","latte6.jpg",1,893
72,"test_DGMB","fallimento",1,870
72,"test_DGMB","fond6.jpg",1,762
72,"test_DGMB","buono",1,1040
72,"test_DGMB","fond4.jpg",1,1006
72,"test_DGMB","piacere",0,861
72,"test_DGMB","fond1.jpg",0,1840
72,"test_DGMB","stupendo",1,1086
72,"test_DGMB","latte1.jpg",1,1254
72,"test_DGMB","orribile",1,863
73,"practice_DGMB","stupendo",1,1793
73,"practice_DGMB","fond4.jpg",1,1014
73,"practice_DGMB","buono",1,1583
73,"practice_DGMB","fond1.jpg",1,602
73,"practice_DGMB","fallimento",1,1017
73,"practice_DGMB","fond5.jpg",1,785
73,"practice_DGMB","gioia",1,1469
73,"practice_DGMB","latte7.jpg",1,904
73,"practice_DGMB","paradiso",1,1180
73,"practice_DGMB","fond2.jpg",1,1167
73,"practice_DGMB","schifo",1,805
73,"practice_DGMB","fond6.jpg",1,790
73,"practice_DGMB","piacere",1,1106
73,"practice_DGMB","fond3.jpg",1,717
73,"practice_DGMB","odio",1,1388
73,"practice_DGMB","latte2.jpg",1,439
73,"practice_DGMB","cattivo",1,1790
73,"practice_DGMB","latte5.jpg",1,801
73,"practice_DGMB","male",1,1335
73,"practice_DGMB","fond7.jpg",1,1039
73,"test_DGMB","latte3.jpg",1,1115
73,"test_DGMB","amore",1,1430
73,"test_DGMB","latte4.jpg",1,697
73,"test_DGMB","agonia",1,987
73,"test_DGMB","fond2.jpg",1,702
73,"test_DGMB","pace",1,850
73,"test_DGMB","latte1.jpg",1,643
73,"test_DGMB","dolore",1,1954
73,"test_DGMB","latte6.jpg",1,1207
73,"test_DGMB","orribile",1,869
73,"test_DGMB","fond6.jpg",1,665
73,"test_DGMB","felicità",1,589
73,"test_DGMB","fond7.jpg",1,489
73,"test_DGMB","fastidioso",1,603
73,"test_DGMB","latte2.jpg",1,569
73,"test_DGMB","disastro",1,651
73,"test_DGMB","latte3.jpg",1,716
73,"test_DGMB","nocivo",1,547
73,"test_DGMB","fond3.jpg",1,583
73,"test_DGMB","meraviglioso",1,636
73,"test_DGMB","fond1.jpg",1,610
73,"test_DGMB","gloria",1,628
73,"test_DGMB","latte6.jpg",1,520
73,"test_DGMB","terribile",1,527
73,"test_DGMB","fond4.jpg",1,1128
73,"test_DGMB","eccellente",1,591
73,"test_DGMB","fond5.jpg",1,634
73,"test_DGMB","brutto",1,607
73,"test_DGMB","latte7.jpg",1,776
73,"test_DGMB","orribile",1,890
73,"test_DGMB","latte1.jpg",1,475
73,"test_DGMB","ridere",1,703
73,"test_DGMB","latte4.jpg",1,619
73,"test_DGMB","bello",1,869
73,"test_DGMB","fond3.jpg",1,968
73,"test_DGMB","amore",1,671
73,"test_DGMB","latte5.jpg",1,474
73,"test_DGMB","ridere",1,591
73,"test_DGMB","latte3.jpg",1,550
73,"test_DGMB","dolore",1,618
73,"practice_MGDB","buono",1,779
73,"practice_MGDB","latte4.jpg",1,496
73,"practice_MGDB","felicità",1,753
73,"practice_MGDB","latte6.jpg",1,432
73,"practice_MGDB","fallimento",1,572
73,"practice_MGDB","fond5.jpg",1,422
73,"practice_MGDB","fastidioso",1,543
73,"practice_MGDB","latte1.jpg",1,524
73,"practice_MGDB","pace",1,987
73,"practice_MGDB","latte7.jpg",1,430
73,"practice_MGDB","stupendo",1,467
73,"practice_MGDB","fond1.jpg",1,543
73,"practice_MGDB","brutto",1,484
73,"practice_MGDB","latte5.jpg",1,522
73,"practice_MGDB","dolore",1,834
73,"practice_MGDB","latte2.jpg",1,672
73,"practice_MGDB","eccellente",1,452
73,"practice_MGDB","latte3.jpg",1,462
73,"practice_MGDB","terribile",1,495
73,"practice_MGDB","fond3.jpg",1,537
73,"test_MGDB","latte6.jpg",1,1521
73,"test_MGDB","piacere",1,463
73,"test_MGDB","latte1.jpg",1,467
73,"test_MGDB","odio",1,455
73,"test_MGDB","fond7.jpg",1,577
73,"test_MGDB","schifo",1,563
73,"test_MGDB","fond6.jpg",1,513
73,"test_MGDB","gioia",1,494
73,"test_MGDB","fond2.jpg",1,479
73,"test_MGDB","nocivo",1,527
73,"test_MGDB","latte3.jpg",1,480
73,"test_MGDB","paradiso",1,567
73,"test_MGDB","fond4.jpg",1,545
73,"test_MGDB","gloria",1,813
73,"test_MGDB","fond5.jpg",1,446
73,"test_MGDB","male",1,509
73,"test_MGDB","fond3.jpg",1,561
73,"test_MGDB","cattivo",1,489
73,"test_MGDB","latte2.jpg",1,458
73,"test_MGDB","ridere",1,588
73,"test_MGDB","latte7.jpg",1,456
73,"test_MGDB","amore",1,506
73,"test_MGDB","latte5.jpg",1,430
73,"test_MGDB","meraviglioso",1,507
73,"test_MGDB","fond1.jpg",1,471
73,"test_MGDB","orribile",1,483
73,"test_MGDB","fond4.jpg",1,458
73,"test_MGDB","disastro",1,468
73,"test_MGDB","fond6.jpg",1,424
73,"test_MGDB","bello",1,557
73,"test_MGDB","latte4.jpg",1,460
73,"test_MGDB","gloria",1,453
73,"test_MGDB","latte6.jpg",1,527
73,"test_MGDB","agonia",1,606
73,"test_MGDB","fond7.jpg",1,527
73,"test_MGDB","ridere",1,567
73,"test_MGDB","fond2.jpg",1,768
73,"test_MGDB","orribile",1,607
73,"test_MGDB","fond2.jpg",1,480
73,"test_MGDB","fallimento",1,575
74,"practice_DGMB","eccellente",1,1013
74,"practice_DGMB","fond2.jpg",1,742
74,"practice_DGMB","brutto",1,671
74,"practice_DGMB","latte6.jpg",1,462
74,"practice_DGMB","terribile",1,618
74,"practice_DGMB","latte7.jpg",1,526
74,"practice_DGMB","stupendo",1,829
74,"practice_DGMB","latte2.jpg",1,881
74,"practice_DGMB","male",1,712
74,"practice_DGMB","latte3.jpg",1,542
74,"practice_DGMB","orribile",1,675
74,"practice_DGMB","fond1.jpg",1,689
74,"practice_DGMB","amore",1,531
74,"practice_DGMB","fond3.jpg",1,508
74,"practice_DGMB","odio",1,481
74,"practice_DGMB","latte1.jpg",1,480
74,"practice_DGMB","meraviglioso",1,823
74,"practice_DGMB","latte4.jpg",1,1466
74,"practice_DGMB","ridere",1,717
74,"practice_DGMB","fond6.jpg",1,460
74,"test_DGMB","fond4.jpg",1,524
74,"test_DGMB","dolore",1,611
74,"test_DGMB","fond7.jpg",1,548
74,"test_DGMB","gioia",1,937
74,"test_DGMB","fond5.jpg",1,674
74,"test_DGMB","disastro",1,726
74,"test_DGMB","latte5.jpg",1,463
74,"test_DGMB","fastidioso",1,956
74,"test_DGMB","latte3.jpg",1,1018
74,"test_DGMB","bello",1,651
74,"test_DGMB","latte5.jpg",1,572
74,"test_DGMB","pace",1,1214
74,"test_DGMB","latte4.jpg",0,470
74,"test_DGMB","buono",1,587
74,"test_DGMB","fond7.jpg",1,583
74,"test_DGMB","felicità",1,731
74,"test_DGMB","fond3.jpg",1,869
74,"test_DGMB","nocivo",1,680
74,"test_DGMB","fond4.jpg",1,647
74,"test_DGMB","gloria",1,1462
74,"test_DGMB","latte6.jpg",1,817
74,"test_DGMB","cattivo",1,546
74,"test_DGMB","latte7.jpg",1,470
74,"test_DGMB","piacere",1,1123
74,"test_DGMB","latte1.jpg",1,537
74,"test_DGMB","schifo",1,1266
74,"test_DGMB","fond6.jpg",1,549
74,"test_DGMB","paradiso",1,1250
74,"test_DGMB","latte2.jpg",1,530
74,"test_DGMB","fallimento",1,740
74,"test_DGMB","latte4.jpg",1,472
74,"test_DGMB","agonia",1,684
74,"test_DGMB","fond2.jpg",0,378
74,"test_DGMB","gloria",0,605
74,"test_DGMB","fond1.jpg",1,654
74,"test_DGMB","cattivo",1,1520
74,"test_DGMB","fond5.jpg",1,493
74,"test_DGMB","ridere",1,1151
74,"test_DGMB","fond2.jpg",1,418
74,"test_DGMB","schifo",1,556
74,"practice_MGDB","dolore",1,675
74,"practice_MGDB","latte6.jpg",1,761
74,"practice_MGDB","ridere",1,616
74,"practice_MGDB","latte4.jpg",1,465
74,"practice_MGDB","fallimento",1,830
74,"practice_MGDB","latte2.jpg",1,554
74,"practice_MGDB","agonia",1,606
74,"practice_MGDB","fond2.jpg",1,527
74,"practice_MGDB","nocivo",1,566
74,"practice_MGDB","latte1.jpg",1,521
74,"practice_MGDB","paradiso",1,895
74,"practice_MGDB","fond6.jpg",1,496
74,"practice_MGDB","male",1,962
74,"practice_MGDB","fond7.jpg",1,408
74,"practice_MGDB","piacere",1,567
74,"practice_MGDB","fond4.jpg",1,536
74,"practice_MGDB","stupendo",1,714
74,"practice_MGDB","latte7.jpg",1,401
74,"practice_MGDB","terribile",1,616
74,"practice_MGDB","fond1.jpg",1,513
74,"test_MGDB","latte3.jpg",1,419
74,"test_MGDB","disastro",1,573
74,"test_MGDB","latte5.jpg",1,470
74,"test_MGDB","schifo",1,587
74,"test_MGDB","latte1.jpg",1,559
74,"test_MGDB","fastidioso",1,638
74,"test_MGDB","fond5.jpg",1,581
74,"test_MGDB","buono",1,550
74,"test_MGDB","fond3.jpg",1,818
74,"test_MGDB","odio",1,948
74,"test_MGDB","latte6.jpg",1,439
74,"test_MGDB","amore",1,934
74,"test_MGDB","latte3.jpg",1,575
74,"test_MGDB","gloria",1,545
74,"test_MGDB","fond7.jpg",1,421
74,"test_MGDB","bello",0,567
74,"test_MGDB","fond3.jpg",1,1208
74,"test_MGDB","pace",1,1174
74,"test_MGDB","latte5.jpg",1,1807
74,"test_MGDB","eccellente",1,1372
74,"test_MGDB","latte4.jpg",1,372
74,"test_MGDB","brutto",1,599
74,"test_MGDB","latte7.jpg",1,509
74,"test_MGDB","felicità",1,1697
74,"test_MGDB","fond5.jpg",1,697
74,"test_MGDB","meraviglioso",1,587
74,"test_MGDB","latte2.jpg",1,559
74,"test_MGDB","orribile",1,1918
74,"test_MGDB","latte5.jpg",1,554
74,"test_MGDB","gioia",1,1783
74,"test_MGDB","fond4.jpg",1,433
74,"test_MGDB","cattivo",1,588
74,"test_MGDB","fond1.jpg",1,338
74,"test_MGDB","dolore",1,540
74,"test_MGDB","fond6.jpg",1,344
74,"test_MGDB","buono",0,404
74,"test_MGDB","fond2.jpg",1,638
74,"test_MGDB","brutto",0,573
74,"test_MGDB","fond3.jpg",1,1110
74,"test_MGDB","bello",1,1322
77,"practice_MGDB","disastro",1,701
77,"practice_MGDB","latte6.jpg",1,617
77,"practice_MGDB","buono",1,741
77,"practice_MGDB","latte1.jpg",1,480
77,"practice_MGDB","amore",1,608
77,"practice_MGDB","latte7.jpg",1,457
77,"practice_MGDB","dolore",1,779
77,"practice_MGDB","latte4.jpg",1,942
77,"practice_MGDB","orribile",1,879
77,"practice_MGDB","fond6.jpg",1,606
77,"practice_MGDB","felicità",1,965
77,"practice_MGDB","fond1.jpg",1,646
77,"practice_MGDB","stupendo",1,925
77,"practice_MGDB","latte5.jpg",0,509
77,"practice_MGDB","ridere",1,1282
77,"practice_MGDB","latte3.jpg",1,567
77,"practice_MGDB","gioia",1,534
77,"practice_MGDB","fond7.jpg",1,656
77,"practice_MGDB","odio",1,873
77,"practice_MGDB","fond3.jpg",1,440
77,"test_MGDB","latte2.jpg",1,3175
77,"test_MGDB","eccellente",1,1892
77,"test_MGDB","fond2.jpg",1,508
77,"test_MGDB","paradiso",1,600
77,"test_MGDB","latte3.jpg",1,743
77,"test_MGDB","male",1,579
77,"test_MGDB","fond5.jpg",1,487
77,"test_MGDB","schifo",0,510
77,"test_MGDB","latte7.jpg",1,610
77,"test_MGDB","fastidioso",0,812
77,"test_MGDB","fond4.jpg",1,885
77,"test_MGDB","terribile",1,852
77,"test_MGDB","latte5.jpg",1,701
77,"test_MGDB","nocivo",1,811
77,"test_MGDB","fond7.jpg",1,676
77,"test_MGDB","pace",1,819
77,"test_MGDB","latte2.jpg",1,695
77,"test_MGDB","agonia",0,568
77,"test_MGDB","latte6.jpg",1,842
77,"test_MGDB","bello",1,568
77,"test_MGDB","fond4.jpg",1,906
77,"test_MGDB","cattivo",1,622
77,"test_MGDB","fond2.jpg",1,522
77,"test_MGDB","meraviglioso",1,641
77,"test_MGDB","fond6.jpg",1,783
77,"test_MGDB","gloria",1,740
77,"test_MGDB","fond1.jpg",1,527
77,"test_MGDB","piacere",1,785
77,"test_MGDB","latte4.jpg",0,469
77,"test_MGDB","fallimento",1,1145
77,"test_MGDB","fond3.jpg",1,908
77,"test_MGDB","brutto",1,1280
77,"test_MGDB","latte1.jpg",1,494
77,"test_MGDB","meraviglioso",1,656
77,"test_MGDB","fond5.jpg",1,753
77,"test_MGDB","stupendo",1,1157
77,"test_MGDB","fond6.jpg",1,675
77,"test_MGDB","brutto",1,983
77,"test_MGDB","latte6.jpg",1,755
77,"test_MGDB","disastro",1,759
77,"practice_DGMB","piacere",1,707
77,"practice_DGMB","fond4.jpg",1,489
77,"practice_DGMB","brutto",1,635
77,"practice_DGMB","latte6.jpg",1,450
77,"practice_DGMB","cattivo",1,659
77,"practice_DGMB","fond7.jpg",1,695
77,"practice_DGMB","agonia",1,705
77,"practice_DGMB","latte5.jpg",1,1021
77,"practice_DGMB","gloria",1,558
77,"practice_DGMB","fond5.jpg",1,429
77,"practice_DGMB","schifo",1,553
77,"practice_DGMB","fond1.jpg",1,576
77,"practice_DGMB","fallimento",1,785
77,"practice_DGMB","fond6.jpg",1,973
77,"practice_DGMB","bello",1,606
77,"practice_DGMB","fond2.jpg",1,376
77,"practice_DGMB","pace",1,786
77,"practice_DGMB","latte1.jpg",1,621
77,"practice_DGMB","nocivo",1,674
77,"practice_DGMB","latte4.jpg",1,456
77,"test_DGMB","fond3.jpg",1,641
77,"test_DGMB","meraviglioso",1,743
77,"test_DGMB","latte3.jpg",1,691
77,"test_DGMB","paradiso",1,1333
77,"test_DGMB","latte2.jpg",1,650
77,"test_DGMB","buono",1,532
77,"test_DGMB","fond1.jpg",1,677
77,"test_DGMB","gioia",1,508
77,"test_DGMB","fond7.jpg",1,520
77,"test_DGMB","amore",1,519
77,"test_DGMB","latte7.jpg",1,790
77,"test_DGMB","odio",1,674
77,"test_DGMB","fond5.jpg",1,713
77,"test_DGMB","stupendo",1,821
77,"test_DGMB","latte1.jpg",1,568
77,"test_DGMB","felicità",1,599
77,"test_DGMB","latte2.jpg",1,630
77,"test_DGMB","eccellente",1,594
77,"test_DGMB","fond4.jpg",1,865
77,"test_DGMB","fastidioso",1,717
77,"test_DGMB","fond2.jpg",1,612
77,"test_DGMB","orribile",1,1133
77,"test_DGMB","latte5.jpg",1,510
77,"test_DGMB","ridere",1,898
77,"test_DGMB","latte7.jpg",1,725
77,"test_DGMB","male",1,732
77,"test_DGMB","latte3.jpg",1,445
77,"test_DGMB","disastro",1,756
77,"test_DGMB","latte4.jpg",1,467
77,"test_DGMB","terribile",1,568
77,"test_DGMB","latte6.jpg",1,545
77,"test_DGMB","bello",0,485
77,"test_DGMB","latte4.jpg",1,847
77,"test_DGMB","dolore",1,997
77,"test_DGMB","fond3.jpg",1,691
77,"test_DGMB","orribile",1,965
77,"test_DGMB","fond6.jpg",1,438
77,"test_DGMB","ridere",1,861
77,"test_DGMB","fond2.jpg",1,417
77,"test_DGMB","brutto",1,698
78,"practice_MGDB","ridere",1,734
78,"practice_MGDB","fond4.jpg",1,1546
78,"practice_MGDB","orribile",1,685
78,"practice_MGDB","latte5.jpg",1,566
78,"practice_MGDB","disastro",1,605
78,"practice_MGDB","fond2.jpg",1,1311
78,"practice_MGDB","meraviglioso",1,602
78,"practice_MGDB","fond1.jpg",1,681
78,"practice_MGDB","gioia",1,943
78,"practice_MGDB","fond6.jpg",1,627
78,"practice_MGDB","felicità",1,567
78,"practice_MGDB","latte7.jpg",1,609
78,"practice_MGDB","brutto",1,671
78,"practice_MGDB","latte3.jpg",1,622
78,"practice_MGDB","cattivo",1,571
78,"practice_MGDB","fond7.jpg",1,644
78,"practice_MGDB","schifo",1,675
78,"practice_MGDB","fond3.jpg",1,457
78,"practice_MGDB","odio",1,507
78,"practice_MGDB","fond5.jpg",1,407
78,"test_MGDB","latte4.jpg",1,474
78,"test_MGDB","dolore",1,471
78,"test_MGDB","latte2.jpg",1,558
78,"test_MGDB","stupendo",1,1085
78,"test_MGDB","fond4.jpg",1,466
78,"test_MGDB","bello",1,535
78,"test_MGDB","latte6.jpg",1,433
78,"test_MGDB","gloria",1,629
78,"test_MGDB","fond5.jpg",1,441
78,"test_MGDB","terribile",1,536
78,"test_MGDB","latte1.jpg",1,514
78,"test_MGDB","paradiso",1,638
78,"test_MGDB","latte1.jpg",1,485
78,"test_MGDB","fastidioso",1,588
78,"test_MGDB","latte4.jpg",1,568
78,"test_MGDB","eccellente",1,647
78,"test_MGDB","fond6.jpg",1,433
78,"test_MGDB","fallimento",1,565
78,"test_MGDB","latte5.jpg",1,399
78,"test_MGDB","agonia",1,742
78,"test_MGDB","fond1.jpg",1,914
78,"test_MGDB","male",1,629
78,"test_MGDB","latte7.jpg",1,617
78,"test_MGDB","nocivo",1,715
78,"test_MGDB","latte2.jpg",1,562
78,"test_MGDB","piacere",1,841
78,"test_MGDB","fond3.jpg",1,447
78,"test_MGDB","amore",1,534
78,"test_MGDB","latte6.jpg",1,592
78,"test_MGDB","terribile",1,924
78,"test_MGDB","latte3.jpg",1,754
78,"test_MGDB","pace",0,526
78,"test_MGDB","latte4.jpg",1,736
78,"test_MGDB","buono",1,385
78,"test_MGDB","fond2.jpg",1,518
78,"test_MGDB","felicità",1,637
78,"test_MGDB","fond7.jpg",1,571
78,"test_MGDB","ridere",1,645
78,"test_MGDB","fond4.jpg",1,598
78,"test_MGDB","dolore",1,621
78,"practice_DGMB","ridere",1,2447
78,"practice_DGMB","latte6.jpg",1,582
78,"practice_DGMB","nocivo",1,583
78,"practice_DGMB","latte3.jpg",1,1323
78,"practice_DGMB","stupendo",1,689
78,"practice_DGMB","fond7.jpg",1,714
78,"practice_DGMB","bello",1,735
78,"practice_DGMB","fond2.jpg",1,608
78,"practice_DGMB","pace",1,543
78,"practice_DGMB","latte2.jpg",1,435
78,"practice_DGMB","disastro",1,543
78,"practice_DGMB","fond3.jpg",1,1372
78,"practice_DGMB","brutto",1,724
78,"practice_DGMB","fond5.jpg",1,530
78,"practice_DGMB","meraviglioso",1,1020
78,"practice_DGMB","latte7.jpg",1,736
78,"practice_DGMB","terribile",1,1089
78,"practice_DGMB","fond1.jpg",1,938
78,"practice_DGMB","felicità",1,1731
78,"practice_DGMB","fond4.jpg",1,650
78,"test_DGMB","latte4.jpg",1,624
78,"test_DGMB","schifo",1,516
78,"test_DGMB","fond6.jpg",0,467
78,"test_DGMB","cattivo",1,1271
78,"test_DGMB","latte5.jpg",1,1618
78,"test_DGMB","male",1,690
78,"test_DGMB","fond4.jpg",1,572
78,"test_DGMB","eccellente",1,549
78,"test_DGMB","latte1.jpg",1,561
78,"test_DGMB","odio",1,672
78,"test_DGMB","latte3.jpg",1,647
78,"test_DGMB","piacere",1,774
78,"test_DGMB","fond2.jpg",1,671
78,"test_DGMB","gioia",1,683
78,"test_DGMB","latte6.jpg",1,482
78,"test_DGMB","dolore",1,601
78,"test_DGMB","latte1.jpg",1,1088
78,"test_DGMB","paradiso",1,566
78,"test_DGMB","fond1.jpg",1,487
78,"test_DGMB","buono",1,614
78,"test_DGMB","fond5.jpg",1,456
78,"test_DGMB","gloria",1,506
78,"test_DGMB","fond7.jpg",1,534
78,"test_DGMB","amore",1,544
78,"test_DGMB","fond3.jpg",1,468
78,"test_DGMB","eccellente",1,576
78,"test_DGMB","fond6.jpg",1,482
78,"test_DGMB","agonia",1,745
78,"test_DGMB","fond4.jpg",1,669
78,"test_DGMB","gioia",1,961
78,"test_DGMB","latte2.jpg",1,511
78,"test_DGMB","fastidioso",1,771
78,"test_DGMB","latte5.jpg",1,733
78,"test_DGMB","orribile",1,694
78,"test_DGMB","latte4.jpg",1,655
78,"test_DGMB","fallimento",1,505
78,"test_DGMB","latte7.jpg",1,397
78,"test_DGMB","terribile",1,540
78,"test_DGMB","latte3.jpg",1,440
78,"test_DGMB","orribile",0,776
79,"practice_MGDB","paradiso",1,3040
79,"practice_MGDB","latte3.jpg",1,651
79,"practice_MGDB","cattivo",1,772
79,"practice_MGDB","latte6.jpg",1,734
79,"practice_MGDB","fallimento",1,711
79,"practice_MGDB","fond2.jpg",1,541
79,"practice_MGDB","eccellente",1,887
79,"practice_MGDB","fond4.jpg",1,760
79,"practice_MGDB","brutto",1,767
79,"practice_MGDB","latte7.jpg",1,568
79,"practice_MGDB","gioia",1,1135
79,"practice_MGDB","fond3.jpg",1,520
79,"practice_MGDB","stupendo",1,751
79,"practice_MGDB","fond1.jpg",1,498
79,"practice_MGDB","male",1,612
79,"practice_MGDB","latte5.jpg",1,446
79,"practice_MGDB","schifo",1,645
79,"practice_MGDB","latte4.jpg",1,1070
79,"practice_MGDB","dolore",1,530
79,"practice_MGDB","fond6.jpg",1,459
79,"test_MGDB","fond5.jpg",1,809
79,"test_MGDB","gloria",1,559
79,"test_MGDB","latte2.jpg",1,607
79,"test_MGDB","piacere",1,517
79,"test_MGDB","latte1.jpg",1,420
79,"test_MGDB","disastro",1,534
79,"test_MGDB","latte5.jpg",1,664
79,"test_MGDB","meraviglioso",1,812
79,"test_MGDB","fond7.jpg",1,429
79,"test_MGDB","ridere",1,754
79,"test_MGDB","fond2.jpg",1,608
79,"test_MGDB","terribile",1,583
79,"test_MGDB","latte1.jpg",1,715
79,"test_MGDB","nocivo",1,463
79,"test_MGDB","fond7.jpg",1,539
79,"test_MGDB","pace",1,533
79,"test_MGDB","latte3.jpg",1,623
79,"test_MGDB","buono",1,651
79,"test_MGDB","fond6.jpg",1,460
79,"test_MGDB","odio",1,1086
79,"test_MGDB","fond5.jpg",1,431
79,"test_MGDB","amore",1,515
79,"test_MGDB","fond1.jpg",1,586
79,"test_MGDB","agonia",1,638
79,"test_MGDB","fond3.jpg",1,533
79,"test_MGDB","felicità",1,575
79,"test_MGDB","latte6.jpg",1,696
79,"test_MGDB","bello",1,650
79,"test_MGDB","latte2.jpg",1,403
79,"test_MGDB","orribile",1,530
79,"test_MGDB","latte4.jpg",1,804
79,"test_MGDB","fastidioso",0,706
79,"test_MGDB","fond4.jpg",1,1038
79,"test_MGDB","schifo",1,645
79,"test_MGDB","latte7.jpg",1,790
79,"test_MGDB","meraviglioso",1,658
79,"test_MGDB","latte1.jpg",1,494
79,"test_MGDB","terribile",1,536
79,"test_MGDB","fond3.jpg",1,465
79,"test_MGDB","gloria",1,510
79,"practice_DGMB","agonia",1,1194
79,"practice_DGMB","latte6.jpg",1,688
79,"practice_DGMB","cattivo",1,935
79,"practice_DGMB","latte3.jpg",1,512
79,"practice_DGMB","eccellente",1,964
79,"practice_DGMB","latte1.jpg",1,794
79,"practice_DGMB","brutto",1,822
79,"practice_DGMB","latte7.jpg",1,498
79,"practice_DGMB","dolore",0,756
79,"practice_DGMB","fond1.jpg",1,4226
79,"practice_DGMB","felicità",1,1583
79,"practice_DGMB","fond3.jpg",1,705
79,"practice_DGMB","gioia",1,965
79,"practice_DGMB","fond6.jpg",1,510
79,"practice_DGMB","stupendo",1,698
79,"practice_DGMB","latte5.jpg",1,830
79,"practice_DGMB","buono",1,618
79,"practice_DGMB","fond4.jpg",1,974
79,"practice_DGMB","nocivo",1,967
79,"practice_DGMB","fond2.jpg",1,968
79,"test_DGMB","fond5.jpg",1,531
79,"test_DGMB","bello",1,900
79,"test_DGMB","fond7.jpg",1,416
79,"test_DGMB","ridere",1,1210
79,"test_DGMB","latte4.jpg",1,1026
79,"test_DGMB","odio",1,2398
79,"test_DGMB","latte2.jpg",1,490
79,"test_DGMB","gloria",0,668
79,"test_DGMB","latte4.jpg",1,1535
79,"test_DGMB","disastro",1,1440
79,"test_DGMB","latte6.jpg",1,709
79,"test_DGMB","orribile",1,825
79,"test_DGMB","latte5.jpg",1,1229
79,"test_DGMB","schifo",1,992
79,"test_DGMB","fond4.jpg",1,950
79,"test_DGMB","meraviglioso",1,882
79,"test_DGMB","fond1.jpg",1,553
79,"test_DGMB","terribile",1,1301
79,"test_DGMB","fond5.jpg",1,512
79,"test_DGMB","paradiso",1,1268
79,"test_DGMB","fond6.jpg",1,959
79,"test_DGMB","piacere",1,606
79,"test_DGMB","latte3.jpg",1,775
79,"test_DGMB","amore",1,712
79,"test_DGMB","fond3.jpg",1,1047
79,"test_DGMB","fastidioso",1,1461
79,"test_DGMB","fond7.jpg",1,680
79,"test_DGMB","pace",1,815
79,"test_DGMB","fond2.jpg",1,352
79,"test_DGMB","male",1,581
79,"test_DGMB","latte7.jpg",1,465
79,"test_DGMB","fallimento",1,789
79,"test_DGMB","fond1.jpg",1,897
79,"test_DGMB","dolore",1,922
79,"test_DGMB","latte2.jpg",1,488
79,"test_DGMB","piacere",1,663
79,"test_DGMB","latte1.jpg",1,819
79,"test_DGMB","felicità",1,589
79,"test_DGMB","latte1.jpg",1,745
79,"test_DGMB","agonia",1,893
81,"practice_DGMB","amore",1,2457
81,"practice_DGMB","fond5.jpg",1,2602
81,"practice_DGMB","disastro",1,1518
81,"practice_DGMB","latte1.jpg",1,2651
81,"practice_DGMB","agonia",1,2903
81,"practice_DGMB","latte3.jpg",1,1056
81,"practice_DGMB","fallimento",1,769
81,"practice_DGMB","fond6.jpg",0,746
81,"practice_DGMB","orribile",1,1078
81,"practice_DGMB","latte4.jpg",1,1908
81,"practice_DGMB","stupendo",1,1222
81,"practice_DGMB","latte2.jpg",1,1033
81,"practice_DGMB","piacere",1,1477
81,"practice_DGMB","latte5.jpg",1,1858
81,"practice_DGMB","eccellente",1,914
81,"practice_DGMB","fond2.jpg",1,1168
81,"practice_DGMB","terribile",1,870
81,"practice_DGMB","fond3.jpg",1,610
81,"practice_DGMB","dolore",1,724
81,"practice_DGMB","latte6.jpg",1,642
81,"test_DGMB","latte7.jpg",1,1825
81,"test_DGMB","bello",1,715
81,"test_DGMB","latte2.jpg",1,722
81,"test_DGMB","brutto",1,776
81,"test_DGMB","latte4.jpg",1,722
81,"test_DGMB","schifo",1,880
81,"test_DGMB","fond4.jpg",1,766
81,"test_DGMB","buono",1,605
81,"test_DGMB","fond1.jpg",1,606
81,"test_DGMB","ridere",1,542
81,"test_DGMB","latte3.jpg",1,634
81,"test_DGMB","fastidioso",1,734
81,"test_DGMB","latte5.jpg",0,567
81,"test_DGMB","pace",1,558
81,"test_DGMB","fond7.jpg",1,3333
81,"test_DGMB","gioia",1,679
81,"test_DGMB","latte1.jpg",1,814
81,"test_DGMB","felicità",1,904
81,"test_DGMB","fond7.jpg",1,963
81,"test_DGMB","paradiso",1,714
81,"test_DGMB","fond6.jpg",1,592
81,"test_DGMB","gloria",1,756
81,"test_DGMB","fond5.jpg",1,635
81,"test_DGMB","cattivo",1,1399
81,"test_DGMB","fond3.jpg",1,1389
81,"test_DGMB","nocivo",1,800
81,"test_DGMB","latte7.jpg",1,646
81,"test_DGMB","meraviglioso",1,717
81,"test_DGMB","fond4.jpg",1,803
81,"test_DGMB","eccellente",1,834
81,"test_DGMB","fond2.jpg",1,569
81,"test_DGMB","odio",1,639
81,"test_DGMB","latte6.jpg",1,982
81,"test_DGMB","male",1,711
81,"test_DGMB","fond1.jpg",1,558
81,"test_DGMB","schifo",1,781
81,"test_DGMB","latte1.jpg",1,1817
81,"test_DGMB","odio",1,721
81,"test_DGMB","fond2.jpg",1,639
81,"test_DGMB","pace",1,958
81,"practice_MGDB","fallimento",1,1531
81,"practice_MGDB","fond7.jpg",1,1635
81,"practice_MGDB","disastro",1,1317
81,"practice_MGDB","fond1.jpg",1,579
81,"practice_MGDB","pace",1,909
81,"practice_MGDB","fond6.jpg",1,616
81,"practice_MGDB","male",1,1394
81,"practice_MGDB","latte4.jpg",1,759
81,"practice_MGDB","amore",1,622
81,"practice_MGDB","latte7.jpg",1,698
81,"practice_MGDB","nocivo",1,748
81,"practice_MGDB","fond5.jpg",1,455
81,"practice_MGDB","fastidioso",1,529
81,"practice_MGDB","fond2.jpg",1,467
81,"practice_MGDB","paradiso",1,519
81,"practice_MGDB","fond3.jpg",1,534
81,"practice_MGDB","schifo",1,576
81,"practice_MGDB","fond4.jpg",1,417
81,"practice_MGDB","dolore",1,611
81,"practice_MGDB","latte2.jpg",1,484
81,"test_MGDB","fond4.jpg",1,914
81,"test_MGDB","cattivo",1,709
81,"test_MGDB","latte1.jpg",0,561
81,"test_MGDB","felicità",1,808
81,"test_MGDB","latte3.jpg",1,529
81,"test_MGDB","bello",1,627
81,"test_MGDB","fond1.jpg",1,767
81,"test_MGDB","buono",1,622
81,"test_MGDB","fond6.jpg",1,586
81,"test_MGDB","eccellente",1,638
81,"test_MGDB","latte6.jpg",1,797
81,"test_MGDB","stupendo",1,499
81,"test_MGDB","latte5.jpg",1,440
81,"test_MGDB","piacere",1,431
81,"test_MGDB","latte1.jpg",1,574
81,"test_MGDB","brutto",1,567
81,"test_MGDB","latte6.jpg",1,593
81,"test_MGDB","gioia",1,693
81,"test_MGDB","latte5.jpg",1,622
81,"test_MGDB","odio",1,539
81,"test_MGDB","fond7.jpg",1,455
81,"test_MGDB","agonia",1,689
81,"test_MGDB","fond3.jpg",1,482
81,"test_MGDB","meraviglioso",1,593
81,"test_MGDB","latte4.jpg",1,640
81,"test_MGDB","gloria",1,431
81,"test_MGDB","fond2.jpg",1,494
81,"test_MGDB","orribile",1,535
81,"test_MGDB","latte7.jpg",1,681
81,"test_MGDB","terribile",1,576
81,"test_MGDB","latte2.jpg",1,465
81,"test_MGDB","ridere",1,614
81,"test_MGDB","latte3.jpg",1,543
81,"test_MGDB","gioia",1,443
81,"test_MGDB","fond5.jpg",1,482
81,"test_MGDB","dolore",1,514
81,"test_MGDB","fond4.jpg",1,448
81,"test_MGDB","odio",1,495
81,"test_MGDB","latte2.jpg",1,545
81,"test_MGDB","pace",1,885
82,"practice_DGMB","stupendo",1,1534
82,"practice_DGMB","latte5.jpg",1,1558
82,"practice_DGMB","male",1,1748
82,"practice_DGMB","fond5.jpg",1,1454
82,"practice_DGMB","fastidioso",1,870
82,"practice_DGMB","fond3.jpg",1,1866
82,"practice_DGMB","fallimento",1,804
82,"practice_DGMB","latte4.jpg",1,1810
82,"practice_DGMB","amore",1,1250
82,"practice_DGMB","latte2.jpg",1,1027
82,"practice_DGMB","bello",1,590
82,"practice_DGMB","latte3.jpg",1,978
82,"practice_DGMB","ridere",1,820
82,"practice_DGMB","fond4.jpg",1,767
82,"practice_DGMB","pace",1,598
82,"practice_DGMB","fond1.jpg",1,509
82,"practice_DGMB","schifo",1,1073
82,"practice_DGMB","fond7.jpg",1,2327
82,"practice_DGMB","disastro",1,795
82,"practice_DGMB","fond6.jpg",1,906
82,"test_DGMB","fond2.jpg",1,984
82,"test_DGMB","piacere",1,564
82,"test_DGMB","latte6.jpg",1,902
82,"test_DGMB","dolore",1,769
82,"test_DGMB","latte1.jpg",1,506
82,"test_DGMB","odio",1,759
82,"test_DGMB","latte7.jpg",1,1133
82,"test_DGMB","agonia",1,595
82,"test_DGMB","latte5.jpg",1,658
82,"test_DGMB","eccellente",1,691
82,"test_DGMB","latte6.jpg",1,612
82,"test_DGMB","gioia",1,830
82,"test_DGMB","fond2.jpg",1,554
82,"test_DGMB","brutto",1,670
82,"test_DGMB","latte1.jpg",1,586
82,"test_DGMB","nocivo",1,870
82,"test_DGMB","fond1.jpg",1,546
82,"test_DGMB","paradiso",1,662
82,"test_DGMB","latte7.jpg",1,1298
82,"test_DGMB","gloria",1,787
82,"test_DGMB","fond7.jpg",1,847
82,"test_DGMB","felicità",1,573
82,"test_DGMB","fond3.jpg",1,473
82,"test_DGMB","orribile",1,662
82,"test_DGMB","fond5.jpg",1,626
82,"test_DGMB","buono",1,1398
82,"test_DGMB","fond4.jpg",1,907
82,"test_DGMB","cattivo",1,879
82,"test_DGMB","fond6.jpg",1,822
82,"test_DGMB","terribile",1,1095
82,"test_DGMB","latte2.jpg",0,552
82,"test_DGMB","schifo",1,732
82,"test_DGMB","latte3.jpg",1,765
82,"test_DGMB","odio",1,852
82,"test_DGMB","fond6.jpg",1,925
82,"test_DGMB","meraviglioso",1,619
82,"test_DGMB","latte4.jpg",1,687
82,"test_DGMB","gioia",1,486
82,"test_DGMB","latte5.jpg",1,760
82,"test_DGMB","gloria",1,766
82,"practice_MGDB","eccellente",1,1258
82,"practice_MGDB","fond1.jpg",1,789
82,"practice_MGDB","buono",1,1225
82,"practice_MGDB","latte4.jpg",1,1132
82,"practice_MGDB","orribile",1,1549
82,"practice_MGDB","latte2.jpg",1,792
82,"practice_MGDB","stupendo",1,1748
82,"practice_MGDB","latte3.jpg",1,2214
82,"practice_MGDB","gioia",1,813
82,"practice_MGDB","fond5.jpg",1,870
82,"practice_MGDB","amore",1,3042
82,"practice_MGDB","latte1.jpg",0,885
82,"practice_MGDB","male",1,908
82,"practice_MGDB","fond7.jpg",0,3143
82,"practice_MGDB","nocivo",1,2709
82,"practice_MGDB","fond4.jpg",1,1046
82,"practice_MGDB","meraviglioso",1,2524
82,"practice_MGDB","fond3.jpg",1,760
82,"practice_MGDB","fallimento",1,1206
82,"practice_MGDB","latte5.jpg",1,887
82,"test_MGDB","latte7.jpg",1,1720
82,"test_MGDB","dolore",1,814
82,"test_MGDB","latte6.jpg",1,2167
82,"test_MGDB","cattivo",1,835
82,"test_MGDB","fond6.jpg",1,634
82,"test_MGDB","schifo",1,902
82,"test_MGDB","latte2.jpg",1,1610
82,"test_MGDB","felicità",1,583
82,"test_MGDB","fond2.jpg",1,955
82,"test_MGDB","terribile",1,1791
82,"test_MGDB","latte5.jpg",1,2585
82,"test_MGDB","gloria",1,1935
82,"test_MGDB","fond6.jpg",1,583
82,"test_MGDB","fastidioso",1,787
82,"test_MGDB","fond7.jpg",1,439
82,"test_MGDB","disastro",1,3238
82,"test_MGDB","fond1.jpg",1,1841
82,"test_MGDB","brutto",1,862
82,"test_MGDB","latte1.jpg",1,730
82,"test_MGDB","paradiso",1,1971
82,"test_MGDB","fond2.jpg",1,1402
82,"test_MGDB","pace",1,2192
82,"test_MGDB","latte4.jpg",1,2586
82,"test_MGDB","bello",1,2563
82,"test_MGDB","fond4.jpg",1,719
82,"test_MGDB","odio",1,824
82,"test_MGDB","fond5.jpg",1,844
82,"test_MGDB","agonia",1,778
82,"test_MGDB","fond3.jpg",1,478
82,"test_MGDB","fallimento",1,589
82,"test_MGDB","latte3.jpg",1,809
82,"test_MGDB","piacere",1,531
82,"test_MGDB","latte7.jpg",1,644
82,"test_MGDB","orribile",1,667
82,"test_MGDB","latte6.jpg",1,2215
82,"test_MGDB","ridere",1,814
82,"test_MGDB","latte1.jpg",1,479
82,"test_MGDB","pace",1,462
82,"test_MGDB","fond3.jpg",1,635
82,"test_MGDB","gloria",1,879
83,"practice_DGMB","nocivo",1,945
83,"practice_DGMB","latte6.jpg",0,892
83,"practice_DGMB","orribile",1,2214
83,"practice_DGMB","fond4.jpg",1,1996
83,"practice_DGMB","disastro",1,1183
83,"practice_DGMB","latte4.jpg",1,1330
83,"practice_DGMB","odio",1,823
83,"practice_DGMB","fond2.jpg",0,707
83,"practice_DGMB","eccellente",1,1504
83,"practice_DGMB","fond5.jpg",1,1122
83,"practice_DGMB","meraviglioso",0,1856
83,"practice_DGMB","fond3.jpg",1,2032
83,"practice_DGMB","brutto",1,1490
83,"practice_DGMB","latte1.jpg",1,1794
83,"practice_DGMB","paradiso",1,1228
83,"practice_DGMB","latte2.jpg",1,1056
83,"practice_DGMB","schifo",1,1201
83,"practice_DGMB","latte5.jpg",1,1486
83,"practice_DGMB","terribile",1,820
83,"practice_DGMB","latte3.jpg",1,768
83,"test_DGMB","fond1.jpg",1,1044
83,"test_DGMB","fallimento",1,1258
83,"test_DGMB","fond7.jpg",1,850
83,"test_DGMB","male",1,932
83,"test_DGMB","latte7.jpg",1,1244
83,"test_DGMB","fastidioso",1,1571
83,"test_DGMB","fond6.jpg",1,1226
83,"test_DGMB","dolore",1,694
83,"test_DGMB","latte4.jpg",1,1639
83,"test_DGMB","pace",1,868
83,"test_DGMB","fond6.jpg",1,1712
83,"test_DGMB","gioia",1,667
83,"test_DGMB","latte5.jpg",0,655
83,"test_DGMB","gloria",1,1512
83,"test_DGMB","latte6.jpg",1,714
83,"test_DGMB","cattivo",1,1535
83,"test_DGMB","fond2.jpg",1,919
83,"test_DGMB","ridere",1,1037
83,"test_DGMB","latte3.jpg",1,1235
83,"test_DGMB","agonia",1,1439
83,"test_DGMB","fond7.jpg",1,812
83,"test_DGMB","fallimento",1,1165
83,"test_DGMB","latte2.jpg",0,1262
83,"test_DGMB","felicità",1,1255
83,"test_DGMB","latte7.jpg",1,943
83,"test_DGMB","stupendo",1,1107
83,"test_DGMB","fond5.jpg",0,1782
83,"test_DGMB","orribile",1,1574
83,"test_DGMB","fond1.jpg",1,1438
83,"test_DGMB","bello",1,1371
83,"test_DGMB","fond4.jpg",1,1180
83,"test_DGMB","amore",1,796
83,"test_DGMB","fond3.jpg",1,979
83,"test_DGMB","buono",1,860
83,"test_DGMB","latte1.jpg",1,1007
83,"test_DGMB","piacere",1,1157
83,"test_DGMB","fond6.jpg",1,1116
83,"test_DGMB","buono",1,2055
83,"test_DGMB","latte4.jpg",0,2014
83,"test_DGMB","ridere",1,1950
83,"practice_MGDB","disastro",1,1153
83,"practice_MGDB","latte6.jpg",1,831
83,"practice_MGDB","piacere",1,1395
83,"practice_MGDB","fond6.jpg",1,697
83,"practice_MGDB","dolore",1,802
83,"practice_MGDB","latte5.jpg",1,777
83,"practice_MGDB","buono",1,690
83,"practice_MGDB","latte3.jpg",1,739
83,"practice_MGDB","schifo",1,820
83,"practice_MGDB","latte2.jpg",1,896
83,"practice_MGDB","stupendo",1,1121
83,"practice_MGDB","fond1.jpg",1,1079
83,"practice_MGDB","nocivo",1,846
83,"practice_MGDB","latte1.jpg",1,854
83,"practice_MGDB","meraviglioso",1,1048
83,"practice_MGDB","fond3.jpg",1,664
83,"practice_MGDB","felicità",1,1005
83,"practice_MGDB","fond4.jpg",1,717
83,"practice_MGDB","odio",1,908
83,"practice_MGDB","latte4.jpg",1,624
83,"test_MGDB","latte7.jpg",1,976
83,"test_MGDB","cattivo",1,625
83,"test_MGDB","fond7.jpg",1,1189
83,"test_MGDB","gloria",1,1192
83,"test_MGDB","fond5.jpg",1,926
83,"test_MGDB","terribile",1,717
83,"test_MGDB","fond2.jpg",1,523
83,"test_MGDB","fastidioso",1,570
83,"test_MGDB","fond4.jpg",1,507
83,"test_MGDB","orribile",1,632
83,"test_MGDB","latte6.jpg",1,679
83,"test_MGDB","amore",1,870
83,"test_MGDB","latte4.jpg",1,617
83,"test_MGDB","fallimento",1,627
83,"test_MGDB","fond6.jpg",1,567
83,"test_MGDB","eccellente",1,710
83,"test_MGDB","latte5.jpg",1,1042
83,"test_MGDB","pace",1,792
83,"test_MGDB","latte3.jpg",1,694
83,"test_MGDB","brutto",1,672
83,"test_MGDB","fond7.jpg",1,822
83,"test_MGDB","gioia",1,802
83,"test_MGDB","fond1.jpg",1,641
83,"test_MGDB","bello",1,824
83,"test_MGDB","latte2.jpg",1,971
83,"test_MGDB","agonia",1,676
83,"test_MGDB","fond5.jpg",1,707
83,"test_MGDB","paradiso",1,687
83,"test_MGDB","latte1.jpg",1,1104
83,"test_MGDB","ridere",1,932
83,"test_MGDB","fond2.jpg",1,613
83,"test_MGDB","meraviglioso",1,902
83,"test_MGDB","fond3.jpg",1,1426
83,"test_MGDB","male",1,725
83,"test_MGDB","latte7.jpg",1,758
83,"test_MGDB","fastidioso",1,789
83,"test_MGDB","latte1.jpg",1,905
83,"test_MGDB","stupendo",1,700
83,"test_MGDB","fond6.jpg",1,584
83,"test_MGDB","cattivo",1,669
84,"practice_DGMB","pace",1,656
84,"practice_DGMB","fond3.jpg",1,692
84,"practice_DGMB","felicità",1,902
84,"practice_DGMB","latte2.jpg",1,801
84,"practice_DGMB","fallimento",1,704
84,"practice_DGMB","fond1.jpg",1,628
84,"practice_DGMB","cattivo",1,672
84,"practice_DGMB","latte7.jpg",1,695
84,"practice_DGMB","meraviglioso",1,840
84,"practice_DGMB","latte4.jpg",1,822
84,"practice_DGMB","nocivo",1,599
84,"practice_DGMB","latte3.jpg",1,814
84,"practice_DGMB","gioia",1,624
84,"practice_DGMB","latte6.jpg",1,708
84,"practice_DGMB","stupendo",1,576
84,"practice_DGMB","latte5.jpg",1,689
84,"practice_DGMB","gloria",1,507
84,"practice_DGMB","latte1.jpg",1,799
84,"practice_DGMB","ridere",1,534
84,"practice_DGMB","latte2.jpg",1,639
84,"test_DGMB","fond5.jpg",1,1070
84,"test_DGMB","schifo",1,730
84,"test_DGMB","latte3.jpg",0,915
84,"test_DGMB","odio",1,751
84,"test_DGMB","latte5.jpg",1,642
84,"test_DGMB","amore",1,514
84,"test_DGMB","fond2.jpg",1,561
84,"test_DGMB","paradiso",1,688
84,"test_DGMB","fond7.jpg",1,1497
84,"test_DGMB","buono",1,769
84,"test_DGMB","fond6.jpg",1,514
84,"test_DGMB","eccellente",1,631
84,"test_DGMB","fond4.jpg",1,586
84,"test_DGMB","brutto",1,543
84,"test_DGMB","fond3.jpg",1,571
84,"test_DGMB","bello",1,573
84,"test_DGMB","latte7.jpg",1,526
84,"test_DGMB","terribile",1,541
84,"test_DGMB","fond1.jpg",1,529
84,"test_DGMB","orribile",1,771
84,"test_DGMB","fond4.jpg",1,596
84,"test_DGMB","disastro",1,515
84,"test_DGMB","latte1.jpg",1,602
84,"test_DGMB","dolore",1,529
84,"test_DGMB","fond6.jpg",1,587
84,"test_DGMB","piacere",1,551
84,"test_DGMB","fond7.jpg",1,494
84,"test_DGMB","agonia",1,655
84,"test_DGMB","fond2.jpg",1,473
84,"test_DGMB","gioia",1,637
84,"test_DGMB","latte6.jpg",1,524
84,"test_DGMB","fastidioso",1,915
84,"test_DGMB","fond5.jpg",1,385
84,"test_DGMB","gloria",1,670
84,"test_DGMB","fond7.jpg",1,602
84,"test_DGMB","male",1,1225
84,"test_DGMB","latte4.jpg",1,1876
84,"test_DGMB","disastro",1,574
84,"test_DGMB","latte5.jpg",1,616
84,"test_DGMB","schifo",1,529
84,"practice_MGDB","gloria",1,1472
84,"practice_MGDB","fond1.jpg",1,637
84,"practice_MGDB","eccellente",1,548
84,"practice_MGDB","fond5.jpg",1,928
84,"practice_MGDB","terribile",1,718
84,"practice_MGDB","latte7.jpg",1,1093
84,"practice_MGDB","orribile",1,798
84,"practice_MGDB","fond2.jpg",1,1900
84,"practice_MGDB","ridere",1,556
84,"practice_MGDB","fond6.jpg",1,755
84,"practice_MGDB","odio",1,743
84,"practice_MGDB","fond4.jpg",1,643
84,"practice_MGDB","amore",1,689
84,"practice_MGDB","fond3.jpg",1,675
84,"practice_MGDB","brutto",1,671
84,"practice_MGDB","latte6.jpg",1,654
84,"practice_MGDB","fastidioso",1,567
84,"practice_MGDB","latte4.jpg",1,800
84,"practice_MGDB","paradiso",1,639
84,"practice_MGDB","latte3.jpg",1,734
84,"test_MGDB","latte2.jpg",1,708
84,"test_MGDB","male",1,601
84,"test_MGDB","fond7.jpg",1,711
84,"test_MGDB","disastro",1,580
84,"test_MGDB","latte5.jpg",1,536
84,"test_MGDB","stupendo",0,529
84,"test_MGDB","latte1.jpg",1,731
84,"test_MGDB","fallimento",1,780
84,"test_MGDB","latte2.jpg",1,520
84,"test_MGDB","schifo",1,567
84,"test_MGDB","fond1.jpg",1,833
84,"test_MGDB","agonia",1,557
84,"test_MGDB","fond6.jpg",1,1163
84,"test_MGDB","cattivo",1,529
84,"test_MGDB","fond2.jpg",1,403
84,"test_MGDB","meraviglioso",1,578
84,"test_MGDB","fond3.jpg",1,446
84,"test_MGDB","felicità",1,541
84,"test_MGDB","latte7.jpg",1,530
84,"test_MGDB","buono",1,555
84,"test_MGDB","fond5.jpg",1,538
84,"test_MGDB","nocivo",0,516
84,"test_MGDB","fond7.jpg",1,755
84,"test_MGDB","dolore",1,567
84,"test_MGDB","latte1.jpg",1,496
84,"test_MGDB","gioia",1,698
84,"test_MGDB","latte3.jpg",1,694
84,"test_MGDB","bello",1,647
84,"test_MGDB","latte6.jpg",1,561
84,"test_MGDB","piacere",1,464
84,"test_MGDB","fond4.jpg",1,516
84,"test_MGDB","pace",1,843
84,"test_MGDB","latte4.jpg",1,1265
84,"test_MGDB","gloria",1,549
84,"test_MGDB","latte5.jpg",1,641
84,"test_MGDB","terribile",1,520
84,"test_MGDB","latte5.jpg",1,638
84,"test_MGDB","piacere",1,573
84,"test_MGDB","fond2.jpg",1,743
84,"test_MGDB","odio",1,827
85,"practice_MGDB","cattivo",1,1246
85,"practice_MGDB","latte4.jpg",1,822
85,"practice_MGDB","buono",1,1279
85,"practice_MGDB","fond7.jpg",1,597
85,"practice_MGDB","amore",1,652
85,"practice_MGDB","latte5.jpg",1,845
85,"practice_MGDB","odio",1,732
85,"practice_MGDB","latte7.jpg",1,637
85,"practice_MGDB","gioia",1,604
85,"practice_MGDB","fond6.jpg",1,1050
85,"practice_MGDB","fastidioso",1,683
85,"practice_MGDB","latte2.jpg",1,690
85,"practice_MGDB","ridere",1,524
85,"practice_MGDB","latte1.jpg",1,498
85,"practice_MGDB","nocivo",1,532
85,"practice_MGDB","latte6.jpg",1,710
85,"practice_MGDB","stupendo",1,674
85,"practice_MGDB","latte3.jpg",1,552
85,"practice_MGDB","agonia",1,653
85,"practice_MGDB","latte5.jpg",1,910
85,"test_MGDB","fond1.jpg",1,599
85,"test_MGDB","paradiso",1,470
85,"test_MGDB","fond3.jpg",1,1178
85,"test_MGDB","terribile",1,603
85,"test_MGDB","fond4.jpg",1,442
85,"test_MGDB","meraviglioso",1,577
85,"test_MGDB","fond5.jpg",1,666
85,"test_MGDB","dolore",1,631
85,"test_MGDB","fond2.jpg",1,410
85,"test_MGDB","brutto",1,516
85,"test_MGDB","latte6.jpg",1,411
85,"test_MGDB","bello",1,453
85,"test_MGDB","latte7.jpg",1,559
85,"test_MGDB","felicità",1,550
85,"test_MGDB","fond1.jpg",1,506
85,"test_MGDB","male",1,990
85,"test_MGDB","fond2.jpg",1,458
85,"test_MGDB","orribile",1,564
85,"test_MGDB","fond6.jpg",1,562
85,"test_MGDB","eccellente",1,562
85,"test_MGDB","fond4.jpg",1,912
85,"test_MGDB","disastro",1,708
85,"test_MGDB","latte2.jpg",1,888
85,"test_MGDB","pace",1,1031
85,"test_MGDB","latte1.jpg",1,426
85,"test_MGDB","fallimento",1,982
85,"test_MGDB","fond5.jpg",1,690
85,"test_MGDB","schifo",1,651
85,"test_MGDB","latte4.jpg",1,589
85,"test_MGDB","piacere",1,1257
85,"test_MGDB","latte3.jpg",1,577
85,"test_MGDB","disastro",1,579
85,"test_MGDB","fond3.jpg",1,591
85,"test_MGDB","gloria",1,499
85,"test_MGDB","fond7.jpg",1,584
85,"test_MGDB","meraviglioso",1,1092
85,"test_MGDB","latte5.jpg",1,493
85,"test_MGDB","male",1,590
85,"test_MGDB","fond5.jpg",1,490
85,"test_MGDB","buono",1,468
85,"practice_DGMB","ridere",1,903
85,"practice_DGMB","fond4.jpg",1,650
85,"practice_DGMB","amore",1,540
85,"practice_DGMB","latte6.jpg",1,2568
85,"practice_DGMB","stupendo",1,956
85,"practice_DGMB","fond5.jpg",1,1114
85,"practice_DGMB","schifo",1,4173
85,"practice_DGMB","fond7.jpg",0,642
85,"practice_DGMB","dolore",1,1112
85,"practice_DGMB","latte4.jpg",1,934
85,"practice_DGMB","cattivo",1,1519
85,"practice_DGMB","latte2.jpg",0,661
85,"practice_DGMB","buono",0,1774
85,"practice_DGMB","fond2.jpg",1,1134
85,"practice_DGMB","brutto",1,1879
85,"practice_DGMB","latte3.jpg",1,1219
85,"practice_DGMB","male",1,868
85,"practice_DGMB","fond1.jpg",0,656
85,"practice_DGMB","eccellente",1,625
85,"practice_DGMB","fond6.jpg",0,781
85,"test_DGMB","fond3.jpg",0,875
85,"test_DGMB","terribile",0,1223
85,"test_DGMB","latte1.jpg",1,2130
85,"test_DGMB","nocivo",1,2119
85,"test_DGMB","latte5.jpg",1,795
85,"test_DGMB","gioia",1,799
85,"test_DGMB","fond5.jpg",1,854
85,"test_DGMB","felicità",1,1175
85,"test_DGMB","fond6.jpg",1,1031
85,"test_DGMB","bello",0,771
85,"test_DGMB","latte7.jpg",0,1084
85,"test_DGMB","fallimento",1,3482
85,"test_DGMB","latte5.jpg",1,1301
85,"test_DGMB","meraviglioso",1,1389
85,"test_DGMB","fond2.jpg",1,672
85,"test_DGMB","agonia",1,844
85,"test_DGMB","latte6.jpg",1,1285
85,"test_DGMB","odio",1,1347
85,"test_DGMB","fond4.jpg",1,670
85,"test_DGMB","disastro",1,1354
85,"test_DGMB","latte3.jpg",1,760
85,"test_DGMB","fastidioso",1,1639
85,"test_DGMB","fond7.jpg",0,524
85,"test_DGMB","orribile",1,1547
85,"test_DGMB","latte7.jpg",0,1573
85,"test_DGMB","pace",1,1398
85,"test_DGMB","fond3.jpg",1,515
85,"test_DGMB","piacere",1,623
85,"test_DGMB","latte4.jpg",1,828
85,"test_DGMB","paradiso",1,864
85,"test_DGMB","latte2.jpg",1,1787
85,"test_DGMB","gloria",1,1086
85,"test_DGMB","latte1.jpg",1,902
85,"test_DGMB","felicità",1,1279
85,"test_DGMB","fond1.jpg",1,1325
85,"test_DGMB","amore",1,555
85,"test_DGMB","latte4.jpg",1,874
85,"test_DGMB","male",1,982
85,"test_DGMB","fond1.jpg",1,977
85,"test_DGMB","nocivo",1,1890
86,"practice_MGDB","ridere",1,1770
86,"practice_MGDB","fond1.jpg",1,738
86,"practice_MGDB","male",1,1203
86,"practice_MGDB","latte2.jpg",1,625
86,"practice_MGDB","stupendo",1,685
86,"practice_MGDB","latte5.jpg",1,671
86,"practice_MGDB","fallimento",1,683
86,"practice_MGDB","latte1.jpg",1,657
86,"practice_MGDB","disastro",1,819
86,"practice_MGDB","latte7.jpg",1,743
86,"practice_MGDB","odio",1,755
86,"practice_MGDB","latte6.jpg",1,921
86,"practice_MGDB","meraviglioso",1,640
86,"practice_MGDB","latte4.jpg",1,510
86,"practice_MGDB","gloria",1,587
86,"practice_MGDB","fond4.jpg",1,575
86,"practice_MGDB","cattivo",1,768
86,"practice_MGDB","fond3.jpg",1,586
86,"practice_MGDB","bello",1,598
86,"practice_MGDB","latte3.jpg",1,925
86,"test_MGDB","fond7.jpg",1,2019
86,"test_MGDB","buono",1,603
86,"test_MGDB","latte6.jpg",1,553
86,"test_MGDB","fastidioso",1,590
86,"test_MGDB","fond5.jpg",1,466
86,"test_MGDB","orribile",1,726
86,"test_MGDB","latte3.jpg",1,592
86,"test_MGDB","nocivo",1,588
86,"test_MGDB","fond6.jpg",1,536
86,"test_MGDB","terribile",1,810
86,"test_MGDB","fond2.jpg",1,427
86,"test_MGDB","eccellente",1,775
86,"test_MGDB","fond1.jpg",1,488
86,"test_MGDB","amore",1,783
86,"test_MGDB","fond2.jpg",1,515
86,"test_MGDB","paradiso",1,666
86,"test_MGDB","fond4.jpg",1,574
86,"test_MGDB","gioia",1,536
86,"test_MGDB","latte2.jpg",1,658
86,"test_MGDB","dolore",1,1011
86,"test_MGDB","fond6.jpg",1,652
86,"test_MGDB","felicità",1,765
86,"test_MGDB","latte1.jpg",1,519
86,"test_MGDB","schifo",1,622
86,"test_MGDB","latte4.jpg",1,457
86,"test_MGDB","pace",1,452
86,"test_MGDB","latte7.jpg",1,429
86,"test_MGDB","brutto",1,450
86,"test_MGDB","fond5.jpg",1,459
86,"test_MGDB","piacere",1,517
86,"test_MGDB","fond7.jpg",1,396
86,"test_MGDB","felicità",1,587
86,"test_MGDB","latte5.jpg",1,535
86,"test_MGDB","agonia",1,441
86,"test_MGDB","fond3.jpg",0,416
86,"test_MGDB","terribile",1,818
86,"test_MGDB","fond4.jpg",1,486
86,"test_MGDB","male",1,709
86,"test_MGDB","latte3.jpg",1,544
86,"test_MGDB","bello",1,717
86,"practice_DGMB","meraviglioso",1,2661
86,"practice_DGMB","fond7.jpg",1,1662
86,"practice_DGMB","felicità",1,1886
86,"practice_DGMB","latte7.jpg",1,1066
86,"practice_DGMB","nocivo",0,1214
86,"practice_DGMB","latte1.jpg",1,4302
86,"practice_DGMB","odio",1,1170
86,"practice_DGMB","latte5.jpg",1,763
86,"practice_DGMB","buono",1,786
86,"practice_DGMB","fond3.jpg",1,1021
86,"practice_DGMB","dolore",1,2142
86,"practice_DGMB","fond4.jpg",1,800
86,"practice_DGMB","stupendo",1,1311
86,"practice_DGMB","latte2.jpg",1,810
86,"practice_DGMB","paradiso",1,1155
86,"practice_DGMB","fond5.jpg",0,505
86,"practice_DGMB","brutto",1,3045
86,"practice_DGMB","fond6.jpg",1,640
86,"practice_DGMB","cattivo",1,767
86,"practice_DGMB","latte3.jpg",1,664
86,"test_DGMB","fond1.jpg",1,3320
86,"test_DGMB","fallimento",1,1219
86,"test_DGMB","fond2.jpg",1,598
86,"test_DGMB","piacere",1,957
86,"test_DGMB","latte6.jpg",1,947
86,"test_DGMB","orribile",1,647
86,"test_DGMB","latte4.jpg",1,536
86,"test_DGMB","disastro",0,1058
86,"test_DGMB","fond3.jpg",1,1674
86,"test_DGMB","schifo",1,837
86,"test_DGMB","latte3.jpg",0,732
86,"test_DGMB","bello",1,4853
86,"test_DGMB","latte6.jpg",1,824
86,"test_DGMB","terribile",1,2180
86,"test_DGMB","fond2.jpg",1,733
86,"test_DGMB","ridere",1,1775
86,"test_DGMB","latte2.jpg",1,942
86,"test_DGMB","agonia",1,887
86,"test_DGMB","fond7.jpg",1,665
86,"test_DGMB","fastidioso",1,1205
86,"test_DGMB","fond1.jpg",0,554
86,"test_DGMB","amore",1,2535
86,"test_DGMB","fond5.jpg",1,1965
86,"test_DGMB","pace",1,1666
86,"test_DGMB","latte5.jpg",1,701
86,"test_DGMB","gioia",1,1470
86,"test_DGMB","fond4.jpg",1,2217
86,"test_DGMB","gloria",1,1008
86,"test_DGMB","fond6.jpg",1,953
86,"test_DGMB","male",1,748
86,"test_DGMB","latte4.jpg",1,1648
86,"test_DGMB","fastidioso",1,1854
86,"test_DGMB","fond4.jpg",1,845
86,"test_DGMB","eccellente",1,1060
86,"test_DGMB","latte1.jpg",1,871
86,"test_DGMB","gioia",0,923
86,"test_DGMB","latte7.jpg",1,2081
86,"test_DGMB","buono",1,1014
86,"test_DGMB","latte2.jpg",1,959
86,"test_DGMB","nocivo",1,2013
87,"practice_MGDB","disastro",1,2889
87,"practice_MGDB","latte5.jpg",1,1303
87,"practice_MGDB","schifo",1,951
87,"practice_MGDB","latte3.jpg",1,1106
87,"practice_MGDB","odio",1,766
87,"practice_MGDB","latte1.jpg",1,847
87,"practice_MGDB","nocivo",1,942
87,"practice_MGDB","latte7.jpg",1,1137
87,"practice_MGDB","fallimento",1,914
87,"practice_MGDB","latte2.jpg",1,888
87,"practice_MGDB","stupendo",1,1159
87,"practice_MGDB","fond6.jpg",1,829
87,"practice_MGDB","gloria",1,913
87,"practice_MGDB","fond1.jpg",1,1007
87,"practice_MGDB","paradiso",1,765
87,"practice_MGDB","latte6.jpg",1,830
87,"practice_MGDB","brutto",1,858
87,"practice_MGDB","latte4.jpg",1,942
87,"practice_MGDB","buono",1,1375
87,"practice_MGDB","fond7.jpg",1,1303
87,"test_MGDB","latte3.jpg",1,744
87,"test_MGDB","ridere",1,820
87,"test_MGDB","fond2.jpg",1,695
87,"test_MGDB","dolore",1,1409
87,"test_MGDB","latte6.jpg",1,777
87,"test_MGDB","orribile",1,3178
87,"test_MGDB","fond3.jpg",1,1048
87,"test_MGDB","bello",1,742
87,"test_MGDB","fond4.jpg",1,850
87,"test_MGDB","cattivo",1,4003
87,"test_MGDB","fond5.jpg",1,885
87,"test_MGDB","piacere",1,779
87,"test_MGDB","fond4.jpg",1,887
87,"test_MGDB","amore",1,686
87,"test_MGDB","fond2.jpg",1,2319
87,"test_MGDB","terribile",1,1123
87,"test_MGDB","fond7.jpg",1,737
87,"test_MGDB","male",1,770
87,"test_MGDB","fond5.jpg",1,755
87,"test_MGDB","pace",1,815
87,"test_MGDB","fond6.jpg",1,817
87,"test_MGDB","meraviglioso",1,818
87,"test_MGDB","latte2.jpg",1,862
87,"test_MGDB","fastidioso",1,919
87,"test_MGDB","latte7.jpg",1,813
87,"test_MGDB","eccellente",1,854
87,"test_MGDB","fond3.jpg",1,783
87,"test_MGDB","agonia",1,3203
87,"test_MGDB","fond1.jpg",1,694
87,"test_MGDB","gioia",1,784
87,"test_MGDB","latte4.jpg",1,1227
87,"test_MGDB","felicità",1,855
87,"test_MGDB","latte5.jpg",1,816
87,"test_MGDB","amore",1,753
87,"test_MGDB","fond1.jpg",1,992
87,"test_MGDB","fallimento",1,827
87,"test_MGDB","latte1.jpg",1,735
87,"test_MGDB","cattivo",1,1577
87,"test_MGDB","latte3.jpg",1,784
87,"test_MGDB","gioia",1,828
87,"practice_DGMB","eccellente",0,2467
87,"practice_DGMB","latte3.jpg",1,3405
87,"practice_DGMB","orribile",1,4847
87,"practice_DGMB","latte6.jpg",1,1200
87,"practice_DGMB","cattivo",1,1470
87,"practice_DGMB","latte7.jpg",1,592
87,"practice_DGMB","brutto",1,1261
87,"practice_DGMB","latte1.jpg",1,752
87,"practice_DGMB","odio",1,1036
87,"practice_DGMB","latte2.jpg",1,802
87,"practice_DGMB","gloria",1,840
87,"practice_DGMB","fond2.jpg",1,775
87,"practice_DGMB","pace",1,1024
87,"practice_DGMB","latte4.jpg",1,780
87,"practice_DGMB","buono",1,821
87,"practice_DGMB","latte5.jpg",1,1169
87,"practice_DGMB","bello",1,751
87,"practice_DGMB","fond5.jpg",0,1130
87,"practice_DGMB","nocivo",1,939
87,"practice_DGMB","latte6.jpg",0,759
87,"test_DGMB","latte1.jpg",1,1044
87,"test_DGMB","stupendo",1,922
87,"test_DGMB","latte5.jpg",1,744
87,"test_DGMB","schifo",1,1300
87,"test_DGMB","fond3.jpg",1,1856
87,"test_DGMB","gioia",1,855
87,"test_DGMB","latte2.jpg",1,776
87,"test_DGMB","male",1,1209
87,"test_DGMB","fond1.jpg",1,706
87,"test_DGMB","disastro",1,870
87,"test_DGMB","latte7.jpg",1,770
87,"test_DGMB","paradiso",1,1139
87,"test_DGMB","latte4.jpg",1,654
87,"test_DGMB","amore",1,880
87,"test_DGMB","fond4.jpg",0,694
87,"test_DGMB","fastidioso",1,1224
87,"test_DGMB","fond6.jpg",1,803
87,"test_DGMB","terribile",1,1433
87,"test_DGMB","fond7.jpg",1,983
87,"test_DGMB","fallimento",1,827
87,"test_DGMB","fond3.jpg",1,1670
87,"test_DGMB","meraviglioso",1,1009
87,"test_DGMB","fond4.jpg",0,722
87,"test_DGMB","piacere",0,3576
87,"test_DGMB","fond6.jpg",1,1293
87,"test_DGMB","agonia",1,3862
87,"test_DGMB","fond2.jpg",1,834
87,"test_DGMB","dolore",1,3062
87,"test_DGMB","fond5.jpg",1,782
87,"test_DGMB","felicità",1,962
87,"test_DGMB","latte3.jpg",1,745
87,"test_DGMB","ridere",1,741
87,"test_DGMB","latte6.jpg",1,673
87,"test_DGMB","fallimento",1,789
87,"test_DGMB","fond1.jpg",1,760
87,"test_DGMB","ridere",1,1431
87,"test_DGMB","fond7.jpg",1,1202
87,"test_DGMB","disastro",1,856
87,"test_DGMB","fond1.jpg",1,705
87,"test_DGMB","meraviglioso",1,2085
88,"practice_MGDB","pace",1,2818
88,"practice_MGDB","fond7.jpg",1,2242
88,"practice_MGDB","paradiso",1,2471
88,"practice_MGDB","latte6.jpg",1,1392
88,"practice_MGDB","terribile",1,1787
88,"practice_MGDB","fond6.jpg",1,1741
88,"practice_MGDB","ridere",1,1533
88,"practice_MGDB","fond5.jpg",1,1525
88,"practice_MGDB","bello",1,1043
88,"practice_MGDB","latte1.jpg",1,1681
88,"practice_MGDB","amore",1,638
88,"practice_MGDB","latte4.jpg",1,693
88,"practice_MGDB","dolore",1,1142
88,"practice_MGDB","fond1.jpg",1,562
88,"practice_MGDB","agonia",1,825
88,"practice_MGDB","latte5.jpg",1,1036
88,"practice_MGDB","orribile",1,1091
88,"practice_MGDB","fond3.jpg",1,563
88,"practice_MGDB","disastro",1,650
88,"practice_MGDB","fond2.jpg",1,668
88,"test_MGDB","fond4.jpg",1,1950
88,"test_MGDB","nocivo",1,761
88,"test_MGDB","latte7.jpg",1,1287
88,"test_MGDB","stupendo",1,573
88,"test_MGDB","fond6.jpg",1,1359
88,"test_MGDB","odio",1,876
88,"test_MGDB","latte2.jpg",1,947
88,"test_MGDB","fallimento",1,1446
88,"test_MGDB","latte3.jpg",1,1119
88,"test_MGDB","cattivo",1,1149
88,"test_MGDB","fond7.jpg",1,720
88,"test_MGDB","brutto",1,663
88,"test_MGDB","fond3.jpg",1,731
88,"test_MGDB","male",1,796
88,"test_MGDB","latte5.jpg",1,1291
88,"test_MGDB","meraviglioso",1,635
88,"test_MGDB","fond5.jpg",1,1338
88,"test_MGDB","piacere",1,970
88,"test_MGDB","latte6.jpg",1,1955
88,"test_MGDB","gioia",1,661
88,"test_MGDB","latte2.jpg",1,561
88,"test_MGDB","eccellente",1,488
88,"test_MGDB","latte1.jpg",1,818
88,"test_MGDB","fastidioso",1,1043
88,"test_MGDB","latte3.jpg",1,1097
88,"test_MGDB","felicità",1,1282
88,"test_MGDB","latte7.jpg",1,592
88,"test_MGDB","buono",1,836
88,"test_MGDB","fond1.jpg",1,938
88,"test_MGDB","gloria",0,492
88,"test_MGDB","latte4.jpg",1,3245
88,"test_MGDB","schifo",1,984
88,"test_MGDB","latte6.jpg",1,1011
88,"test_MGDB","dolore",1,1196
88,"test_MGDB","fond2.jpg",1,1650
88,"test_MGDB","buono",1,983
88,"test_MGDB","fond4.jpg",1,1091
88,"test_MGDB","stupendo",1,892
88,"test_MGDB","fond1.jpg",1,1029
88,"test_MGDB","nocivo",1,921
88,"practice_DGMB","ridere",1,2787
88,"practice_DGMB","latte6.jpg",1,1308
88,"practice_DGMB","piacere",1,1375
88,"practice_DGMB","latte3.jpg",1,1199
88,"practice_DGMB","buono",1,1005
88,"practice_DGMB","latte5.jpg",1,1518
88,"practice_DGMB","bello",1,948
88,"practice_DGMB","fond5.jpg",0,1463
88,"practice_DGMB","meraviglioso",1,1050
88,"practice_DGMB","latte7.jpg",1,1387
88,"practice_DGMB","fallimento",1,1086
88,"practice_DGMB","fond6.jpg",1,1375
88,"practice_DGMB","eccellente",1,1151
88,"practice_DGMB","latte4.jpg",0,1690
88,"practice_DGMB","fastidioso",1,2714
88,"practice_DGMB","latte2.jpg",0,1197
88,"practice_DGMB","disastro",1,2884
88,"practice_DGMB","fond2.jpg",1,3223
88,"practice_DGMB","schifo",1,1540
88,"practice_DGMB","latte1.jpg",1,1519
88,"test_DGMB","fond3.jpg",0,3007
88,"test_DGMB","orribile",1,2490
88,"test_DGMB","latte6.jpg",1,2473
88,"test_DGMB","brutto",1,2322
88,"test_DGMB","fond1.jpg",1,1494
88,"test_DGMB","paradiso",1,847
88,"test_DGMB","latte1.jpg",1,1568
88,"test_DGMB","terribile",1,1413
88,"test_DGMB","latte7.jpg",1,3837
88,"test_DGMB","felicità",1,1205
88,"test_DGMB","fond7.jpg",0,1290
88,"test_DGMB","gloria",1,1587
88,"test_DGMB","latte5.jpg",1,2245
88,"test_DGMB","amore",1,1498
88,"test_DGMB","fond4.jpg",1,1554
88,"test_DGMB","pace",1,1389
88,"test_DGMB","fond7.jpg",1,1168
88,"test_DGMB","gioia",1,870
88,"test_DGMB","fond5.jpg",1,762
88,"test_DGMB","cattivo",1,2480
88,"test_DGMB","fond6.jpg",1,1860
88,"test_DGMB","male",1,1124
88,"test_DGMB","latte2.jpg",1,2266
88,"test_DGMB","odio",1,987
88,"test_DGMB","fond3.jpg",1,1279
88,"test_DGMB","stupendo",1,981
88,"test_DGMB","fond1.jpg",1,2240
88,"test_DGMB","dolore",1,1685
88,"test_DGMB","latte3.jpg",1,1242
88,"test_DGMB","pace",1,1128
88,"test_DGMB","fond4.jpg",1,1480
88,"test_DGMB","agonia",1,1142
88,"test_DGMB","latte4.jpg",1,1057
88,"test_DGMB","nocivo",1,770
88,"test_DGMB","fond2.jpg",1,1059
88,"test_DGMB","male",1,1508
88,"test_DGMB","latte5.jpg",1,2519
88,"test_DGMB","ridere",1,987
88,"test_DGMB","fond7.jpg",1,1302
88,"test_DGMB","fallimento",1,1079
89,"practice_DGMB","fastidioso",1,2449
89,"practice_DGMB","latte5.jpg",1,472
89,"practice_DGMB","eccellente",1,965
89,"practice_DGMB","latte4.jpg",1,693
89,"practice_DGMB","disastro",1,1639
89,"practice_DGMB","fond1.jpg",1,1716
89,"practice_DGMB","nocivo",1,559
89,"practice_DGMB","fond7.jpg",0,437
89,"practice_DGMB","ridere",1,1693
89,"practice_DGMB","latte1.jpg",1,828
89,"practice_DGMB","paradiso",1,600
89,"practice_DGMB","latte2.jpg",1,607
89,"practice_DGMB","brutto",1,1670
89,"practice_DGMB","latte7.jpg",1,1000
89,"practice_DGMB","gioia",1,743
89,"practice_DGMB","latte3.jpg",1,643
89,"practice_DGMB","gloria",1,425
89,"practice_DGMB","latte6.jpg",1,374
89,"practice_DGMB","cattivo",0,328
89,"practice_DGMB","latte5.jpg",0,1601
89,"test_DGMB","fond4.jpg",1,1155
89,"test_DGMB","stupendo",1,686
89,"test_DGMB","latte3.jpg",1,624
89,"test_DGMB","piacere",1,580
89,"test_DGMB","latte1.jpg",1,544
89,"test_DGMB","agonia",0,396
89,"test_DGMB","latte2.jpg",1,1187
89,"test_DGMB","schifo",1,527
89,"test_DGMB","fond3.jpg",1,568
89,"test_DGMB","bello",1,711
89,"test_DGMB","latte4.jpg",0,630
89,"test_DGMB","felicità",1,530
89,"test_DGMB","fond2.jpg",1,627
89,"test_DGMB","terribile",1,632
89,"test_DGMB","fond5.jpg",0,438
89,"test_DGMB","meraviglioso",1,1358
89,"test_DGMB","fond6.jpg",1,2051
89,"test_DGMB","buono",1,603
89,"test_DGMB","fond7.jpg",1,393
89,"test_DGMB","orribile",0,390
89,"test_DGMB","latte6.jpg",1,714
89,"test_DGMB","dolore",1,766
89,"test_DGMB","latte7.jpg",1,520
89,"test_DGMB","pace",1,591
89,"test_DGMB","fond6.jpg",0,498
89,"test_DGMB","male",1,861
89,"test_DGMB","fond1.jpg",0,960
89,"test_DGMB","odio",1,783
89,"test_DGMB","latte1.jpg",0,603
89,"test_DGMB","amore",1,1273
89,"test_DGMB","fond2.jpg",1,919
89,"test_DGMB","fallimento",1,765
89,"test_DGMB","fond5.jpg",0,1335
89,"test_DGMB","gloria",1,919
89,"test_DGMB","fond3.jpg",1,1037
89,"test_DGMB","orribile",1,1435
89,"test_DGMB","fond4.jpg",1,577
89,"test_DGMB","male",1,707
89,"test_DGMB","fond4.jpg",0,534
89,"test_DGMB","ridere",1,1104
89,"practice_MGDB","ridere",1,1242
89,"practice_MGDB","fond7.jpg",1,555
89,"practice_MGDB","buono",1,511
89,"practice_MGDB","latte6.jpg",1,470
89,"practice_MGDB","agonia",1,763
89,"practice_MGDB","fond1.jpg",1,377
89,"practice_MGDB","cattivo",1,475
89,"practice_MGDB","latte2.jpg",1,586
89,"practice_MGDB","amore",1,598
89,"practice_MGDB","latte1.jpg",1,437
89,"practice_MGDB","nocivo",1,548
89,"practice_MGDB","fond6.jpg",1,360
89,"practice_MGDB","bello",1,456
89,"practice_MGDB","fond2.jpg",1,569
89,"practice_MGDB","terribile",1,611
89,"practice_MGDB","latte7.jpg",1,444
89,"practice_MGDB","eccellente",1,612
89,"practice_MGDB","fond4.jpg",1,541
89,"practice_MGDB","gioia",1,423
89,"practice_MGDB","fond3.jpg",1,523
89,"test_MGDB","latte5.jpg",1,883
89,"test_MGDB","orribile",1,2186
89,"test_MGDB","fond5.jpg",1,444
89,"test_MGDB","male",1,667
89,"test_MGDB","fond2.jpg",1,447
89,"test_MGDB","felicità",1,542
89,"test_MGDB","latte3.jpg",1,346
89,"test_MGDB","schifo",1,631
89,"test_MGDB","fond1.jpg",1,541
89,"test_MGDB","brutto",0,631
89,"test_MGDB","latte4.jpg",1,486
89,"test_MGDB","fastidioso",0,557
89,"test_MGDB","latte3.jpg",1,548
89,"test_MGDB","pace",0,384
89,"test_MGDB","latte4.jpg",0,516
89,"test_MGDB","fallimento",1,1180
89,"test_MGDB","latte5.jpg",1,511
89,"test_MGDB","meraviglioso",1,851
89,"test_MGDB","latte1.jpg",1,540
89,"test_MGDB","gloria",1,550
89,"test_MGDB","fond7.jpg",1,498
89,"test_MGDB","paradiso",1,708
89,"test_MGDB","fond3.jpg",1,600
89,"test_MGDB","odio",1,487
89,"test_MGDB","latte7.jpg",1,568
89,"test_MGDB","disastro",1,623
89,"test_MGDB","fond5.jpg",1,443
89,"test_MGDB","piacere",1,466
89,"test_MGDB","latte2.jpg",1,479
89,"test_MGDB","dolore",1,582
89,"test_MGDB","fond4.jpg",1,450
89,"test_MGDB","stupendo",1,716
89,"test_MGDB","latte6.jpg",1,442
89,"test_MGDB","eccellente",1,586
89,"test_MGDB","fond6.jpg",1,470
89,"test_MGDB","terribile",1,490
89,"test_MGDB","latte2.jpg",1,484
89,"test_MGDB","odio",1,659
89,"test_MGDB","fond4.jpg",1,479
89,"test_MGDB","felicità",0,334
90,"practice_DGMB","paradiso",1,1903
90,"practice_DGMB","latte1.jpg",1,1385
90,"practice_DGMB","felicità",1,844
90,"practice_DGMB","latte4.jpg",1,1282
90,"practice_DGMB","disastro",1,1081
90,"practice_DGMB","latte2.jpg",1,775
90,"practice_DGMB","amore",1,992
90,"practice_DGMB","fond7.jpg",1,702
90,"practice_DGMB","orribile",1,776
90,"practice_DGMB","latte5.jpg",1,569
90,"practice_DGMB","agonia",1,1090
90,"practice_DGMB","fond2.jpg",1,699
90,"practice_DGMB","ridere",1,781
90,"practice_DGMB","latte3.jpg",1,576
90,"practice_DGMB","pace",1,954
90,"practice_DGMB","fond1.jpg",1,1216
90,"practice_DGMB","terribile",1,617
90,"practice_DGMB","fond3.jpg",1,754
90,"practice_DGMB","fastidioso",1,1150
90,"practice_DGMB","latte7.jpg",1,682
90,"test_DGMB","fond6.jpg",1,1055
90,"test_DGMB","eccellente",1,648
90,"test_DGMB","latte6.jpg",1,537
90,"test_DGMB","nocivo",1,603
90,"test_DGMB","latte6.jpg",1,746
90,"test_DGMB","dolore",1,582
90,"test_DGMB","fond5.jpg",0,434
90,"test_DGMB","meraviglioso",1,1206
90,"test_DGMB","fond4.jpg",1,671
90,"test_DGMB","odio",1,811
90,"test_DGMB","latte4.jpg",1,652
90,"test_DGMB","brutto",1,670
90,"test_DGMB","latte5.jpg",1,530
90,"test_DGMB","male",1,619
90,"test_DGMB","fond4.jpg",1,623
90,"test_DGMB","piacere",1,708
90,"test_DGMB","fond6.jpg",1,559
90,"test_DGMB","gloria",1,599
90,"test_DGMB","fond1.jpg",1,557
90,"test_DGMB","cattivo",1,580
90,"test_DGMB","fond3.jpg",1,728
90,"test_DGMB","stupendo",1,631
90,"test_DGMB","latte2.jpg",1,494
90,"test_DGMB","gioia",1,584
90,"test_DGMB","latte7.jpg",1,732
90,"test_DGMB","buono",1,573
90,"test_DGMB","fond7.jpg",1,543
90,"test_DGMB","schifo",1,699
90,"test_DGMB","fond2.jpg",1,631
90,"test_DGMB","fallimento",1,699
90,"test_DGMB","fond5.jpg",1,703
90,"test_DGMB","bello",1,571
90,"test_DGMB","fond4.jpg",1,836
90,"test_DGMB","piacere",1,395
90,"test_DGMB","latte3.jpg",1,722
90,"test_DGMB","male",1,857
90,"test_DGMB","latte1.jpg",1,522
90,"test_DGMB","orribile",1,473
90,"test_DGMB","latte4.jpg",1,600
90,"test_DGMB","pace",0,505
90,"practice_MGDB","agonia",1,1089
90,"practice_MGDB","latte2.jpg",1,626
90,"practice_MGDB","nocivo",1,470
90,"practice_MGDB","fond7.jpg",0,730
90,"practice_MGDB","male",1,1372
90,"practice_MGDB","latte5.jpg",1,1004
90,"practice_MGDB","meraviglioso",1,810
90,"practice_MGDB","latte7.jpg",1,548
90,"practice_MGDB","disastro",1,592
90,"practice_MGDB","fond1.jpg",1,455
90,"practice_MGDB","fallimento",1,512
90,"practice_MGDB","fond2.jpg",1,327
90,"practice_MGDB","eccellente",1,759
90,"practice_MGDB","latte1.jpg",1,389
90,"practice_MGDB","cattivo",1,618
90,"practice_MGDB","fond3.jpg",1,534
90,"practice_MGDB","schifo",1,696
90,"practice_MGDB","fond6.jpg",1,321
90,"practice_MGDB","pace",1,744
90,"practice_MGDB","latte3.jpg",1,460
90,"test_MGDB","fond5.jpg",1,615
90,"test_MGDB","amore",1,1240
90,"test_MGDB","fond4.jpg",1,590
90,"test_MGDB","ridere",1,650
90,"test_MGDB","fond5.jpg",1,499
90,"test_MGDB","gloria",1,1221
90,"test_MGDB","latte4.jpg",1,424
90,"test_MGDB","brutto",1,573
90,"test_MGDB","fond3.jpg",1,574
90,"test_MGDB","felicità",1,576
90,"test_MGDB","latte6.jpg",1,401
90,"test_MGDB","terribile",1,473
90,"test_MGDB","latte4.jpg",1,920
90,"test_MGDB","buono",1,862
90,"test_MGDB","fond2.jpg",1,674
90,"test_MGDB","dolore",1,1310
90,"test_MGDB","fond4.jpg",1,641
90,"test_MGDB","fastidioso",1,664
90,"test_MGDB","fond6.jpg",1,276
90,"test_MGDB","paradiso",1,603
90,"test_MGDB","fond1.jpg",1,514
90,"test_MGDB","piacere",1,494
90,"test_MGDB","fond7.jpg",1,448
90,"test_MGDB","odio",1,543
90,"test_MGDB","latte7.jpg",1,483
90,"test_MGDB","gioia",1,882
90,"test_MGDB","latte6.jpg",1,449
90,"test_MGDB","bello",1,562
90,"test_MGDB","latte3.jpg",1,441
90,"test_MGDB","stupendo",1,680
90,"test_MGDB","fond5.jpg",1,431
90,"test_MGDB","orribile",1,1452
90,"test_MGDB","latte1.jpg",1,676
90,"test_MGDB","ridere",1,682
90,"test_MGDB","latte2.jpg",1,585
90,"test_MGDB","bello",1,877
90,"test_MGDB","latte5.jpg",1,516
90,"test_MGDB","orribile",1,515
90,"test_MGDB","latte7.jpg",1,658
90,"test_MGDB","disastro",1,691
91,"practice_DGMB","agonia",1,908
91,"practice_DGMB","fond6.jpg",1,1451
91,"practice_DGMB","buono",1,1387
91,"practice_DGMB","latte4.jpg",1,894
91,"practice_DGMB","fastidioso",1,743
91,"practice_DGMB","fond3.jpg",1,763
91,"practice_DGMB","odio",1,978
91,"practice_DGMB","latte7.jpg",1,914
91,"practice_DGMB","dolore",1,638
91,"practice_DGMB","fond7.jpg",1,613
91,"practice_DGMB","amore",1,574
91,"practice_DGMB","fond5.jpg",1,536
91,"practice_DGMB","paradiso",1,674
91,"practice_DGMB","fond2.jpg",1,576
91,"practice_DGMB","cattivo",1,546
91,"practice_DGMB","latte2.jpg",1,518
91,"practice_DGMB","eccellente",1,861
91,"practice_DGMB","fond1.jpg",1,481
91,"practice_DGMB","orribile",1,768
91,"practice_DGMB","fond4.jpg",1,585
91,"test_DGMB","latte5.jpg",1,983
91,"test_DGMB","nocivo",1,587
91,"test_DGMB","fond2.jpg",1,511
91,"test_DGMB","felicità",1,667
91,"test_DGMB","latte3.jpg",1,639
91,"test_DGMB","meraviglioso",1,686
91,"test_DGMB","fond7.jpg",1,591
91,"test_DGMB","fallimento",1,948
91,"test_DGMB","fond6.jpg",1,535
91,"test_DGMB","schifo",1,1345
91,"test_DGMB","fond5.jpg",1,652
91,"test_DGMB","gloria",1,845
91,"test_DGMB","fond1.jpg",1,382
91,"test_DGMB","male",1,595
91,"test_DGMB","fond4.jpg",1,466
91,"test_DGMB","disastro",1,598
91,"test_DGMB","latte1.jpg",1,525
91,"test_DGMB","piacere",1,1156
91,"test_DGMB","latte6.jpg",0,1210
91,"test_DGMB","stupendo",1,2323
91,"test_DGMB","latte6.jpg",1,583
91,"test_DGMB","brutto",1,923
91,"test_DGMB","latte3.jpg",1,545
91,"test_DGMB","terribile",1,878
91,"test_DGMB","fond3.jpg",1,476
91,"test_DGMB","bello",1,515
91,"test_DGMB","latte2.jpg",1,506
91,"test_DGMB","pace",1,750
91,"test_DGMB","latte5.jpg",1,546
91,"test_DGMB","ridere",1,607
91,"test_DGMB","latte1.jpg",1,1208
91,"test_DGMB","orribile",1,662
91,"test_DGMB","latte7.jpg",1,442
91,"test_DGMB","gioia",1,585
91,"test_DGMB","latte4.jpg",1,517
91,"test_DGMB","buono",1,620
91,"test_DGMB","fond5.jpg",1,624
91,"test_DGMB","pace",1,727
91,"test_DGMB","latte4.jpg",1,558
91,"test_DGMB","fastidioso",1,613
91,"practice_MGDB","gloria",1,1488
91,"practice_MGDB","fond2.jpg",1,505
91,"practice_MGDB","brutto",1,541
91,"practice_MGDB","fond5.jpg",1,441
91,"practice_MGDB","stupendo",1,768
91,"practice_MGDB","fond4.jpg",1,465
91,"practice_MGDB","schifo",1,614
91,"practice_MGDB","latte5.jpg",1,831
91,"practice_MGDB","fallimento",1,795
91,"practice_MGDB","latte7.jpg",1,898
91,"practice_MGDB","meraviglioso",1,683
91,"practice_MGDB","latte4.jpg",1,418
91,"practice_MGDB","gioia",1,611
91,"practice_MGDB","latte1.jpg",1,389
91,"practice_MGDB","orribile",1,697
91,"practice_MGDB","latte2.jpg",1,802
91,"practice_MGDB","agonia",1,1161
91,"practice_MGDB","fond7.jpg",1,847
91,"practice_MGDB","nocivo",1,622
91,"practice_MGDB","latte6.jpg",1,490
91,"test_MGDB","fond3.jpg",1,1009
91,"test_MGDB","ridere",1,623
91,"test_MGDB","latte3.jpg",1,531
91,"test_MGDB","buono",1,605
91,"test_MGDB","latte4.jpg",1,463
91,"test_MGDB","disastro",1,539
91,"test_MGDB","fond1.jpg",1,463
91,"test_MGDB","cattivo",1,580
91,"test_MGDB","fond6.jpg",1,456
91,"test_MGDB","piacere",1,634
91,"test_MGDB","fond6.jpg",1,504
91,"test_MGDB","odio",1,540
91,"test_MGDB","fond3.jpg",1,489
91,"test_MGDB","paradiso",1,579
91,"test_MGDB","latte3.jpg",1,513
91,"test_MGDB","dolore",1,566
91,"test_MGDB","fond4.jpg",1,447
91,"test_MGDB","bello",1,558
91,"test_MGDB","fond1.jpg",1,493
91,"test_MGDB","male",1,831
91,"test_MGDB","latte1.jpg",1,578
91,"test_MGDB","terribile",1,1452
91,"test_MGDB","latte5.jpg",1,513
91,"test_MGDB","eccellente",1,641
91,"test_MGDB","latte7.jpg",1,463
91,"test_MGDB","pace",1,500
91,"test_MGDB","fond7.jpg",1,432
91,"test_MGDB","fastidioso",1,589
91,"test_MGDB","latte2.jpg",1,457
91,"test_MGDB","orribile",1,755
91,"test_MGDB","fond5.jpg",1,985
91,"test_MGDB","felicità",1,813
91,"test_MGDB","fond2.jpg",1,462
91,"test_MGDB","odio",1,559
91,"test_MGDB","latte6.jpg",1,815
91,"test_MGDB","amore",1,1208
91,"test_MGDB","fond1.jpg",1,464
91,"test_MGDB","bello",1,501
91,"test_MGDB","latte5.jpg",1,1145
91,"test_MGDB","ridere",1,676
92,"practice_DGMB","piacere",1,783
92,"practice_DGMB","latte2.jpg",1,1083
92,"practice_DGMB","ridere",1,1257
92,"practice_DGMB","fond6.jpg",1,882
92,"practice_DGMB","pace",1,576
92,"practice_DGMB","fond5.jpg",1,538
92,"practice_DGMB","dolore",1,691
92,"practice_DGMB","fond3.jpg",1,781
92,"practice_DGMB","orribile",1,534
92,"practice_DGMB","latte6.jpg",1,759
92,"practice_DGMB","amore",1,598
92,"practice_DGMB","latte1.jpg",1,717
92,"practice_DGMB","cattivo",1,852
92,"practice_DGMB","fond7.jpg",1,589
92,"practice_DGMB","brutto",1,1857
92,"practice_DGMB","fond1.jpg",1,1249
92,"practice_DGMB","gioia",1,910
92,"practice_DGMB","latte3.jpg",1,1178
92,"practice_DGMB","buono",1,835
92,"practice_DGMB","fond4.jpg",1,913
92,"test_DGMB","fond2.jpg",1,768
92,"test_DGMB","paradiso",1,782
92,"test_DGMB","latte7.jpg",1,970
92,"test_DGMB","eccellente",1,1427
92,"test_DGMB","fond5.jpg",1,790
92,"test_DGMB","meraviglioso",1,602
92,"test_DGMB","fond1.jpg",1,489
92,"test_DGMB","bello",1,555
92,"test_DGMB","latte4.jpg",1,497
92,"test_DGMB","gloria",1,715
92,"test_DGMB","latte5.jpg",1,762
92,"test_DGMB","odio",1,1368
92,"test_DGMB","fond4.jpg",0,793
92,"test_DGMB","nocivo",1,757
92,"test_DGMB","latte6.jpg",1,859
92,"test_DGMB","stupendo",1,629
92,"test_DGMB","fond7.jpg",1,432
92,"test_DGMB","felicità",1,453
92,"test_DGMB","fond2.jpg",1,407
92,"test_DGMB","pace",1,462
92,"test_DGMB","latte7.jpg",1,490
92,"test_DGMB","schifo",1,524
92,"test_DGMB","latte4.jpg",1,405
92,"test_DGMB","fallimento",1,637
92,"test_DGMB","latte5.jpg",1,395
92,"test_DGMB","agonia",1,563
92,"test_DGMB","fond6.jpg",1,489
92,"test_DGMB","fastidioso",1,891
92,"test_DGMB","latte1.jpg",1,1388
92,"test_DGMB","male",1,735
92,"test_DGMB","latte2.jpg",1,1120
92,"test_DGMB","terribile",1,486
92,"test_DGMB","latte3.jpg",1,392
92,"test_DGMB","disastro",1,525
92,"test_DGMB","fond3.jpg",1,454
92,"test_DGMB","eccellente",1,560
92,"test_DGMB","latte1.jpg",1,735
92,"test_DGMB","cattivo",1,672
92,"test_DGMB","fond6.jpg",1,599
92,"test_DGMB","fastidioso",1,1158
92,"practice_MGDB","ridere",1,559
92,"practice_MGDB","latte1.jpg",1,421
92,"practice_MGDB","paradiso",1,503
92,"practice_MGDB","fond4.jpg",1,419
92,"practice_MGDB","cattivo",1,421
92,"practice_MGDB","fond7.jpg",1,498
92,"practice_MGDB","dolore",1,459
92,"practice_MGDB","latte5.jpg",1,608
92,"practice_MGDB","stupendo",1,559
92,"practice_MGDB","fond2.jpg",1,533
92,"practice_MGDB","bello",1,863
92,"practice_MGDB","fond3.jpg",1,1091
92,"practice_MGDB","male",1,636
92,"practice_MGDB","fond6.jpg",1,490
92,"practice_MGDB","amore",1,548
92,"practice_MGDB","fond1.jpg",1,592
92,"practice_MGDB","orribile",1,573
92,"practice_MGDB","latte6.jpg",1,518
92,"practice_MGDB","gloria",1,525
92,"practice_MGDB","latte4.jpg",1,519
92,"test_MGDB","latte2.jpg",1,698
92,"test_MGDB","brutto",1,547
92,"test_MGDB","fond5.jpg",1,703
92,"test_MGDB","terribile",1,563
92,"test_MGDB","fond3.jpg",1,394
92,"test_MGDB","fallimento",1,599
92,"test_MGDB","latte3.jpg",1,661
92,"test_MGDB","felicità",1,496
92,"test_MGDB","fond7.jpg",1,576
92,"test_MGDB","fastidioso",1,514
92,"test_MGDB","latte7.jpg",1,465
92,"test_MGDB","buono",1,437
92,"test_MGDB","fond5.jpg",1,460
92,"test_MGDB","nocivo",1,406
92,"test_MGDB","fond4.jpg",1,432
92,"test_MGDB","piacere",1,557
92,"test_MGDB","fond2.jpg",1,1491
92,"test_MGDB","eccellente",1,740
92,"test_MGDB","latte4.jpg",1,783
92,"test_MGDB","pace",1,563
92,"test_MGDB","latte5.jpg",1,402
92,"test_MGDB","agonia",0,385
92,"test_MGDB","latte1.jpg",1,806
92,"test_MGDB","disastro",1,597
92,"test_MGDB","latte7.jpg",1,627
92,"test_MGDB","meraviglioso",1,655
92,"test_MGDB","fond6.jpg",1,473
92,"test_MGDB","odio",1,445
92,"test_MGDB","fond1.jpg",1,399
92,"test_MGDB","gioia",1,526
92,"test_MGDB","latte2.jpg",1,824
92,"test_MGDB","stupendo",1,500
92,"test_MGDB","latte3.jpg",1,352
92,"test_MGDB","gloria",1,708
92,"test_MGDB","latte6.jpg",1,376
92,"test_MGDB","schifo",1,594
92,"test_MGDB","latte2.jpg",1,585
92,"test_MGDB","cattivo",1,453
92,"test_MGDB","fond2.jpg",1,351
92,"test_MGDB","terribile",1,420
93,"practice_MGDB","bello",1,544
93,"practice_MGDB","fond5.jpg",1,644
93,"practice_MGDB","cattivo",1,515
93,"practice_MGDB","latte2.jpg",1,562
93,"practice_MGDB","gioia",1,521
93,"practice_MGDB","latte3.jpg",1,480
93,"practice_MGDB","fastidioso",1,623
93,"practice_MGDB","fond4.jpg",1,443
93,"practice_MGDB","felicità",1,610
93,"practice_MGDB","latte5.jpg",1,828
93,"practice_MGDB","orribile",1,472
93,"practice_MGDB","fond2.jpg",1,743
93,"practice_MGDB","buono",1,1323
93,"practice_MGDB","fond7.jpg",1,608
93,"practice_MGDB","male",1,567
93,"practice_MGDB","latte1.jpg",1,785
93,"practice_MGDB","fallimento",1,557
93,"practice_MGDB","fond1.jpg",1,579
93,"practice_MGDB","dolore",1,1341
93,"practice_MGDB","fond3.jpg",1,544
93,"test_MGDB","fond6.jpg",1,507
93,"test_MGDB","paradiso",1,511
93,"test_MGDB","fond6.jpg",1,742
93,"test_MGDB","agonia",1,671
93,"test_MGDB","fond4.jpg",1,550
93,"test_MGDB","terribile",1,594
93,"test_MGDB","fond3.jpg",1,489
93,"test_MGDB","odio",1,531
93,"test_MGDB","latte7.jpg",1,564
93,"test_MGDB","stupendo",1,555
93,"test_MGDB","latte4.jpg",1,450
93,"test_MGDB","gloria",1,540
93,"test_MGDB","latte6.jpg",1,496
93,"test_MGDB","meraviglioso",1,474
93,"test_MGDB","latte2.jpg",1,433
93,"test_MGDB","disastro",1,638
93,"test_MGDB","latte4.jpg",1,644
93,"test_MGDB","pace",1,539
93,"test_MGDB","latte3.jpg",1,527
93,"test_MGDB","nocivo",1,654
93,"test_MGDB","fond7.jpg",1,608
93,"test_MGDB","eccellente",1,511
93,"test_MGDB","latte1.jpg",1,482
93,"test_MGDB","piacere",1,538
93,"test_MGDB","latte7.jpg",1,430
93,"test_MGDB","schifo",1,515
93,"test_MGDB","fond2.jpg",1,537
93,"test_MGDB","brutto",1,851
93,"test_MGDB","fond5.jpg",1,428
93,"test_MGDB","amore",1,465
93,"test_MGDB","latte5.jpg",1,581
93,"test_MGDB","ridere",1,591
93,"test_MGDB","latte6.jpg",1,418
93,"test_MGDB","eccellente",1,501
93,"test_MGDB","fond1.jpg",1,489
93,"test_MGDB","ridere",1,651
93,"test_MGDB","fond7.jpg",1,516
93,"test_MGDB","dolore",1,595
93,"test_MGDB","latte7.jpg",1,546
93,"test_MGDB","nocivo",1,558
93,"practice_DGMB","bello",1,1030
93,"practice_DGMB","fond6.jpg",0,532
93,"practice_DGMB","fastidioso",1,1694
93,"practice_DGMB","fond1.jpg",1,1805
93,"practice_DGMB","stupendo",1,939
93,"practice_DGMB","latte4.jpg",1,806
93,"practice_DGMB","odio",1,1557
93,"practice_DGMB","latte6.jpg",1,1906
93,"practice_DGMB","ridere",1,1044
93,"practice_DGMB","fond7.jpg",1,2002
93,"practice_DGMB","cattivo",1,1095
93,"practice_DGMB","fond4.jpg",1,912
93,"practice_DGMB","agonia",1,1020
93,"practice_DGMB","fond3.jpg",1,1375
93,"practice_DGMB","gloria",1,1008
93,"practice_DGMB","fond5.jpg",1,928
93,"practice_DGMB","terribile",1,855
93,"practice_DGMB","fond2.jpg",1,752
93,"practice_DGMB","felicità",1,1012
93,"practice_DGMB","fond5.jpg",1,1413
93,"test_DGMB","latte3.jpg",1,1002
93,"test_DGMB","fallimento",0,1040
93,"test_DGMB","latte1.jpg",1,1263
93,"test_DGMB","brutto",1,647
93,"test_DGMB","fond4.jpg",1,672
93,"test_DGMB","orribile",1,645
93,"test_DGMB","latte2.jpg",1,702
93,"test_DGMB","pace",1,543
93,"test_DGMB","fond3.jpg",1,1172
93,"test_DGMB","dolore",1,580
93,"test_DGMB","latte5.jpg",1,880
93,"test_DGMB","schifo",0,1111
93,"test_DGMB","latte7.jpg",1,1802
93,"test_DGMB","amore",1,983
93,"test_DGMB","latte3.jpg",1,691
93,"test_DGMB","paradiso",1,1748
93,"test_DGMB","latte2.jpg",1,711
93,"test_DGMB","eccellente",1,603
93,"test_DGMB","fond1.jpg",1,1017
93,"test_DGMB","male",1,778
93,"test_DGMB","latte5.jpg",1,774
93,"test_DGMB","meraviglioso",1,680
93,"test_DGMB","fond7.jpg",1,862
93,"test_DGMB","gioia",1,607
93,"test_DGMB","latte4.jpg",1,985
93,"test_DGMB","buono",1,924
93,"test_DGMB","latte7.jpg",1,821
93,"test_DGMB","nocivo",1,807
93,"test_DGMB","latte1.jpg",1,1056
93,"test_DGMB","disastro",1,1417
93,"test_DGMB","fond2.jpg",1,729
93,"test_DGMB","agonia",1,599
93,"test_DGMB","fond6.jpg",1,686
93,"test_DGMB","piacere",1,677
93,"test_DGMB","fond7.jpg",1,1652
93,"test_DGMB","ridere",1,532
93,"test_DGMB","latte6.jpg",1,629
93,"test_DGMB","amore",1,777
93,"test_DGMB","latte3.jpg",1,826
93,"test_DGMB","fallimento",1,1135
94,"practice_MGDB","male",1,679
94,"practice_MGDB","fond6.jpg",1,686
94,"practice_MGDB","brutto",1,509
94,"practice_MGDB","latte7.jpg",1,681
94,"practice_MGDB","meraviglioso",1,448
94,"practice_MGDB","latte3.jpg",1,417
94,"practice_MGDB","piacere",1,459
94,"practice_MGDB","fond4.jpg",1,463
94,"practice_MGDB","terribile",1,492
94,"practice_MGDB","fond1.jpg",1,389
94,"practice_MGDB","pace",1,530
94,"practice_MGDB","latte6.jpg",0,556
94,"practice_MGDB","fallimento",1,635
94,"practice_MGDB","fond3.jpg",1,473
94,"practice_MGDB","ridere",1,534
94,"practice_MGDB","latte2.jpg",1,551
94,"practice_MGDB","nocivo",1,596
94,"practice_MGDB","latte4.jpg",1,498
94,"practice_MGDB","cattivo",1,436
94,"practice_MGDB","fond2.jpg",1,515
94,"test_MGDB","latte1.jpg",1,1010
94,"test_MGDB","odio",1,763
94,"test_MGDB","fond7.jpg",0,402
94,"test_MGDB","paradiso",1,993
94,"test_MGDB","fond5.jpg",1,487
94,"test_MGDB","schifo",1,774
94,"test_MGDB","fond2.jpg",1,432
94,"test_MGDB","bello",1,500
94,"test_MGDB","fond5.jpg",1,416
94,"test_MGDB","fastidioso",1,554
94,"test_MGDB","latte5.jpg",1,545
94,"test_MGDB","disastro",1,477
94,"test_MGDB","latte3.jpg",1,532
94,"test_MGDB","eccellente",1,486
94,"test_MGDB","latte1.jpg",1,552
94,"test_MGDB","stupendo",1,508
94,"test_MGDB","fond6.jpg",1,464
94,"test_MGDB","felicità",1,621
94,"test_MGDB","fond4.jpg",1,433
94,"test_MGDB","gloria",1,469
94,"test_MGDB","latte2.jpg",0,505
94,"test_MGDB","gioia",1,750
94,"test_MGDB","latte4.jpg",1,610
94,"test_MGDB","orribile",1,523
94,"test_MGDB","fond3.jpg",1,514
94,"test_MGDB","buono",1,487
94,"test_MGDB","latte6.jpg",1,920
94,"test_MGDB","dolore",1,695
94,"test_MGDB","latte7.jpg",1,704
94,"test_MGDB","agonia",1,724
94,"test_MGDB","latte5.jpg",1,498
94,"test_MGDB","amore",1,524
94,"test_MGDB","latte1.jpg",1,614
94,"test_MGDB","terribile",1,535
94,"test_MGDB","fond7.jpg",1,489
94,"test_MGDB","male",1,515
94,"test_MGDB","fond1.jpg",1,425
94,"test_MGDB","gioia",1,462
94,"test_MGDB","fond5.jpg",1,474
94,"test_MGDB","eccellente",1,511
94,"practice_DGMB","bello",1,1189
94,"practice_DGMB","fond4.jpg",1,1035
94,"practice_DGMB","agonia",1,1215
94,"practice_DGMB","latte1.jpg",0,575
94,"practice_DGMB","felicità",1,1857
94,"practice_DGMB","fond2.jpg",1,1024
94,"practice_DGMB","fastidioso",1,2260
94,"practice_DGMB","fond5.jpg",1,1146
94,"practice_DGMB","pace",1,1558
94,"practice_DGMB","latte5.jpg",1,739
94,"practice_DGMB","paradiso",1,949
94,"practice_DGMB","fond1.jpg",0,888
94,"practice_DGMB","ridere",1,1983
94,"practice_DGMB","fond3.jpg",1,1121
94,"practice_DGMB","meraviglioso",1,2207
94,"practice_DGMB","fond7.jpg",1,718
94,"practice_DGMB","odio",1,1509
94,"practice_DGMB","latte7.jpg",1,711
94,"practice_DGMB","orribile",1,683
94,"practice_DGMB","fond6.jpg",1,738
94,"test_DGMB","latte6.jpg",1,1023
94,"test_DGMB","dolore",1,1419
94,"test_DGMB","fond6.jpg",1,526
94,"test_DGMB","nocivo",1,797
94,"test_DGMB","latte2.jpg",1,811
94,"test_DGMB","schifo",1,868
94,"test_DGMB","fond5.jpg",1,528
94,"test_DGMB","brutto",1,759
94,"test_DGMB","latte4.jpg",1,958
94,"test_DGMB","gloria",1,1412
94,"test_DGMB","fond3.jpg",1,612
94,"test_DGMB","stupendo",1,702
94,"test_DGMB","latte3.jpg",1,1762
94,"test_DGMB","buono",1,687
94,"test_DGMB","fond2.jpg",1,584
94,"test_DGMB","fallimento",1,1004
94,"test_DGMB","latte2.jpg",1,602
94,"test_DGMB","terribile",1,729
94,"test_DGMB","latte3.jpg",1,1219
94,"test_DGMB","piacere",1,523
94,"test_DGMB","fond7.jpg",1,626
94,"test_DGMB","disastro",1,790
94,"test_DGMB","latte7.jpg",1,554
94,"test_DGMB","cattivo",1,686
94,"test_DGMB","fond1.jpg",0,880
94,"test_DGMB","amore",1,2446
94,"test_DGMB","latte6.jpg",1,706
94,"test_DGMB","male",1,734
94,"test_DGMB","latte4.jpg",1,695
94,"test_DGMB","eccellente",0,2073
94,"test_DGMB","latte5.jpg",1,1098
94,"test_DGMB","gioia",1,2028
94,"test_DGMB","fond4.jpg",1,694
94,"test_DGMB","ridere",1,687
94,"test_DGMB","fond1.jpg",1,560
94,"test_DGMB","pace",1,583
94,"test_DGMB","latte1.jpg",1,619
94,"test_DGMB","male",1,909
94,"test_DGMB","latte2.jpg",1,417
94,"test_DGMB","terribile",1,522
95,"practice_MGDB","cattivo",1,2059
95,"practice_MGDB","fond3.jpg",1,805
95,"practice_MGDB","paradiso",1,748
95,"practice_MGDB","fond4.jpg",1,543
95,"practice_MGDB","piacere",1,596
95,"practice_MGDB","latte3.jpg",1,467
95,"practice_MGDB","gioia",1,607
95,"practice_MGDB","fond7.jpg",1,488
95,"practice_MGDB","gloria",1,487
95,"practice_MGDB","fond1.jpg",1,617
95,"practice_MGDB","disastro",1,578
95,"practice_MGDB","latte1.jpg",1,495
95,"practice_MGDB","ridere",1,609
95,"practice_MGDB","latte2.jpg",1,594
95,"practice_MGDB","felicità",1,606
95,"practice_MGDB","fond5.jpg",1,480
95,"practice_MGDB","eccellente",1,703
95,"practice_MGDB","fond2.jpg",1,547
95,"practice_MGDB","fallimento",1,679
95,"practice_MGDB","fond6.jpg",1,414
95,"test_MGDB","fond5.jpg",1,598
95,"test_MGDB","odio",1,637
95,"test_MGDB","latte4.jpg",1,436
95,"test_MGDB","pace",1,395
95,"test_MGDB","latte7.jpg",1,490
95,"test_MGDB","fastidioso",1,755
95,"test_MGDB","latte5.jpg",1,490
95,"test_MGDB","terribile",1,564
95,"test_MGDB","latte6.jpg",1,578
95,"test_MGDB","buono",1,796
95,"test_MGDB","latte3.jpg",1,771
95,"test_MGDB","nocivo",1,572
95,"test_MGDB","fond1.jpg",1,438
95,"test_MGDB","meraviglioso",1,757
95,"test_MGDB","latte7.jpg",1,579
95,"test_MGDB","stupendo",1,727
95,"test_MGDB","fond7.jpg",1,566
95,"test_MGDB","orribile",1,661
95,"test_MGDB","fond6.jpg",1,457
95,"test_MGDB","brutto",1,539
95,"test_MGDB","latte2.jpg",1,559
95,"test_MGDB","male",1,790
95,"test_MGDB","latte5.jpg",1,626
95,"test_MGDB","dolore",1,750
95,"test_MGDB","fond3.jpg",1,546
95,"test_MGDB","agonia",1,654
95,"test_MGDB","latte1.jpg",1,575
95,"test_MGDB","bello",1,625
95,"test_MGDB","latte6.jpg",1,517
95,"test_MGDB","schifo",1,660
95,"test_MGDB","fond4.jpg",1,424
95,"test_MGDB","amore",1,588
95,"test_MGDB","fond2.jpg",1,689
95,"test_MGDB","fastidioso",1,642
95,"test_MGDB","latte4.jpg",1,529
95,"test_MGDB","orribile",1,531
95,"test_MGDB","fond1.jpg",1,524
95,"test_MGDB","ridere",1,611
95,"test_MGDB","latte3.jpg",1,589
95,"test_MGDB","amore",1,609
95,"practice_DGMB","pace",1,3302
95,"practice_DGMB","fond3.jpg",1,934
95,"practice_DGMB","brutto",1,799
95,"practice_DGMB","latte5.jpg",1,509
95,"practice_DGMB","eccellente",1,826
95,"practice_DGMB","latte1.jpg",0,1341
95,"practice_DGMB","nocivo",1,2998
95,"practice_DGMB","fond4.jpg",1,1097
95,"practice_DGMB","odio",1,2346
95,"practice_DGMB","latte2.jpg",1,827
95,"practice_DGMB","cattivo",0,1263
95,"practice_DGMB","latte3.jpg",0,1194
95,"practice_DGMB","terribile",1,6
95,"practice_DGMB","fond2.jpg",1,1544
95,"practice_DGMB","dolore",1,1571
95,"practice_DGMB","fond5.jpg",1,1755
95,"practice_DGMB","agonia",1,1101
95,"practice_DGMB","fond6.jpg",1,904
95,"practice_DGMB","orribile",0,1980
95,"practice_DGMB","latte7.jpg",1,1150
95,"test_DGMB","latte6.jpg",1,1776
95,"test_DGMB","fastidioso",1,2824
95,"test_DGMB","latte4.jpg",1,1297
95,"test_DGMB","gloria",1,1585
95,"test_DGMB","fond7.jpg",1,908
95,"test_DGMB","paradiso",0,3327
95,"test_DGMB","fond1.jpg",1,1578
95,"test_DGMB","disastro",1,3586
95,"test_DGMB","latte5.jpg",1,954
95,"test_DGMB","ridere",1,1685
95,"test_DGMB","fond3.jpg",1,2434
95,"test_DGMB","amore",0,1196
95,"test_DGMB","latte4.jpg",1,1457
95,"test_DGMB","fallimento",1,2314
95,"test_DGMB","latte2.jpg",1,966
95,"test_DGMB","felicità",1,1260
95,"test_DGMB","fond4.jpg",0,1408
95,"test_DGMB","bello",0,1973
95,"test_DGMB","latte7.jpg",1,1637
95,"test_DGMB","male",1,2431
95,"test_DGMB","fond2.jpg",1,929
95,"test_DGMB","meraviglioso",1,1319
95,"test_DGMB","latte6.jpg",1,893
95,"test_DGMB","stupendo",1,1550
95,"test_DGMB","fond1.jpg",0,1577
95,"test_DGMB","gioia",1,2665
95,"test_DGMB","fond7.jpg",1,890
95,"test_DGMB","buono",1,2323
95,"test_DGMB","fond6.jpg",1,2607
95,"test_DGMB","piacere",1,1691
95,"test_DGMB","latte3.jpg",1,938
95,"test_DGMB","schifo",1,2284
95,"test_DGMB","fond5.jpg",1,1088
95,"test_DGMB","piacere",1,2062
95,"test_DGMB","latte1.jpg",1,2208
95,"test_DGMB","nocivo",1,2124
95,"test_DGMB","latte5.jpg",1,2417
95,"test_DGMB","male",1,1632
95,"test_DGMB","fond4.jpg",1,922
95,"test_DGMB","eccellente",1,1593
96,"practice_MGDB","terribile",1,873
96,"practice_MGDB","latte3.jpg",1,911
96,"practice_MGDB","gloria",1,2171
96,"practice_MGDB","fond1.jpg",1,810
96,"practice_MGDB","bello",1,996
96,"practice_MGDB","fond7.jpg",1,674
96,"practice_MGDB","meraviglioso",1,734
96,"practice_MGDB","latte2.jpg",1,1431
96,"practice_MGDB","agonia",1,762
96,"practice_MGDB","latte4.jpg",1,809
96,"practice_MGDB","fastidioso",1,1799
96,"practice_MGDB","latte1.jpg",1,932
96,"practice_MGDB","odio",1,1101
96,"practice_MGDB","fond5.jpg",1,593
96,"practice_MGDB","piacere",1,1149
96,"practice_MGDB","fond6.jpg",1,1056
96,"practice_MGDB","disastro",1,657
96,"practice_MGDB","fond4.jpg",1,554
96,"practice_MGDB","ridere",1,847
96,"practice_MGDB","fond2.jpg",1,720
96,"test_MGDB","latte6.jpg",1,905
96,"test_MGDB","fallimento",1,973
96,"test_MGDB","fond3.jpg",1,750
96,"test_MGDB","nocivo",1,666
96,"test_MGDB","latte7.jpg",1,734
96,"test_MGDB","paradiso",1,959
96,"test_MGDB","fond5.jpg",1,862
96,"test_MGDB","gioia",1,687
96,"test_MGDB","latte5.jpg",1,752
96,"test_MGDB","cattivo",1,996
96,"test_MGDB","latte7.jpg",1,802
96,"test_MGDB","schifo",1,1337
96,"test_MGDB","fond3.jpg",1,601
96,"test_MGDB","dolore",1,688
96,"test_MGDB","fond4.jpg",1,601
96,"test_MGDB","stupendo",1,848
96,"test_MGDB","fond1.jpg",1,953
96,"test_MGDB","brutto",0,997
96,"test_MGDB","latte4.jpg",1,2043
96,"test_MGDB","buono",1,688
96,"test_MGDB","latte2.jpg",1,657
96,"test_MGDB","amore",1,659
96,"test_MGDB","fond2.jpg",1,983
96,"test_MGDB","pace",0,650
96,"test_MGDB","latte6.jpg",1,732
96,"test_MGDB","male",1,1069
96,"test_MGDB","fond6.jpg",1,633
96,"test_MGDB","eccellente",1,1253
96,"test_MGDB","latte3.jpg",1,829
96,"test_MGDB","orribile",1,1113
96,"test_MGDB","latte1.jpg",0,759
96,"test_MGDB","schifo",1,2638
96,"test_MGDB","latte5.jpg",1,753
96,"test_MGDB","brutto",1,1237
96,"test_MGDB","fond7.jpg",1,560
96,"test_MGDB","felicità",1,720
96,"test_MGDB","fond1.jpg",1,950
96,"test_MGDB","eccellente",1,738
96,"test_MGDB","latte1.jpg",1,1358
96,"test_MGDB","amore",1,523
96,"practice_DGMB","buono",1,1295
96,"practice_DGMB","latte3.jpg",1,986
96,"practice_DGMB","terribile",1,621
96,"practice_DGMB","latte6.jpg",1,618
96,"practice_DGMB","paradiso",1,1011
96,"practice_DGMB","fond3.jpg",1,668
96,"practice_DGMB","dolore",1,1088
96,"practice_DGMB","latte5.jpg",1,777
96,"practice_DGMB","bello",1,914
96,"practice_DGMB","fond6.jpg",1,1552
96,"practice_DGMB","gloria",0,1691
96,"practice_DGMB","latte1.jpg",1,3323
96,"practice_DGMB","fallimento",1,1190
96,"practice_DGMB","fond7.jpg",1,1065
96,"practice_DGMB","ridere",1,925
96,"practice_DGMB","latte2.jpg",1,1597
96,"practice_DGMB","schifo",1,819
96,"practice_DGMB","latte7.jpg",1,551
96,"practice_DGMB","fastidioso",1,875
96,"practice_DGMB","latte4.jpg",1,617
96,"test_DGMB","latte4.jpg",1,734
96,"test_DGMB","felicità",1,896
96,"test_DGMB","fond2.jpg",1,1833
96,"test_DGMB","eccellente",1,667
96,"test_DGMB","latte2.jpg",1,551
96,"test_DGMB","orribile",1,659
96,"test_DGMB","fond5.jpg",1,615
96,"test_DGMB","meraviglioso",1,897
96,"test_DGMB","latte3.jpg",1,674
96,"test_DGMB","pace",1,854
96,"test_DGMB","fond1.jpg",1,671
96,"test_DGMB","brutto",1,820
96,"test_DGMB","latte7.jpg",1,831
96,"test_DGMB","piacere",1,1419
96,"test_DGMB","latte6.jpg",1,1190
96,"test_DGMB","gioia",1,657
96,"test_DGMB","fond4.jpg",1,570
96,"test_DGMB","disastro",1,812
96,"test_DGMB","fond3.jpg",1,1285
96,"test_DGMB","stupendo",0,1595
96,"test_DGMB","fond2.jpg",1,4344
96,"test_DGMB","cattivo",1,988
96,"test_DGMB","fond7.jpg",1,1872
96,"test_DGMB","agonia",1,1738
96,"test_DGMB","fond1.jpg",1,1402
96,"test_DGMB","nocivo",0,2336
96,"test_DGMB","latte1.jpg",1,1590
96,"test_DGMB","odio",1,1401
96,"test_DGMB","latte5.jpg",1,607
96,"test_DGMB","male",1,574
96,"test_DGMB","fond6.jpg",1,839
96,"test_DGMB","dolore",1,701
96,"test_DGMB","latte2.jpg",1,2705
96,"test_DGMB","amore",1,811
96,"test_DGMB","fond5.jpg",1,1436
96,"test_DGMB","felicità",1,1271
96,"test_DGMB","fond4.jpg",1,698
96,"test_DGMB","meraviglioso",1,667
96,"test_DGMB","fond1.jpg",1,607
96,"test_DGMB","cattivo",1,1414
97,"practice_DGMB","nocivo",1,1775
97,"practice_DGMB","fond3.jpg",1,3825
97,"practice_DGMB","brutto",1,1678
97,"practice_DGMB","fond6.jpg",1,3339
97,"practice_DGMB","male",1,1033
97,"practice_DGMB","fond2.jpg",1,3031
97,"practice_DGMB","eccellente",1,1935
97,"practice_DGMB","latte5.jpg",1,663
97,"practice_DGMB","bello",1,1355
97,"practice_DGMB","fond4.jpg",1,1545
97,"practice_DGMB","disastro",1,979
97,"practice_DGMB","latte2.jpg",1,1671
97,"practice_DGMB","schifo",1,1250
97,"practice_DGMB","latte7.jpg",1,786
97,"practice_DGMB","meraviglioso",1,950
97,"practice_DGMB","latte3.jpg",0,817
97,"practice_DGMB","dolore",1,867
97,"practice_DGMB","fond5.jpg",1,1918
97,"practice_DGMB","agonia",1,1611
97,"practice_DGMB","fond1.jpg",1,1443
97,"test_DGMB","latte4.jpg",1,1354
97,"test_DGMB","pace",0,1589
97,"test_DGMB","fond7.jpg",1,1760
97,"test_DGMB","terribile",1,1165
97,"test_DGMB","latte6.jpg",0,1006
97,"test_DGMB","felicità",1,1500
97,"test_DGMB","latte1.jpg",0,711
97,"test_DGMB","fastidioso",1,1003
97,"test_DGMB","latte5.jpg",1,3873
97,"test_DGMB","fallimento",1,1216
97,"test_DGMB","fond4.jpg",1,1225
97,"test_DGMB","cattivo",1,1100
97,"test_DGMB","fond1.jpg",0,1135
97,"test_DGMB","gioia",1,2184
97,"test_DGMB","latte7.jpg",1,938
97,"test_DGMB","amore",1,1003
97,"test_DGMB","fond3.jpg",1,1801
97,"test_DGMB","ridere",1,998
97,"test_DGMB","latte3.jpg",1,1244
97,"test_DGMB","odio",1,1122
97,"test_DGMB","latte2.jpg",1,936
97,"test_DGMB","stupendo",1,1465
97,"test_DGMB","latte6.jpg",1,1452
97,"test_DGMB","buono",1,1020
97,"test_DGMB","latte4.jpg",0,1088
97,"test_DGMB","orribile",1,910
97,"test_DGMB","latte1.jpg",0,1474
97,"test_DGMB","fastidioso",1,1045
97,"test_DGMB","latte5.jpg",0,1386
97,"test_DGMB","piacere",1,1230
97,"test_DGMB","fond5.jpg",0,865
97,"test_DGMB","paradiso",1,1213
97,"test_DGMB","fond2.jpg",1,965
97,"test_DGMB","gloria",1,636
97,"test_DGMB","fond7.jpg",1,522
97,"test_DGMB","ridere",1,625
97,"test_DGMB","fond6.jpg",1,509
97,"test_DGMB","piacere",1,682
97,"test_DGMB","fond2.jpg",1,568
97,"test_DGMB","fallimento",1,775
97,"practice_MGDB","dolore",1,1201
97,"practice_MGDB","fond5.jpg",1,754
97,"practice_MGDB","nocivo",1,630
97,"practice_MGDB","latte6.jpg",1,866
97,"practice_MGDB","schifo",1,837
97,"practice_MGDB","fond2.jpg",1,988
97,"practice_MGDB","fallimento",1,1256
97,"practice_MGDB","latte4.jpg",1,680
97,"practice_MGDB","ridere",1,1087
97,"practice_MGDB","fond4.jpg",1,791
97,"practice_MGDB","meraviglioso",1,1003
97,"practice_MGDB","latte3.jpg",0,786
97,"practice_MGDB","felicità",1,926
97,"practice_MGDB","latte7.jpg",1,591
97,"practice_MGDB","amore",1,891
97,"practice_MGDB","fond6.jpg",1,700
97,"practice_MGDB","stupendo",1,797
97,"practice_MGDB","fond7.jpg",1,1068
97,"practice_MGDB","buono",1,1279
97,"practice_MGDB","fond1.jpg",0,1117
97,"test_MGDB","fond3.jpg",0,1953
97,"test_MGDB","bello",1,1763
97,"test_MGDB","latte2.jpg",0,856
97,"test_MGDB","pace",1,1345
97,"test_MGDB","fond3.jpg",1,1540
97,"test_MGDB","eccellente",1,1133
97,"test_MGDB","latte5.jpg",1,637
97,"test_MGDB","gioia",1,668
97,"test_MGDB","fond1.jpg",1,632
97,"test_MGDB","orribile",1,732
97,"test_MGDB","fond5.jpg",1,605
97,"test_MGDB","male",1,716
97,"test_MGDB","latte1.jpg",1,611
97,"test_MGDB","fastidioso",1,1108
97,"test_MGDB","latte2.jpg",0,1944
97,"test_MGDB","brutto",1,983
97,"test_MGDB","fond2.jpg",0,1323
97,"test_MGDB","cattivo",0,697
97,"test_MGDB","fond7.jpg",1,1026
97,"test_MGDB","agonia",1,2469
97,"test_MGDB","latte7.jpg",1,1095
97,"test_MGDB","terribile",1,944
97,"test_MGDB","latte4.jpg",0,1171
97,"test_MGDB","disastro",1,956
97,"test_MGDB","latte6.jpg",1,2098
97,"test_MGDB","paradiso",1,697
97,"test_MGDB","latte1.jpg",1,610
97,"test_MGDB","odio",1,772
97,"test_MGDB","latte5.jpg",1,1557
97,"test_MGDB","piacere",1,1259
97,"test_MGDB","fond6.jpg",1,790
97,"test_MGDB","gloria",1,1682
97,"test_MGDB","latte3.jpg",1,975
97,"test_MGDB","brutto",1,768
97,"test_MGDB","latte4.jpg",1,2321
97,"test_MGDB","piacere",1,830
97,"test_MGDB","fond4.jpg",1,609
97,"test_MGDB","felicità",1,883
97,"test_MGDB","fond7.jpg",1,1057
97,"test_MGDB","male",1,1042
98,"practice_DGMB","odio",1,1895
98,"practice_DGMB","fond3.jpg",1,5345
98,"practice_DGMB","gioia",1,3179
98,"practice_DGMB","fond2.jpg",1,1049
98,"practice_DGMB","terribile",1,1791
98,"practice_DGMB","latte3.jpg",1,1737
98,"practice_DGMB","male",1,1377
98,"practice_DGMB","latte4.jpg",1,833
98,"practice_DGMB","piacere",1,925
98,"practice_DGMB","latte2.jpg",1,1206
98,"practice_DGMB","nocivo",1,900
98,"practice_DGMB","fond1.jpg",1,1584
98,"practice_DGMB","schifo",1,1763
98,"practice_DGMB","latte7.jpg",1,1624
98,"practice_DGMB","disastro",1,839
98,"practice_DGMB","fond4.jpg",0,598
98,"practice_DGMB","felicità",1,3469
98,"practice_DGMB","latte6.jpg",1,1893
98,"practice_DGMB","fallimento",1,2844
98,"practice_DGMB","latte5.jpg",1,3008
98,"test_DGMB","fond5.jpg",1,2718
98,"test_DGMB","agonia",1,895
98,"test_DGMB","latte1.jpg",1,984
98,"test_DGMB","dolore",1,1628
98,"test_DGMB","fond6.jpg",1,2486
98,"test_DGMB","stupendo",1,1554
98,"test_DGMB","fond7.jpg",1,847
98,"test_DGMB","brutto",1,894
98,"test_DGMB","fond1.jpg",1,1631
98,"test_DGMB","cattivo",1,1010
98,"test_DGMB","latte2.jpg",1,1642
98,"test_DGMB","amore",1,1912
98,"test_DGMB","fond6.jpg",0,2234
98,"test_DGMB","gloria",1,4947
98,"test_DGMB","latte6.jpg",1,1073
98,"test_DGMB","fastidioso",1,1629
98,"test_DGMB","fond2.jpg",1,2439
98,"test_DGMB","paradiso",1,2803
98,"test_DGMB","latte3.jpg",1,1431
98,"test_DGMB","eccellente",1,1418
98,"test_DGMB","latte5.jpg",1,962
98,"test_DGMB","ridere",1,2832
98,"test_DGMB","fond4.jpg",1,1089
98,"test_DGMB","bello",1,3183
98,"test_DGMB","fond5.jpg",1,1095
98,"test_DGMB","buono",1,920
98,"test_DGMB","fond7.jpg",1,654
98,"test_DGMB","orribile",1,1920
98,"test_DGMB","latte7.jpg",1,869
98,"test_DGMB","meraviglioso",1,928
98,"test_DGMB","latte4.jpg",1,865
98,"test_DGMB","pace",1,749
98,"test_DGMB","latte1.jpg",1,1017
98,"test_DGMB","piacere",1,666
98,"test_DGMB","latte7.jpg",1,950
98,"test_DGMB","odio",1,898
98,"test_DGMB","fond3.jpg",1,1194
98,"test_DGMB","disastro",1,1054
98,"test_DGMB","fond4.jpg",1,1119
98,"test_DGMB","pace",1,1421
98,"practice_MGDB","terribile",1,2619
98,"practice_MGDB","fond5.jpg",1,1372
98,"practice_MGDB","eccellente",1,677
98,"practice_MGDB","fond3.jpg",1,3291
98,"practice_MGDB","pace",1,646
98,"practice_MGDB","latte1.jpg",1,983
98,"practice_MGDB","male",1,675
98,"practice_MGDB","fond1.jpg",1,642
98,"practice_MGDB","brutto",1,633
98,"practice_MGDB","latte6.jpg",1,551
98,"practice_MGDB","amore",1,620
98,"practice_MGDB","latte7.jpg",1,432
98,"practice_MGDB","cattivo",1,828
98,"practice_MGDB","latte3.jpg",1,592
98,"practice_MGDB","dolore",1,1884
98,"practice_MGDB","latte5.jpg",1,721
98,"practice_MGDB","bello",1,1344
98,"practice_MGDB","fond7.jpg",1,571
98,"practice_MGDB","ridere",1,3220
98,"practice_MGDB","fond2.jpg",1,674
98,"test_MGDB","latte2.jpg",1,2105
98,"test_MGDB","meraviglioso",1,619
98,"test_MGDB","fond4.jpg",1,527
98,"test_MGDB","buono",1,622
98,"test_MGDB","latte4.jpg",1,586
98,"test_MGDB","felicità",1,519
98,"test_MGDB","fond6.jpg",1,510
98,"test_MGDB","odio",1,842
98,"test_MGDB","fond2.jpg",1,344
98,"test_MGDB","stupendo",1,613
98,"test_MGDB","fond6.jpg",1,1102
98,"test_MGDB","fallimento",1,983
98,"test_MGDB","latte2.jpg",1,507
98,"test_MGDB","fastidioso",1,775
98,"test_MGDB","fond1.jpg",1,648
98,"test_MGDB","gioia",1,735
98,"test_MGDB","latte3.jpg",1,1008
98,"test_MGDB","disastro",1,567
98,"test_MGDB","latte6.jpg",1,768
98,"test_MGDB","schifo",1,1447
98,"test_MGDB","fond3.jpg",1,639
98,"test_MGDB","nocivo",1,798
98,"test_MGDB","latte4.jpg",1,588
98,"test_MGDB","orribile",1,849
98,"test_MGDB","latte5.jpg",1,762
98,"test_MGDB","agonia",1,1680
98,"test_MGDB","latte1.jpg",1,797
98,"test_MGDB","brutto",1,804
98,"test_MGDB","latte7.jpg",1,778
98,"test_MGDB","gloria",1,2084
98,"test_MGDB","fond5.jpg",1,576
98,"test_MGDB","dolore",1,1274
98,"test_MGDB","latte6.jpg",1,1200
98,"test_MGDB","piacere",1,2086
98,"test_MGDB","fond7.jpg",1,618
98,"test_MGDB","paradiso",1,588
98,"test_MGDB","fond4.jpg",1,1840
98,"test_MGDB","eccellente",1,797
98,"test_MGDB","fond7.jpg",1,779
98,"test_MGDB","ridere",1,621
99,"practice_DGMB","pace",1,5610
99,"practice_DGMB","latte2.jpg",1,2044
99,"practice_DGMB","gloria",1,1800
99,"practice_DGMB","latte1.jpg",1,15565
99,"practice_DGMB","nocivo",1,5626
99,"practice_DGMB","fond4.jpg",1,2167
99,"practice_DGMB","schifo",1,1436
99,"practice_DGMB","latte7.jpg",1,1721
99,"practice_DGMB","piacere",1,1662
99,"practice_DGMB","fond1.jpg",1,1681
99,"practice_DGMB","fastidioso",1,1022
99,"practice_DGMB","latte5.jpg",1,937
99,"practice_DGMB","brutto",1,906
99,"practice_DGMB","latte3.jpg",1,678
99,"practice_DGMB","eccellente",1,1109
99,"practice_DGMB","fond2.jpg",1,536
99,"practice_DGMB","stupendo",1,730
99,"practice_DGMB","fond7.jpg",1,611
99,"practice_DGMB","fallimento",1,1157
99,"practice_DGMB","fond3.jpg",1,531
99,"test_DGMB","fond5.jpg",1,1202
99,"test_DGMB","odio",1,1168
99,"test_DGMB","latte6.jpg",1,2177
99,"test_DGMB","disastro",1,744
99,"test_DGMB","fond6.jpg",1,652
99,"test_DGMB","agonia",1,957
99,"test_DGMB","fond6.jpg",1,1076
99,"test_DGMB","gioia",1,2823
99,"test_DGMB","fond3.jpg",1,1584
99,"test_DGMB","amore",1,674
99,"test_DGMB","latte4.jpg",1,1121
99,"test_DGMB","paradiso",1,911
99,"test_DGMB","fond4.jpg",1,726
99,"test_DGMB","meraviglioso",1,956
99,"test_DGMB","fond2.jpg",1,563
99,"test_DGMB","felicità",1,970
99,"test_DGMB","fond5.jpg",1,554
99,"test_DGMB","terribile",1,703
99,"test_DGMB","latte6.jpg",1,1011
99,"test_DGMB","orribile",1,1028
99,"test_DGMB","latte7.jpg",1,583
99,"test_DGMB","cattivo",1,1003
99,"test_DGMB","latte4.jpg",1,569
99,"test_DGMB","buono",1,675
99,"test_DGMB","latte2.jpg",1,602
99,"test_DGMB","male",1,993
99,"test_DGMB","latte1.jpg",1,607
99,"test_DGMB","ridere",1,686
99,"test_DGMB","latte3.jpg",1,1647
99,"test_DGMB","bello",1,1060
99,"test_DGMB","fond7.jpg",1,544
99,"test_DGMB","dolore",1,764
99,"test_DGMB","latte5.jpg",1,618
99,"test_DGMB","schifo",1,692
99,"test_DGMB","fond1.jpg",1,885
99,"test_DGMB","cattivo",0,908
99,"test_DGMB","fond4.jpg",1,1119
99,"test_DGMB","stupendo",1,1566
99,"test_DGMB","latte4.jpg",1,838
99,"test_DGMB","pace",1,2588
99,"practice_MGDB","amore",1,1124
99,"practice_MGDB","fond1.jpg",1,1021
99,"practice_MGDB","odio",1,1493
99,"practice_MGDB","latte6.jpg",1,798
99,"practice_MGDB","terribile",1,1556
99,"practice_MGDB","latte1.jpg",1,657
99,"practice_MGDB","paradiso",1,1331
99,"practice_MGDB","fond7.jpg",1,715
99,"practice_MGDB","nocivo",1,655
99,"practice_MGDB","fond3.jpg",1,505
99,"practice_MGDB","orribile",1,589
99,"practice_MGDB","fond5.jpg",1,497
99,"practice_MGDB","cattivo",1,603
99,"practice_MGDB","fond4.jpg",1,1850
99,"practice_MGDB","schifo",1,1431
99,"practice_MGDB","latte7.jpg",1,626
99,"practice_MGDB","gloria",1,678
99,"practice_MGDB","fond2.jpg",1,572
99,"practice_MGDB","dolore",1,766
99,"practice_MGDB","latte5.jpg",1,599
99,"test_MGDB","latte2.jpg",1,1006
99,"test_MGDB","fallimento",1,3756
99,"test_MGDB","fond6.jpg",1,766
99,"test_MGDB","disastro",1,12301
99,"test_MGDB","latte4.jpg",1,5009
99,"test_MGDB","fastidioso",1,826
99,"test_MGDB","fond6.jpg",1,1542
99,"test_MGDB","agonia",1,1574
99,"test_MGDB","latte3.jpg",1,1062
99,"test_MGDB","buono",1,1471
99,"test_MGDB","fond4.jpg",1,898
99,"test_MGDB","bello",1,667
99,"test_MGDB","fond5.jpg",1,2023
99,"test_MGDB","felicità",1,910
99,"test_MGDB","fond3.jpg",1,786
99,"test_MGDB","gioia",1,1358
99,"test_MGDB","latte2.jpg",1,1019
99,"test_MGDB","male",1,804
99,"test_MGDB","latte1.jpg",0,514
99,"test_MGDB","brutto",1,5631
99,"test_MGDB","latte4.jpg",1,979
99,"test_MGDB","stupendo",1,1340
99,"test_MGDB","latte6.jpg",1,1111
99,"test_MGDB","ridere",1,723
99,"test_MGDB","fond7.jpg",1,657
99,"test_MGDB","eccellente",1,659
99,"test_MGDB","fond2.jpg",1,935
99,"test_MGDB","meraviglioso",1,1168
99,"test_MGDB","fond1.jpg",1,1192
99,"test_MGDB","disastro",1,1428
99,"test_MGDB","latte3.jpg",1,695
99,"test_MGDB","pace",1,952
99,"test_MGDB","latte7.jpg",1,935
99,"test_MGDB","piacere",1,584
99,"test_MGDB","latte5.jpg",1,452
99,"test_MGDB","schifo",1,630
99,"test_MGDB","latte2.jpg",1,993
99,"test_MGDB","amore",1,925
99,"test_MGDB","fond7.jpg",1,822
99,"test_MGDB","paradiso",1,1047
100,"practice_DGMB","paradiso",1,995
100,"practice_DGMB","fond4.jpg",1,1073
100,"practice_DGMB","nocivo",1,909
100,"practice_DGMB","fond3.jpg",1,872
100,"practice_DGMB","piacere",1,940
100,"practice_DGMB","fond2.jpg",1,768
100,"practice_DGMB","orribile",1,1302
100,"practice_DGMB","fond1.jpg",1,913
100,"practice_DGMB","dolore",1,773
100,"practice_DGMB","latte3.jpg",1,678
100,"practice_DGMB","brutto",1,821
100,"practice_DGMB","fond7.jpg",1,849
100,"practice_DGMB","meraviglioso",1,839
100,"practice_DGMB","latte6.jpg",1,894
100,"practice_DGMB","gioia",1,719
100,"practice_DGMB","latte2.jpg",1,1030
100,"practice_DGMB","gloria",1,601
100,"practice_DGMB","fond5.jpg",1,688
100,"practice_DGMB","male",1,703
100,"practice_DGMB","fond6.jpg",1,819
100,"test_DGMB","latte4.jpg",1,946
100,"test_DGMB","cattivo",1,910
100,"test_DGMB","latte7.jpg",1,714
100,"test_DGMB","odio",1,654
100,"test_DGMB","fond1.jpg",1,727
100,"test_DGMB","felicità",1,654
100,"test_DGMB","fond5.jpg",1,783
100,"test_DGMB","ridere",1,659
100,"test_DGMB","latte1.jpg",1,543
100,"test_DGMB","eccellente",1,579
100,"test_DGMB","latte5.jpg",1,727
100,"test_DGMB","pace",1,766
100,"test_DGMB","latte3.jpg",1,583
100,"test_DGMB","fastidioso",1,1132
100,"test_DGMB","fond6.jpg",1,676
100,"test_DGMB","stupendo",1,1403
100,"test_DGMB","latte6.jpg",1,817
100,"test_DGMB","amore",1,618
100,"test_DGMB","fond7.jpg",1,822
100,"test_DGMB","buono",1,719
100,"test_DGMB","latte2.jpg",1,1654
100,"test_DGMB","bello",1,1646
100,"test_DGMB","latte7.jpg",1,901
100,"test_DGMB","fallimento",1,695
100,"test_DGMB","fond4.jpg",1,680
100,"test_DGMB","terribile",1,1111
100,"test_DGMB","latte1.jpg",1,1378
100,"test_DGMB","disastro",1,722
100,"test_DGMB","fond2.jpg",1,721
100,"test_DGMB","schifo",1,640
100,"test_DGMB","fond3.jpg",1,670
100,"test_DGMB","agonia",1,2107
100,"test_DGMB","latte5.jpg",1,820
100,"test_DGMB","disastro",1,1006
100,"test_DGMB","latte4.jpg",1,726
100,"test_DGMB","orribile",1,653
100,"test_DGMB","fond6.jpg",1,607
100,"test_DGMB","buono",1,638
100,"test_DGMB","latte2.jpg",1,620
100,"test_DGMB","piacere",1,870
100,"practice_MGDB","gioia",1,640
100,"practice_MGDB","latte6.jpg",1,481
100,"practice_MGDB","gloria",1,593
100,"practice_MGDB","fond7.jpg",1,623
100,"practice_MGDB","odio",1,620
100,"practice_MGDB","latte7.jpg",1,584
100,"practice_MGDB","eccellente",1,508
100,"practice_MGDB","latte5.jpg",1,584
100,"practice_MGDB","nocivo",1,604
100,"practice_MGDB","latte4.jpg",1,542
100,"practice_MGDB","agonia",1,735
100,"practice_MGDB","latte3.jpg",1,665
100,"practice_MGDB","dolore",1,1405
100,"practice_MGDB","fond5.jpg",1,794
100,"practice_MGDB","disastro",1,558
100,"practice_MGDB","latte2.jpg",1,581
100,"practice_MGDB","male",1,607
100,"practice_MGDB","fond6.jpg",1,696
100,"practice_MGDB","cattivo",1,490
100,"practice_MGDB","fond1.jpg",1,563
100,"test_MGDB","latte1.jpg",1,808
100,"test_MGDB","fallimento",1,1271
100,"test_MGDB","fond3.jpg",1,994
100,"test_MGDB","orribile",1,1006
100,"test_MGDB","fond4.jpg",1,542
100,"test_MGDB","fastidioso",1,579
100,"test_MGDB","fond2.jpg",1,503
100,"test_MGDB","piacere",1,619
100,"test_MGDB","latte4.jpg",1,519
100,"test_MGDB","ridere",1,518
100,"test_MGDB","latte3.jpg",1,493
100,"test_MGDB","brutto",1,495
100,"test_MGDB","latte1.jpg",1,617
100,"test_MGDB","felicità",1,618
100,"test_MGDB","fond1.jpg",1,630
100,"test_MGDB","schifo",1,579
100,"test_MGDB","latte2.jpg",1,551
100,"test_MGDB","stupendo",1,755
100,"test_MGDB","latte5.jpg",1,865
100,"test_MGDB","terribile",1,597
100,"test_MGDB","fond6.jpg",1,468
100,"test_MGDB","paradiso",1,609
100,"test_MGDB","fond5.jpg",1,634
100,"test_MGDB","schifo",1,630
100,"test_MGDB","latte6.jpg",1,506
100,"test_MGDB","meraviglioso",1,551
100,"test_MGDB","fond2.jpg",1,474
100,"test_MGDB","amore",0,575
100,"test_MGDB","fond7.jpg",1,817
100,"test_MGDB","bello",1,2074
100,"test_MGDB","fond3.jpg",1,958
100,"test_MGDB","disastro",1,613
100,"test_MGDB","latte7.jpg",1,494
100,"test_MGDB","pace",1,592
100,"test_MGDB","latte5.jpg",1,751
100,"test_MGDB","buono",1,603
100,"test_MGDB","fond4.jpg",1,770
100,"test_MGDB","bello",1,659
100,"test_MGDB","fond3.jpg",1,783
100,"test_MGDB","amore",1,603
101,"practice_MGDB","brutto",1,2331
101,"practice_MGDB","latte3.jpg",1,1938
101,"practice_MGDB","fastidioso",1,1338
101,"practice_MGDB","fond7.jpg",1,1482
101,"practice_MGDB","buono",1,944
101,"practice_MGDB","fond1.jpg",1,1243
101,"practice_MGDB","dolore",1,2985
101,"practice_MGDB","latte1.jpg",1,1321
101,"practice_MGDB","paradiso",1,1023
101,"practice_MGDB","latte4.jpg",1,803
101,"practice_MGDB","cattivo",1,625
101,"practice_MGDB","latte6.jpg",1,1341
101,"practice_MGDB","meraviglioso",1,1230
101,"practice_MGDB","fond5.jpg",1,897
101,"practice_MGDB","male",1,658
101,"practice_MGDB","fond6.jpg",1,622
101,"practice_MGDB","disastro",1,667
101,"practice_MGDB","fond2.jpg",1,462
101,"practice_MGDB","schifo",1,795
101,"practice_MGDB","fond4.jpg",1,569
101,"test_MGDB","fond3.jpg",1,1899
101,"test_MGDB","orribile",1,962
101,"test_MGDB","fond7.jpg",1,569
101,"test_MGDB","eccellente",1,687
101,"test_MGDB","fond5.jpg",1,649
101,"test_MGDB","pace",1,943
101,"test_MGDB","latte2.jpg",1,787
101,"test_MGDB","piacere",1,535
101,"test_MGDB","latte5.jpg",1,625
101,"test_MGDB","stupendo",1,773
101,"test_MGDB","latte7.jpg",1,614
101,"test_MGDB","agonia",1,680
101,"test_MGDB","latte3.jpg",1,742
101,"test_MGDB","bello",1,1243
101,"test_MGDB","fond3.jpg",1,608
101,"test_MGDB","amore",1,879
101,"test_MGDB","latte7.jpg",1,1541
101,"test_MGDB","odio",1,710
101,"test_MGDB","latte2.jpg",1,801
101,"test_MGDB","ridere",1,1584
101,"test_MGDB","latte1.jpg",1,579
101,"test_MGDB","felicità",1,636
101,"test_MGDB","fond6.jpg",1,547
101,"test_MGDB","nocivo",1,719
101,"test_MGDB","fond4.jpg",1,534
101,"test_MGDB","terribile",1,592
101,"test_MGDB","fond1.jpg",1,494
101,"test_MGDB","gioia",1,608
101,"test_MGDB","fond2.jpg",1,794
101,"test_MGDB","fallimento",1,933
101,"test_MGDB","latte6.jpg",1,607
101,"test_MGDB","gloria",1,1181
101,"test_MGDB","latte4.jpg",1,1080
101,"test_MGDB","cattivo",1,647
101,"test_MGDB","fond7.jpg",1,600
101,"test_MGDB","piacere",1,759
101,"test_MGDB","latte5.jpg",1,2461
101,"test_MGDB","schifo",1,652
101,"test_MGDB","latte2.jpg",1,1982
101,"test_MGDB","eccellente",1,2581
101,"practice_DGMB","bello",1,1315
101,"practice_DGMB","latte6.jpg",1,1905
101,"practice_DGMB","eccellente",1,1611
101,"practice_DGMB","latte2.jpg",1,1523
101,"practice_DGMB","paradiso",1,1688
101,"practice_DGMB","fond6.jpg",1,2776
101,"practice_DGMB","schifo",1,1431
101,"practice_DGMB","latte5.jpg",1,2745
101,"practice_DGMB","meraviglioso",1,1250
101,"practice_DGMB","fond3.jpg",1,1651
101,"practice_DGMB","brutto",1,899
101,"practice_DGMB","latte4.jpg",1,2574
101,"practice_DGMB","nocivo",1,1181
101,"practice_DGMB","fond2.jpg",1,936
101,"practice_DGMB","agonia",1,2137
101,"practice_DGMB","fond1.jpg",1,1096
101,"practice_DGMB","gloria",1,1353
101,"practice_DGMB","fond5.jpg",1,855
101,"practice_DGMB","odio",1,728
101,"practice_DGMB","fond7.jpg",1,1257
101,"test_DGMB","latte7.jpg",1,1018
101,"test_DGMB","gioia",1,1019
101,"test_DGMB","latte1.jpg",1,1174
101,"test_DGMB","felicità",1,1135
101,"test_DGMB","latte3.jpg",1,1152
101,"test_DGMB","cattivo",1,1427
101,"test_DGMB","fond4.jpg",1,2214
101,"test_DGMB","male",1,1829
101,"test_DGMB","latte4.jpg",1,839
101,"test_DGMB","piacere",1,806
101,"test_DGMB","latte7.jpg",1,887
101,"test_DGMB","ridere",1,1293
101,"test_DGMB","fond2.jpg",1,990
101,"test_DGMB","fastidioso",1,1009
101,"test_DGMB","fond3.jpg",1,1426
101,"test_DGMB","pace",1,2909
101,"test_DGMB","fond5.jpg",1,630
101,"test_DGMB","buono",1,602
101,"test_DGMB","latte1.jpg",1,625
101,"test_DGMB","amore",1,797
101,"test_DGMB","fond1.jpg",1,1067
101,"test_DGMB","stupendo",1,2039
101,"test_DGMB","fond6.jpg",1,987
101,"test_DGMB","terribile",1,703
101,"test_DGMB","fond4.jpg",1,1163
101,"test_DGMB","orribile",1,1377
101,"test_DGMB","latte6.jpg",1,754
101,"test_DGMB","dolore",1,789
101,"test_DGMB","latte3.jpg",1,569
101,"test_DGMB","fallimento",1,891
101,"test_DGMB","fond7.jpg",1,692
101,"test_DGMB","disastro",1,901
101,"test_DGMB","latte5.jpg",1,1497
101,"test_DGMB","odio",1,1057
101,"test_DGMB","fond7.jpg",1,698
101,"test_DGMB","nocivo",1,1307
101,"test_DGMB","latte2.jpg",1,1190
101,"test_DGMB","paradiso",1,786
101,"test_DGMB","latte3.jpg",1,1093
101,"test_DGMB","bello",1,2534
102,"practice_MGDB","paradiso",1,1219
102,"practice_MGDB","latte3.jpg",1,758
102,"practice_MGDB","eccellente",1,821
102,"practice_MGDB","fond6.jpg",1,745
102,"practice_MGDB","pace",1,709
102,"practice_MGDB","fond3.jpg",1,705
102,"practice_MGDB","male",1,701
102,"practice_MGDB","fond4.jpg",1,825
102,"practice_MGDB","brutto",1,669
102,"practice_MGDB","fond2.jpg",1,561
102,"practice_MGDB","ridere",1,648
102,"practice_MGDB","fond7.jpg",1,617
102,"practice_MGDB","stupendo",1,627
102,"practice_MGDB","fond1.jpg",1,591
102,"practice_MGDB","amore",1,603
102,"practice_MGDB","latte2.jpg",1,642
102,"practice_MGDB","cattivo",1,600
102,"practice_MGDB","latte1.jpg",1,655
102,"practice_MGDB","gloria",1,601
102,"practice_MGDB","latte5.jpg",1,496
102,"test_MGDB","latte4.jpg",1,567
102,"test_MGDB","buono",1,622
102,"test_MGDB","latte7.jpg",1,514
102,"test_MGDB","bello",1,542
102,"test_MGDB","latte6.jpg",1,483
102,"test_MGDB","fallimento",1,570
102,"test_MGDB","fond5.jpg",1,499
102,"test_MGDB","fastidioso",1,637
102,"test_MGDB","latte7.jpg",1,596
102,"test_MGDB","agonia",1,1002
102,"test_MGDB","latte4.jpg",1,617
102,"test_MGDB","piacere",1,562
102,"test_MGDB","fond1.jpg",1,625
102,"test_MGDB","gioia",1,637
102,"test_MGDB","fond7.jpg",1,508
102,"test_MGDB","odio",1,592
102,"test_MGDB","latte2.jpg",1,559
102,"test_MGDB","disastro",1,887
102,"test_MGDB","latte5.jpg",1,631
102,"test_MGDB","nocivo",1,843
102,"test_MGDB","fond2.jpg",1,538
102,"test_MGDB","dolore",1,747
102,"test_MGDB","latte1.jpg",1,855
102,"test_MGDB","schifo",1,569
102,"test_MGDB","latte6.jpg",1,530
102,"test_MGDB","terribile",1,668
102,"test_MGDB","fond5.jpg",1,928
102,"test_MGDB","felicità",1,582
102,"test_MGDB","latte3.jpg",1,626
102,"test_MGDB","orribile",1,606
102,"test_MGDB","fond6.jpg",1,616
102,"test_MGDB","orribile",1,521
102,"test_MGDB","fond4.jpg",1,496
102,"test_MGDB","schifo",1,586
102,"test_MGDB","latte5.jpg",1,518
102,"test_MGDB","meraviglioso",1,589
102,"test_MGDB","fond3.jpg",1,537
102,"test_MGDB","pace",1,627
102,"test_MGDB","fond3.jpg",1,527
102,"test_MGDB","stupendo",1,574
102,"practice_DGMB","schifo",1,1115
102,"practice_DGMB","fond1.jpg",0,993
102,"practice_DGMB","piacere",1,1253
102,"practice_DGMB","latte6.jpg",1,1725
102,"practice_DGMB","fastidioso",1,1378
102,"practice_DGMB","latte1.jpg",1,786
102,"practice_DGMB","disastro",1,694
102,"practice_DGMB","latte4.jpg",1,528
102,"practice_DGMB","paradiso",1,703
102,"practice_DGMB","latte5.jpg",1,915
102,"practice_DGMB","gioia",1,1094
102,"practice_DGMB","latte3.jpg",1,935
102,"practice_DGMB","eccellente",1,728
102,"practice_DGMB","fond7.jpg",1,753
102,"practice_DGMB","pace",1,654
102,"practice_DGMB","latte7.jpg",1,1217
102,"practice_DGMB","amore",1,634
102,"practice_DGMB","latte2.jpg",1,601
102,"practice_DGMB","meraviglioso",1,536
102,"practice_DGMB","fond5.jpg",1,921
102,"test_DGMB","latte6.jpg",1,691
102,"test_DGMB","bello",1,821
102,"test_DGMB","fond2.jpg",1,768
102,"test_DGMB","odio",1,1087
102,"test_DGMB","latte3.jpg",1,1568
102,"test_DGMB","stupendo",1,693
102,"test_DGMB","fond6.jpg",1,678
102,"test_DGMB","felicità",1,1125
102,"test_DGMB","fond3.jpg",1,630
102,"test_DGMB","buono",1,682
102,"test_DGMB","fond4.jpg",1,665
102,"test_DGMB","dolore",1,493
102,"test_DGMB","latte7.jpg",1,638
102,"test_DGMB","brutto",1,517
102,"test_DGMB","latte2.jpg",1,532
102,"test_DGMB","cattivo",1,470
102,"test_DGMB","fond4.jpg",1,554
102,"test_DGMB","fallimento",1,551
102,"test_DGMB","fond2.jpg",1,602
102,"test_DGMB","gloria",1,1082
102,"test_DGMB","fond7.jpg",1,640
102,"test_DGMB","ridere",1,671
102,"test_DGMB","latte5.jpg",1,474
102,"test_DGMB","orribile",1,575
102,"test_DGMB","fond5.jpg",1,544
102,"test_DGMB","eccellente",1,757
102,"test_DGMB","fond3.jpg",1,491
102,"test_DGMB","nocivo",1,725
102,"test_DGMB","fond6.jpg",1,582
102,"test_DGMB","piacere",1,651
102,"test_DGMB","latte1.jpg",1,524
102,"test_DGMB","terribile",1,491
102,"test_DGMB","latte4.jpg",1,604
102,"test_DGMB","agonia",1,604
102,"test_DGMB","fond1.jpg",0,658
102,"test_DGMB","male",1,1204
102,"test_DGMB","latte5.jpg",1,921
102,"test_DGMB","nocivo",1,568
102,"test_DGMB","fond4.jpg",1,505
102,"test_DGMB","male",1,822
103,"practice_MGDB","dolore",1,866
103,"practice_MGDB","latte3.jpg",1,917
103,"practice_MGDB","orribile",1,796
103,"practice_MGDB","latte4.jpg",1,827
103,"practice_MGDB","buono",1,935
103,"practice_MGDB","latte1.jpg",1,584
103,"practice_MGDB","schifo",1,780
103,"practice_MGDB","latte2.jpg",1,680
103,"practice_MGDB","gloria",1,678
103,"practice_MGDB","fond4.jpg",1,573
103,"practice_MGDB","piacere",1,711
103,"practice_MGDB","latte6.jpg",1,666
103,"practice_MGDB","bello",1,575
103,"practice_MGDB","latte7.jpg",1,568
103,"practice_MGDB","paradiso",1,535
103,"practice_MGDB","fond2.jpg",1,513
103,"practice_MGDB","amore",1,621
103,"practice_MGDB","fond1.jpg",0,561
103,"practice_MGDB","pace",1,784
103,"practice_MGDB","fond5.jpg",1,628
103,"test_MGDB","fond3.jpg",1,626
103,"test_MGDB","odio",1,551
103,"test_MGDB","latte5.jpg",1,653
103,"test_MGDB","male",1,647
103,"test_MGDB","latte2.jpg",1,584
103,"test_MGDB","brutto",1,653
103,"test_MGDB","fond7.jpg",1,502
103,"test_MGDB","fastidioso",1,618
103,"test_MGDB","fond6.jpg",1,502
103,"test_MGDB","nocivo",1,563
103,"test_MGDB","latte1.jpg",1,698
103,"test_MGDB","stupendo",1,651
103,"test_MGDB","latte7.jpg",1,580
103,"test_MGDB","gioia",1,574
103,"test_MGDB","fond1.jpg",1,591
103,"test_MGDB","ridere",1,628
103,"test_MGDB","latte5.jpg",1,768
103,"test_MGDB","meraviglioso",1,599
103,"test_MGDB","fond6.jpg",1,573
103,"test_MGDB","agonia",1,639
103,"test_MGDB","latte3.jpg",1,790
103,"test_MGDB","eccellente",1,690
103,"test_MGDB","fond3.jpg",1,547
103,"test_MGDB","cattivo",1,735
103,"test_MGDB","fond4.jpg",1,496
103,"test_MGDB","disastro",1,754
103,"test_MGDB","latte4.jpg",1,577
103,"test_MGDB","fallimento",1,618
103,"test_MGDB","latte6.jpg",1,638
103,"test_MGDB","felicità",1,637
103,"test_MGDB","latte5.jpg",1,588
103,"test_MGDB","terribile",1,608
103,"test_MGDB","fond7.jpg",1,442
103,"test_MGDB","eccellente",1,681
103,"test_MGDB","fond5.jpg",1,559
103,"test_MGDB","schifo",1,550
103,"test_MGDB","fond2.jpg",1,490
103,"test_MGDB","dolore",1,580
103,"test_MGDB","fond6.jpg",1,504
103,"test_MGDB","stupendo",1,669
103,"practice_DGMB","amore",1,1743
103,"practice_DGMB","fond4.jpg",0,841
103,"practice_DGMB","orribile",0,2072
103,"practice_DGMB","fond3.jpg",1,642
103,"practice_DGMB","pace",1,1289
103,"practice_DGMB","latte7.jpg",1,1273
103,"practice_DGMB","odio",1,812
103,"practice_DGMB","latte2.jpg",1,701
103,"practice_DGMB","gloria",0,1087
103,"practice_DGMB","latte1.jpg",1,1399
103,"practice_DGMB","schifo",0,1381
103,"practice_DGMB","fond1.jpg",1,648
103,"practice_DGMB","bello",1,1767
103,"practice_DGMB","fond2.jpg",1,679
103,"practice_DGMB","cattivo",0,645
103,"practice_DGMB","fond5.jpg",1,1087
103,"practice_DGMB","terribile",1,1781
103,"practice_DGMB","latte5.jpg",1,1063
103,"practice_DGMB","piacere",0,843
103,"practice_DGMB","fond7.jpg",1,961
103,"test_DGMB","fond6.jpg",1,723
103,"test_DGMB","stupendo",1,594
103,"test_DGMB","latte6.jpg",1,665
103,"test_DGMB","meraviglioso",1,1261
103,"test_DGMB","fond3.jpg",1,832
103,"test_DGMB","buono",1,612
103,"test_DGMB","fond7.jpg",1,613
103,"test_DGMB","ridere",1,895
103,"test_DGMB","latte4.jpg",1,936
103,"test_DGMB","gioia",1,1097
103,"test_DGMB","fond1.jpg",1,802
103,"test_DGMB","male",1,1136
103,"test_DGMB","latte3.jpg",1,873
103,"test_DGMB","nocivo",1,885
103,"test_DGMB","latte7.jpg",1,462
103,"test_DGMB","dolore",0,607
103,"test_DGMB","latte2.jpg",1,3073
103,"test_DGMB","paradiso",1,1193
103,"test_DGMB","latte5.jpg",1,1120
103,"test_DGMB","fallimento",1,1365
103,"test_DGMB","fond4.jpg",1,758
103,"test_DGMB","agonia",1,1780
103,"test_DGMB","fond6.jpg",1,591
103,"test_DGMB","disastro",1,1003
103,"test_DGMB","latte4.jpg",1,985
103,"test_DGMB","eccellente",1,941
103,"test_DGMB","latte6.jpg",1,976
103,"test_DGMB","felicità",1,1105
103,"test_DGMB","fond2.jpg",1,637
103,"test_DGMB","amore",1,1060
103,"test_DGMB","fond5.jpg",1,703
103,"test_DGMB","fastidioso",1,779
103,"test_DGMB","latte1.jpg",1,823
103,"test_DGMB","brutto",1,939
103,"test_DGMB","latte3.jpg",1,646
103,"test_DGMB","fallimento",1,1669
103,"test_DGMB","fond7.jpg",1,576
103,"test_DGMB","meraviglioso",1,705
103,"test_DGMB","latte4.jpg",1,709
103,"test_DGMB","schifo",1,817
104,"practice_MGDB","terribile",1,3207
104,"practice_MGDB","fond2.jpg",1,1357
104,"practice_MGDB","gioia",1,931
104,"practice_MGDB","latte3.jpg",1,971
104,"practice_MGDB","nocivo",1,893
104,"practice_MGDB","fond1.jpg",1,1110
104,"practice_MGDB","gloria",1,993
104,"practice_MGDB","fond3.jpg",1,1055
104,"practice_MGDB","schifo",1,712
104,"practice_MGDB","latte1.jpg",1,2447
104,"practice_MGDB","bello",1,859
104,"practice_MGDB","fond6.jpg",1,702
104,"practice_MGDB","eccellente",1,1059
104,"practice_MGDB","fond7.jpg",1,718
104,"practice_MGDB","ridere",1,1556
104,"practice_MGDB","latte5.jpg",1,754
104,"practice_MGDB","amore",1,566
104,"practice_MGDB","fond4.jpg",1,655
104,"practice_MGDB","fastidioso",1,1129
104,"practice_MGDB","fond5.jpg",1,633
104,"test_MGDB","fond2.jpg",1,1881
104,"test_MGDB","cattivo",1,773
104,"test_MGDB","latte6.jpg",1,655
104,"test_MGDB","orribile",1,696
104,"test_MGDB","latte2.jpg",1,634
104,"test_MGDB","fallimento",1,774
104,"test_MGDB","latte7.jpg",1,655
104,"test_MGDB","male",1,632
104,"test_MGDB","fond1.jpg",1,735
104,"test_MGDB","paradiso",1,1265
104,"test_MGDB","latte4.jpg",1,659
104,"test_MGDB","pace",1,549
104,"test_MGDB","fond6.jpg",1,601
104,"test_MGDB","agonia",1,1016
104,"test_MGDB","latte3.jpg",1,617
104,"test_MGDB","meraviglioso",1,923
104,"test_MGDB","latte6.jpg",1,617
104,"test_MGDB","disastro",1,810
104,"test_MGDB","fond5.jpg",1,595
104,"test_MGDB","felicità",1,1026
104,"test_MGDB","fond3.jpg",1,662
104,"test_MGDB","brutto",1,663
104,"test_MGDB","latte1.jpg",1,595
104,"test_MGDB","piacere",1,735
104,"test_MGDB","latte7.jpg",1,745
104,"test_MGDB","dolore",1,565
104,"test_MGDB","latte5.jpg",1,622
104,"test_MGDB","stupendo",1,731
104,"test_MGDB","fond7.jpg",1,588
104,"test_MGDB","odio",1,968
104,"test_MGDB","latte2.jpg",1,609
104,"test_MGDB","disastro",1,1299
104,"test_MGDB","fond4.jpg",1,602
104,"test_MGDB","buono",1,722
104,"test_MGDB","latte4.jpg",1,632
104,"test_MGDB","odio",1,877
104,"test_MGDB","latte3.jpg",1,843
104,"test_MGDB","meraviglioso",1,802
104,"test_MGDB","fond3.jpg",1,568
104,"test_MGDB","pace",1,1503
104,"practice_DGMB","gioia",1,2835
104,"practice_DGMB","latte6.jpg",1,1287
104,"practice_DGMB","nocivo",1,1357
104,"practice_DGMB","fond7.jpg",1,1659
104,"practice_DGMB","meraviglioso",1,1819
104,"practice_DGMB","fond1.jpg",1,1634
104,"practice_DGMB","gloria",1,1085
104,"practice_DGMB","fond6.jpg",1,1589
104,"practice_DGMB","fallimento",1,1296
104,"practice_DGMB","fond3.jpg",1,945
104,"practice_DGMB","stupendo",1,1924
104,"practice_DGMB","latte7.jpg",1,1193
104,"practice_DGMB","piacere",1,1324
104,"practice_DGMB","latte4.jpg",1,1906
104,"practice_DGMB","schifo",1,3012
104,"practice_DGMB","fond2.jpg",1,2218
104,"practice_DGMB","buono",1,1809
104,"practice_DGMB","latte5.jpg",1,1377
104,"practice_DGMB","agonia",1,1833
104,"practice_DGMB","fond4.jpg",1,1262
104,"test_DGMB","fond5.jpg",1,1294
104,"test_DGMB","bello",1,1071
104,"test_DGMB","fond6.jpg",1,2210
104,"test_DGMB","orribile",1,1543
104,"test_DGMB","latte1.jpg",1,1153
104,"test_DGMB","odio",1,1029
104,"test_DGMB","fond1.jpg",0,1040
104,"test_DGMB","brutto",1,927
104,"test_DGMB","latte3.jpg",0,799
104,"test_DGMB","male",1,4614
104,"test_DGMB","fond5.jpg",1,1593
104,"test_DGMB","paradiso",1,2508
104,"test_DGMB","latte2.jpg",1,1045
104,"test_DGMB","amore",1,988
104,"test_DGMB","latte5.jpg",1,2527
104,"test_DGMB","pace",1,1163
104,"test_DGMB","latte7.jpg",1,817
104,"test_DGMB","terribile",1,2090
104,"test_DGMB","latte4.jpg",1,985
104,"test_DGMB","fastidioso",1,733
104,"test_DGMB","latte3.jpg",1,646
104,"test_DGMB","disastro",1,869
104,"test_DGMB","latte2.jpg",1,1873
104,"test_DGMB","ridere",1,1643
104,"test_DGMB","latte1.jpg",1,992
104,"test_DGMB","cattivo",1,1164
104,"test_DGMB","latte6.jpg",1,1378
104,"test_DGMB","dolore",1,786
104,"test_DGMB","fond7.jpg",1,734
104,"test_DGMB","felicità",1,839
104,"test_DGMB","fond2.jpg",1,574
104,"test_DGMB","orribile",1,767
104,"test_DGMB","fond3.jpg",1,1296
104,"test_DGMB","brutto",1,729
104,"test_DGMB","fond4.jpg",0,1754
104,"test_DGMB","eccellente",1,4389
104,"test_DGMB","latte6.jpg",1,1011
104,"test_DGMB","amore",1,2084
104,"test_DGMB","fond7.jpg",1,1784
104,"test_DGMB","stupendo",1,1059
105,"practice_DGMB","stupendo",1,1614
105,"practice_DGMB","latte2.jpg",1,1129
105,"practice_DGMB","gioia",1,967
105,"practice_DGMB","latte6.jpg",1,992
105,"practice_DGMB","schifo",1,1364
105,"practice_DGMB","fond3.jpg",1,905
105,"practice_DGMB","dolore",1,893
105,"practice_DGMB","fond1.jpg",1,1166
105,"practice_DGMB","agonia",1,1140
105,"practice_DGMB","fond7.jpg",1,927
105,"practice_DGMB","pace",1,1478
105,"practice_DGMB","fond2.jpg",1,1403
105,"practice_DGMB","odio",1,697
105,"practice_DGMB","latte5.jpg",1,826
105,"practice_DGMB","fallimento",1,966
105,"practice_DGMB","fond4.jpg",1,959
105,"practice_DGMB","disastro",1,717
105,"practice_DGMB","latte3.jpg",1,788
105,"practice_DGMB","cattivo",1,944
105,"practice_DGMB","latte7.jpg",1,1283
105,"test_DGMB","latte4.jpg",1,1034
105,"test_DGMB","ridere",1,862
105,"test_DGMB","latte1.jpg",1,674
105,"test_DGMB","buono",1,670
105,"test_DGMB","fond5.jpg",1,714
105,"test_DGMB","paradiso",1,830
105,"test_DGMB","fond6.jpg",1,1010
105,"test_DGMB","gloria",1,707
105,"test_DGMB","latte5.jpg",1,599
105,"test_DGMB","nocivo",1,574
105,"test_DGMB","latte7.jpg",1,687
105,"test_DGMB","fastidioso",1,758
105,"test_DGMB","fond7.jpg",1,660
105,"test_DGMB","brutto",1,846
105,"test_DGMB","fond2.jpg",1,655
105,"test_DGMB","eccellente",1,744
105,"test_DGMB","latte6.jpg",1,564
105,"test_DGMB","bello",1,627
105,"test_DGMB","latte2.jpg",1,655
105,"test_DGMB","piacere",1,633
105,"test_DGMB","fond4.jpg",1,671
105,"test_DGMB","amore",1,628
105,"test_DGMB","fond6.jpg",1,520
105,"test_DGMB","felicità",1,943
105,"test_DGMB","fond3.jpg",1,858
105,"test_DGMB","meraviglioso",1,644
105,"test_DGMB","latte4.jpg",1,602
105,"test_DGMB","male",1,489
105,"test_DGMB","latte1.jpg",1,619
105,"test_DGMB","terribile",1,476
105,"test_DGMB","fond5.jpg",1,603
105,"test_DGMB","felicità",1,690
105,"test_DGMB","latte3.jpg",1,723
105,"test_DGMB","buono",1,666
105,"test_DGMB","fond1.jpg",1,1118
105,"test_DGMB","orribile",1,628
105,"test_DGMB","latte3.jpg",1,800
105,"test_DGMB","orribile",1,1087
105,"test_DGMB","fond3.jpg",0,760
105,"test_DGMB","brutto",1,2110
105,"practice_MGDB","male",1,623
105,"practice_MGDB","fond4.jpg",1,427
105,"practice_MGDB","disastro",1,504
105,"practice_MGDB","fond6.jpg",1,404
105,"practice_MGDB","cattivo",1,587
105,"practice_MGDB","fond2.jpg",1,463
105,"practice_MGDB","schifo",1,611
105,"practice_MGDB","fond7.jpg",1,685
105,"practice_MGDB","stupendo",1,500
105,"practice_MGDB","fond3.jpg",1,536
105,"practice_MGDB","brutto",1,570
105,"practice_MGDB","latte5.jpg",1,531
105,"practice_MGDB","dolore",1,1197
105,"practice_MGDB","fond1.jpg",1,819
105,"practice_MGDB","amore",1,588
105,"practice_MGDB","latte7.jpg",1,568
105,"practice_MGDB","felicità",1,599
105,"practice_MGDB","latte2.jpg",1,550
105,"practice_MGDB","terribile",1,874
105,"practice_MGDB","latte4.jpg",1,544
105,"test_MGDB","fond5.jpg",1,629
105,"test_MGDB","nocivo",1,617
105,"test_MGDB","fond3.jpg",1,565
105,"test_MGDB","gioia",1,533
105,"test_MGDB","latte3.jpg",1,542
105,"test_MGDB","piacere",1,610
105,"test_MGDB","latte6.jpg",1,524
105,"test_MGDB","bello",1,515
105,"test_MGDB","fond5.jpg",1,610
105,"test_MGDB","buono",1,859
105,"test_MGDB","latte1.jpg",1,639
105,"test_MGDB","gloria",1,702
105,"test_MGDB","fond6.jpg",1,578
105,"test_MGDB","fallimento",1,1291
105,"test_MGDB","latte2.jpg",1,652
105,"test_MGDB","odio",1,813
105,"test_MGDB","latte1.jpg",1,886
105,"test_MGDB","fastidioso",1,629
105,"test_MGDB","fond7.jpg",1,569
105,"test_MGDB","agonia",1,667
105,"test_MGDB","latte7.jpg",1,647
105,"test_MGDB","orribile",1,597
105,"test_MGDB","latte5.jpg",1,508
105,"test_MGDB","eccellente",1,601
105,"test_MGDB","fond1.jpg",1,599
105,"test_MGDB","meraviglioso",1,558
105,"test_MGDB","fond2.jpg",1,525
105,"test_MGDB","male",1,780
105,"test_MGDB","latte6.jpg",1,664
105,"test_MGDB","pace",1,1012
105,"test_MGDB","latte3.jpg",1,453
105,"test_MGDB","orribile",1,447
105,"test_MGDB","fond4.jpg",1,520
105,"test_MGDB","ridere",1,503
105,"test_MGDB","fond3.jpg",1,452
105,"test_MGDB","paradiso",1,533
105,"test_MGDB","latte4.jpg",1,575
105,"test_MGDB","buono",1,681
105,"test_MGDB","latte5.jpg",0,615
105,"test_MGDB","paradiso",1,1257
106,"practice_DGMB","amore",1,995
106,"practice_DGMB","latte5.jpg",1,1954
106,"practice_DGMB","gloria",1,1012
106,"practice_DGMB","latte7.jpg",1,925
106,"practice_DGMB","fastidioso",1,1387
106,"practice_DGMB","latte3.jpg",1,1846
106,"practice_DGMB","buono",1,811
106,"practice_DGMB","latte6.jpg",1,1124
106,"practice_DGMB","meraviglioso",1,1067
106,"practice_DGMB","fond7.jpg",1,638
106,"practice_DGMB","pace",1,637
106,"practice_DGMB","fond2.jpg",1,492
106,"practice_DGMB","felicità",1,533
106,"practice_DGMB","latte1.jpg",1,599
106,"practice_DGMB","eccellente",1,694
106,"practice_DGMB","latte2.jpg",1,1239
106,"practice_DGMB","disastro",1,1037
106,"practice_DGMB","latte4.jpg",1,683
106,"practice_DGMB","stupendo",1,522
106,"practice_DGMB","latte3.jpg",1,393
106,"test_DGMB","fond4.jpg",1,1274
106,"test_DGMB","male",1,1061
106,"test_DGMB","latte2.jpg",1,521
106,"test_DGMB","brutto",1,704
106,"test_DGMB","fond1.jpg",0,604
106,"test_DGMB","schifo",1,987
106,"test_DGMB","fond5.jpg",1,446
106,"test_DGMB","paradiso",1,2253
106,"test_DGMB","fond3.jpg",1,748
106,"test_DGMB","fallimento",1,800
106,"test_DGMB","fond6.jpg",1,775
106,"test_DGMB","nocivo",1,712
106,"test_DGMB","latte6.jpg",1,646
106,"test_DGMB","agonia",1,613
106,"test_DGMB","fond4.jpg",1,759
106,"test_DGMB","terribile",1,1269
106,"test_DGMB","fond5.jpg",1,832
106,"test_DGMB","gioia",1,1492
106,"test_DGMB","fond1.jpg",1,1013
106,"test_DGMB","orribile",1,805
106,"test_DGMB","fond6.jpg",1,823
106,"test_DGMB","dolore",1,818
106,"test_DGMB","fond2.jpg",1,854
106,"test_DGMB","cattivo",1,759
106,"test_DGMB","latte1.jpg",1,670
106,"test_DGMB","piacere",1,970
106,"test_DGMB","latte5.jpg",1,667
106,"test_DGMB","odio",0,495
106,"test_DGMB","fond3.jpg",1,1937
106,"test_DGMB","nocivo",1,984
106,"test_DGMB","latte7.jpg",1,748
106,"test_DGMB","ridere",1,592
106,"test_DGMB","fond7.jpg",0,814
106,"test_DGMB","bello",1,1472
106,"test_DGMB","fond5.jpg",1,778
106,"test_DGMB","terribile",1,948
106,"test_DGMB","latte4.jpg",1,623
106,"test_DGMB","bello",1,612
106,"test_DGMB","latte5.jpg",1,693
106,"test_DGMB","ridere",1,894
106,"practice_MGDB","dolore",1,1188
106,"practice_MGDB","latte3.jpg",1,1058
106,"practice_MGDB","nocivo",1,907
106,"practice_MGDB","fond3.jpg",1,903
106,"practice_MGDB","terribile",1,763
106,"practice_MGDB","latte5.jpg",1,817
106,"practice_MGDB","meraviglioso",1,978
106,"practice_MGDB","fond6.jpg",1,582
106,"practice_MGDB","stupendo",1,1207
106,"practice_MGDB","latte4.jpg",1,720
106,"practice_MGDB","odio",1,623
106,"practice_MGDB","fond5.jpg",1,634
106,"practice_MGDB","felicità",1,543
106,"practice_MGDB","fond1.jpg",1,867
106,"practice_MGDB","fallimento",0,775
106,"practice_MGDB","latte1.jpg",1,1584
106,"practice_MGDB","gioia",1,787
106,"practice_MGDB","fond7.jpg",1,726
106,"practice_MGDB","fastidioso",1,1133
106,"practice_MGDB","latte7.jpg",1,1950
106,"test_MGDB","latte6.jpg",1,912
106,"test_MGDB","brutto",0,764
106,"test_MGDB","latte2.jpg",1,1674
106,"test_MGDB","male",1,1013
106,"test_MGDB","latte1.jpg",1,790
106,"test_MGDB","buono",1,970
106,"test_MGDB","latte3.jpg",1,674
106,"test_MGDB","orribile",1,919
106,"test_MGDB","latte7.jpg",1,749
106,"test_MGDB","schifo",1,929
106,"test_MGDB","latte6.jpg",1,826
106,"test_MGDB","ridere",1,814
106,"test_MGDB","latte2.jpg",1,886
106,"test_MGDB","cattivo",1,741
106,"test_MGDB","latte5.jpg",1,1041
106,"test_MGDB","eccellente",1,983
106,"test_MGDB","fond4.jpg",1,555
106,"test_MGDB","piacere",1,727
106,"test_MGDB","fond2.jpg",1,952
106,"test_MGDB","disastro",1,628
106,"test_MGDB","latte4.jpg",1,616
106,"test_MGDB","pace",1,970
106,"test_MGDB","fond4.jpg",1,578
106,"test_MGDB","gloria",1,1524
106,"test_MGDB","fond3.jpg",1,585
106,"test_MGDB","agonia",1,878
106,"test_MGDB","latte5.jpg",1,572
106,"test_MGDB","agonia",1,654
106,"test_MGDB","fond2.jpg",1,871
106,"test_MGDB","bello",1,587
106,"test_MGDB","fond7.jpg",1,535
106,"test_MGDB","nocivo",1,737
106,"test_MGDB","fond5.jpg",1,530
106,"test_MGDB","amore",1,499
106,"test_MGDB","fond6.jpg",1,632
106,"test_MGDB","paradiso",1,716
106,"test_MGDB","fond1.jpg",1,531
106,"test_MGDB","pace",1,620
106,"test_MGDB","fond7.jpg",1,504
106,"test_MGDB","eccellente",1,1021
107,"practice_DGMB","pace",1,788
107,"practice_DGMB","latte3.jpg",1,722
107,"practice_DGMB","dolore",1,1321
107,"practice_DGMB","latte1.jpg",1,630
107,"practice_DGMB","paradiso",1,771
107,"practice_DGMB","fond5.jpg",1,652
107,"practice_DGMB","felicità",1,621
107,"practice_DGMB","latte7.jpg",1,681
107,"practice_DGMB","schifo",1,640
107,"practice_DGMB","latte2.jpg",1,695
107,"practice_DGMB","piacere",1,688
107,"practice_DGMB","fond7.jpg",1,682
107,"practice_DGMB","eccellente",1,752
107,"practice_DGMB","fond2.jpg",0,687
107,"practice_DGMB","terribile",1,1310
107,"practice_DGMB","fond1.jpg",1,665
107,"practice_DGMB","male",1,589
107,"practice_DGMB","fond4.jpg",1,793
107,"practice_DGMB","buono",1,661
107,"practice_DGMB","fond3.jpg",1,681
107,"test_DGMB","fond6.jpg",1,925
107,"test_DGMB","gioia",1,523
107,"test_DGMB","latte5.jpg",1,650
107,"test_DGMB","amore",1,540
107,"test_DGMB","latte6.jpg",1,672
107,"test_DGMB","orribile",1,604
107,"test_DGMB","fond2.jpg",1,549
107,"test_DGMB","bello",1,506
107,"test_DGMB","fond5.jpg",1,486
107,"test_DGMB","fallimento",1,469
107,"test_DGMB","latte4.jpg",1,521
107,"test_DGMB","nocivo",1,489
107,"test_DGMB","fond3.jpg",1,530
107,"test_DGMB","stupendo",1,740
107,"test_DGMB","latte2.jpg",1,464
107,"test_DGMB","ridere",1,804
107,"test_DGMB","latte6.jpg",1,514
107,"test_DGMB","fastidioso",1,511
107,"test_DGMB","fond4.jpg",1,542
107,"test_DGMB","gloria",1,527
107,"test_DGMB","latte4.jpg",1,593
107,"test_DGMB","agonia",1,749
107,"test_DGMB","latte5.jpg",1,521
107,"test_DGMB","brutto",1,600
107,"test_DGMB","fond6.jpg",1,583
107,"test_DGMB","cattivo",0,683
107,"test_DGMB","fond7.jpg",1,586
107,"test_DGMB","odio",1,558
107,"test_DGMB","fond1.jpg",1,613
107,"test_DGMB","disastro",1,767
107,"test_DGMB","latte7.jpg",1,664
107,"test_DGMB","brutto",1,620
107,"test_DGMB","latte1.jpg",1,480
107,"test_DGMB","meraviglioso",1,559
107,"test_DGMB","latte3.jpg",1,398
107,"test_DGMB","agonia",1,565
107,"test_DGMB","latte1.jpg",1,511
107,"test_DGMB","pace",1,787
107,"test_DGMB","fond3.jpg",1,671
107,"test_DGMB","paradiso",1,539
107,"practice_MGDB","cattivo",1,1042
107,"practice_MGDB","latte3.jpg",1,611
107,"practice_MGDB","gloria",1,445
107,"practice_MGDB","fond4.jpg",1,422
107,"practice_MGDB","eccellente",1,483
107,"practice_MGDB","latte5.jpg",1,450
107,"practice_MGDB","schifo",1,548
107,"practice_MGDB","fond3.jpg",1,456
107,"practice_MGDB","nocivo",1,609
107,"practice_MGDB","latte4.jpg",1,651
107,"practice_MGDB","paradiso",1,468
107,"practice_MGDB","fond6.jpg",1,473
107,"practice_MGDB","fallimento",1,621
107,"practice_MGDB","latte7.jpg",1,497
107,"practice_MGDB","terribile",1,547
107,"practice_MGDB","fond2.jpg",1,543
107,"practice_MGDB","ridere",1,811
107,"practice_MGDB","latte1.jpg",1,405
107,"practice_MGDB","amore",1,476
107,"practice_MGDB","latte2.jpg",1,427
107,"test_MGDB","latte6.jpg",1,517
107,"test_MGDB","bello",1,500
107,"test_MGDB","latte1.jpg",1,496
107,"test_MGDB","fastidioso",1,474
107,"test_MGDB","latte3.jpg",1,520
107,"test_MGDB","brutto",1,456
107,"test_MGDB","latte2.jpg",1,497
107,"test_MGDB","agonia",1,491
107,"test_MGDB","fond5.jpg",1,444
107,"test_MGDB","pace",1,476
107,"test_MGDB","fond7.jpg",1,539
107,"test_MGDB","piacere",1,580
107,"test_MGDB","latte4.jpg",1,560
107,"test_MGDB","odio",1,591
107,"test_MGDB","latte5.jpg",1,526
107,"test_MGDB","meraviglioso",1,509
107,"test_MGDB","fond1.jpg",1,521
107,"test_MGDB","disastro",1,480
107,"test_MGDB","fond1.jpg",1,439
107,"test_MGDB","stupendo",1,503
107,"test_MGDB","fond4.jpg",1,547
107,"test_MGDB","male",1,543
107,"test_MGDB","fond2.jpg",1,379
107,"test_MGDB","orribile",1,549
107,"test_MGDB","fond3.jpg",1,393
107,"test_MGDB","gioia",1,462
107,"test_MGDB","latte7.jpg",1,354
107,"test_MGDB","dolore",1,591
107,"test_MGDB","fond7.jpg",1,534
107,"test_MGDB","felicità",1,391
107,"test_MGDB","latte6.jpg",1,478
107,"test_MGDB","disastro",1,422
107,"test_MGDB","fond6.jpg",1,370
107,"test_MGDB","agonia",1,500
107,"test_MGDB","latte3.jpg",1,440
107,"test_MGDB","buono",1,383
107,"test_MGDB","fond5.jpg",1,380
107,"test_MGDB","meraviglioso",1,558
107,"test_MGDB","fond2.jpg",1,372
107,"test_MGDB","pace",1,422
108,"practice_DGMB","schifo",1,832
108,"practice_DGMB","latte4.jpg",1,1231
108,"practice_DGMB","buono",1,714
108,"practice_DGMB","latte5.jpg",1,561
108,"practice_DGMB","cattivo",1,944
108,"practice_DGMB","latte1.jpg",1,891
108,"practice_DGMB","terribile",1,629
108,"practice_DGMB","fond1.jpg",1,561
108,"practice_DGMB","brutto",1,776
108,"practice_DGMB","fond5.jpg",1,937
108,"practice_DGMB","eccellente",1,602
108,"practice_DGMB","fond7.jpg",1,416
108,"practice_DGMB","bello",1,530
108,"practice_DGMB","latte6.jpg",1,516
108,"practice_DGMB","amore",1,579
108,"practice_DGMB","fond3.jpg",1,1247
108,"practice_DGMB","stupendo",1,637
108,"practice_DGMB","fond2.jpg",1,684
108,"practice_DGMB","fastidioso",1,883
108,"practice_DGMB","latte3.jpg",1,441
108,"test_DGMB","fond4.jpg",1,1760
108,"test_DGMB","felicità",1,613
108,"test_DGMB","fond6.jpg",1,479
108,"test_DGMB","gloria",1,510
108,"test_DGMB","latte7.jpg",1,522
108,"test_DGMB","ridere",1,641
108,"test_DGMB","latte2.jpg",1,720
108,"test_DGMB","meraviglioso",1,567
108,"test_DGMB","fond6.jpg",0,584
108,"test_DGMB","agonia",1,996
108,"test_DGMB","fond4.jpg",0,490
108,"test_DGMB","disastro",1,1580
108,"test_DGMB","latte2.jpg",1,727
108,"test_DGMB","male",1,846
108,"test_DGMB","latte5.jpg",1,791
108,"test_DGMB","piacere",1,731
108,"test_DGMB","latte4.jpg",1,596
108,"test_DGMB","paradiso",1,635
108,"test_DGMB","fond3.jpg",1,625
108,"test_DGMB","gioia",1,574
108,"test_DGMB","latte7.jpg",1,527
108,"test_DGMB","fallimento",1,1270
108,"test_DGMB","fond7.jpg",1,953
108,"test_DGMB","pace",1,1165
108,"test_DGMB","latte1.jpg",1,1078
108,"test_DGMB","odio",1,1420
108,"test_DGMB","fond5.jpg",0,687
108,"test_DGMB","nocivo",1,805
108,"test_DGMB","latte3.jpg",1,1351
108,"test_DGMB","orribile",1,1578
108,"test_DGMB","fond2.jpg",1,881
108,"test_DGMB","dolore",1,1312
108,"test_DGMB","latte6.jpg",1,630
108,"test_DGMB","cattivo",1,722
108,"test_DGMB","fond1.jpg",1,672
108,"test_DGMB","gloria",1,613
108,"test_DGMB","latte2.jpg",1,566
108,"test_DGMB","ridere",1,781
108,"test_DGMB","fond1.jpg",1,745
108,"test_DGMB","disastro",1,773
108,"practice_MGDB","orribile",1,708
108,"practice_MGDB","fond6.jpg",1,427
108,"practice_MGDB","paradiso",1,607
108,"practice_MGDB","fond1.jpg",1,505
108,"practice_MGDB","fastidioso",1,773
108,"practice_MGDB","latte7.jpg",1,414
108,"practice_MGDB","cattivo",1,992
108,"practice_MGDB","fond5.jpg",1,1118
108,"practice_MGDB","terribile",1,1109
108,"practice_MGDB","fond3.jpg",1,400
108,"practice_MGDB","bello",1,551
108,"practice_MGDB","fond7.jpg",1,510
108,"practice_MGDB","ridere",1,514
108,"practice_MGDB","fond4.jpg",1,497
108,"practice_MGDB","disastro",1,923
108,"practice_MGDB","latte6.jpg",1,489
108,"practice_MGDB","odio",1,843
108,"practice_MGDB","fond2.jpg",1,625
108,"practice_MGDB","gioia",1,686
108,"practice_MGDB","fond5.jpg",1,527
108,"test_MGDB","latte3.jpg",1,1281
108,"test_MGDB","nocivo",1,1007
108,"test_MGDB","fond2.jpg",1,1056
108,"test_MGDB","buono",1,593
108,"test_MGDB","fond1.jpg",1,656
108,"test_MGDB","stupendo",1,1009
108,"test_MGDB","latte2.jpg",1,1194
108,"test_MGDB","agonia",0,1294
108,"test_MGDB","fond6.jpg",1,2174
108,"test_MGDB","pace",1,1069
108,"test_MGDB","fond7.jpg",1,1216
108,"test_MGDB","piacere",1,1145
108,"test_MGDB","latte5.jpg",1,508
108,"test_MGDB","male",1,632
108,"test_MGDB","fond3.jpg",1,495
108,"test_MGDB","schifo",1,681
108,"test_MGDB","latte1.jpg",1,568
108,"test_MGDB","fallimento",1,1143
108,"test_MGDB","latte4.jpg",1,594
108,"test_MGDB","brutto",1,686
108,"test_MGDB","fond4.jpg",1,535
108,"test_MGDB","meraviglioso",1,1161
108,"test_MGDB","latte3.jpg",1,791
108,"test_MGDB","eccellente",1,579
108,"test_MGDB","latte5.jpg",1,455
108,"test_MGDB","amore",1,569
108,"test_MGDB","latte2.jpg",1,618
108,"test_MGDB","gloria",1,740
108,"test_MGDB","fond5.jpg",1,592
108,"test_MGDB","felicità",1,572
108,"test_MGDB","latte6.jpg",1,886
108,"test_MGDB","bello",1,924
108,"test_MGDB","latte7.jpg",1,1098
108,"test_MGDB","dolore",1,547
108,"test_MGDB","latte1.jpg",1,623
108,"test_MGDB","fallimento",1,684
108,"test_MGDB","latte4.jpg",1,762
108,"test_MGDB","cattivo",1,705
108,"test_MGDB","latte2.jpg",1,533
108,"test_MGDB","gioia",1,1414
109,"practice_MGDB","dolore",1,685
109,"practice_MGDB","latte3.jpg",1,734
109,"practice_MGDB","gloria",1,1048
109,"practice_MGDB","fond5.jpg",1,1016
109,"practice_MGDB","stupendo",1,921
109,"practice_MGDB","latte4.jpg",1,960
109,"practice_MGDB","odio",1,886
109,"practice_MGDB","fond4.jpg",1,1487
109,"practice_MGDB","paradiso",1,717
109,"practice_MGDB","latte1.jpg",1,715
109,"practice_MGDB","cattivo",1,1135
109,"practice_MGDB","fond2.jpg",1,680
109,"practice_MGDB","male",1,1095
109,"practice_MGDB","latte6.jpg",1,519
109,"practice_MGDB","bello",1,630
109,"practice_MGDB","fond6.jpg",1,626
109,"practice_MGDB","felicità",1,1063
109,"practice_MGDB","fond7.jpg",1,874
109,"practice_MGDB","brutto",1,870
109,"practice_MGDB","fond3.jpg",1,682
109,"test_MGDB","latte5.jpg",1,714
109,"test_MGDB","gioia",1,718
109,"test_MGDB","fond1.jpg",1,852
109,"test_MGDB","meraviglioso",1,598
109,"test_MGDB","fond1.jpg",1,1300
109,"test_MGDB","agonia",1,1085
109,"test_MGDB","latte7.jpg",1,837
109,"test_MGDB","orribile",1,916
109,"test_MGDB","latte2.jpg",1,858
109,"test_MGDB","eccellente",1,772
109,"test_MGDB","latte4.jpg",1,469
109,"test_MGDB","pace",1,521
109,"test_MGDB","latte1.jpg",1,408
109,"test_MGDB","ridere",1,511
109,"test_MGDB","latte6.jpg",1,382
109,"test_MGDB","piacere",1,547
109,"test_MGDB","fond3.jpg",1,559
109,"test_MGDB","terribile",1,670
109,"test_MGDB","latte3.jpg",1,578
109,"test_MGDB","fastidioso",1,1092
109,"test_MGDB","fond7.jpg",0,1068
109,"test_MGDB","schifo",1,1696
109,"test_MGDB","fond2.jpg",1,791
109,"test_MGDB","fallimento",1,548
109,"test_MGDB","fond5.jpg",1,416
109,"test_MGDB","amore",1,530
109,"test_MGDB","fond6.jpg",1,563
109,"test_MGDB","disastro",1,1570
109,"test_MGDB","latte7.jpg",1,642
109,"test_MGDB","buono",1,1529
109,"test_MGDB","latte2.jpg",1,1361
109,"test_MGDB","nocivo",1,1111
109,"test_MGDB","latte5.jpg",1,610
109,"test_MGDB","nocivo",0,1395
109,"test_MGDB","latte3.jpg",1,1105
109,"test_MGDB","dolore",1,885
109,"test_MGDB","fond4.jpg",1,586
109,"test_MGDB","felicità",1,527
109,"test_MGDB","fond1.jpg",1,481
109,"test_MGDB","gloria",1,960
109,"practice_DGMB","ridere",1,938
109,"practice_DGMB","latte7.jpg",1,654
109,"practice_DGMB","felicità",1,1199
109,"practice_DGMB","latte6.jpg",1,1069
109,"practice_DGMB","fastidioso",1,1305
109,"practice_DGMB","latte1.jpg",1,988
109,"practice_DGMB","bello",1,1239
109,"practice_DGMB","latte2.jpg",1,965
109,"practice_DGMB","gioia",1,1387
109,"practice_DGMB","latte5.jpg",1,1006
109,"practice_DGMB","orribile",1,973
109,"practice_DGMB","latte3.jpg",1,966
109,"practice_DGMB","pace",1,836
109,"practice_DGMB","fond5.jpg",1,834
109,"practice_DGMB","nocivo",1,934
109,"practice_DGMB","fond7.jpg",0,783
109,"practice_DGMB","fallimento",1,2323
109,"practice_DGMB","fond4.jpg",1,1423
109,"practice_DGMB","piacere",1,1439
109,"practice_DGMB","fond3.jpg",1,1077
109,"test_DGMB","latte4.jpg",1,642
109,"test_DGMB","disastro",1,649
109,"test_DGMB","fond6.jpg",1,714
109,"test_DGMB","terribile",1,1158
109,"test_DGMB","fond2.jpg",1,1476
109,"test_DGMB","gloria",1,911
109,"test_DGMB","fond1.jpg",1,891
109,"test_DGMB","brutto",1,684
109,"test_DGMB","fond7.jpg",1,1002
109,"test_DGMB","stupendo",1,1673
109,"test_DGMB","latte1.jpg",1,510
109,"test_DGMB","dolore",1,834
109,"test_DGMB","latte5.jpg",1,1121
109,"test_DGMB","cattivo",1,1647
109,"test_DGMB","latte6.jpg",1,935
109,"test_DGMB","odio",1,824
109,"test_DGMB","latte2.jpg",1,659
109,"test_DGMB","buono",1,965
109,"test_DGMB","latte7.jpg",1,1790
109,"test_DGMB","paradiso",1,888
109,"test_DGMB","latte4.jpg",0,873
109,"test_DGMB","amore",1,2405
109,"test_DGMB","fond1.jpg",0,793
109,"test_DGMB","agonia",1,1869
109,"test_DGMB","latte3.jpg",1,1503
109,"test_DGMB","meraviglioso",1,1911
109,"test_DGMB","fond5.jpg",1,761
109,"test_DGMB","male",1,936
109,"test_DGMB","fond6.jpg",1,857
109,"test_DGMB","eccellente",1,1290
109,"test_DGMB","fond3.jpg",1,1307
109,"test_DGMB","piacere",1,1294
109,"test_DGMB","fond2.jpg",1,646
109,"test_DGMB","schifo",1,733
109,"test_DGMB","fond4.jpg",1,782
109,"test_DGMB","felicità",1,1311
109,"test_DGMB","latte3.jpg",1,818
109,"test_DGMB","terribile",1,1060
109,"test_DGMB","fond3.jpg",1,1447
109,"test_DGMB","nocivo",1,1397
110,"practice_MGDB","terribile",1,975
110,"practice_MGDB","latte1.jpg",1,746
110,"practice_MGDB","odio",1,806
110,"practice_MGDB","latte3.jpg",1,583
110,"practice_MGDB","agonia",1,1676
110,"practice_MGDB","latte2.jpg",1,513
110,"practice_MGDB","paradiso",1,1189
110,"practice_MGDB","latte5.jpg",1,441
110,"practice_MGDB","pace",1,519
110,"practice_MGDB","latte6.jpg",1,406
110,"practice_MGDB","amore",1,718
110,"practice_MGDB","latte7.jpg",1,804
110,"practice_MGDB","piacere",1,603
110,"practice_MGDB","fond4.jpg",1,689
110,"practice_MGDB","felicità",1,683
110,"practice_MGDB","fond6.jpg",1,601
110,"practice_MGDB","dolore",1,617
110,"practice_MGDB","latte4.jpg",1,714
110,"practice_MGDB","nocivo",1,734
110,"practice_MGDB","fond2.jpg",1,447
110,"test_MGDB","fond1.jpg",1,826
110,"test_MGDB","meraviglioso",1,1494
110,"test_MGDB","latte7.jpg",1,526
110,"test_MGDB","disastro",1,573
110,"test_MGDB","fond5.jpg",1,566
110,"test_MGDB","male",1,469
110,"test_MGDB","latte6.jpg",1,554
110,"test_MGDB","gioia",1,1102
110,"test_MGDB","latte2.jpg",1,953
110,"test_MGDB","orribile",1,1013
110,"test_MGDB","fond3.jpg",1,438
110,"test_MGDB","bello",1,1109
110,"test_MGDB","fond7.jpg",1,552
110,"test_MGDB","fallimento",1,1069
110,"test_MGDB","latte1.jpg",1,600
110,"test_MGDB","gloria",1,751
110,"test_MGDB","fond6.jpg",1,522
110,"test_MGDB","ridere",1,634
110,"test_MGDB","latte3.jpg",1,825
110,"test_MGDB","fastidioso",1,1332
110,"test_MGDB","fond7.jpg",1,429
110,"test_MGDB","stupendo",1,481
110,"test_MGDB","fond4.jpg",1,448
110,"test_MGDB","cattivo",1,1175
110,"test_MGDB","fond5.jpg",1,1096
110,"test_MGDB","buono",1,545
110,"test_MGDB","fond1.jpg",1,485
110,"test_MGDB","brutto",1,708
110,"test_MGDB","latte5.jpg",1,552
110,"test_MGDB","schifo",1,596
110,"test_MGDB","fond3.jpg",1,435
110,"test_MGDB","eccellente",1,495
110,"test_MGDB","fond2.jpg",1,449
110,"test_MGDB","odio",1,771
110,"test_MGDB","fond7.jpg",1,447
110,"test_MGDB","orribile",1,438
110,"test_MGDB","latte4.jpg",1,485
110,"test_MGDB","paradiso",1,876
110,"test_MGDB","latte3.jpg",1,498
110,"test_MGDB","buono",1,572
110,"practice_DGMB","stupendo",1,1427
110,"practice_DGMB","fond2.jpg",1,681
110,"practice_DGMB","fastidioso",1,696
110,"practice_DGMB","latte1.jpg",1,425
110,"practice_DGMB","terribile",1,2366
110,"practice_DGMB","fond6.jpg",1,890
110,"practice_DGMB","fallimento",1,1235
110,"practice_DGMB","fond3.jpg",1,753
110,"practice_DGMB","ridere",1,893
110,"practice_DGMB","fond7.jpg",1,734
110,"practice_DGMB","male",1,871
110,"practice_DGMB","latte4.jpg",1,510
110,"practice_DGMB","bello",1,594
110,"practice_DGMB","latte2.jpg",1,801
110,"practice_DGMB","paradiso",1,743
110,"practice_DGMB","fond1.jpg",1,1259
110,"practice_DGMB","disastro",1,868
110,"practice_DGMB","latte3.jpg",1,1279
110,"practice_DGMB","nocivo",1,701
110,"practice_DGMB","latte5.jpg",1,401
110,"test_DGMB","fond4.jpg",1,1211
110,"test_DGMB","cattivo",1,1052
110,"test_DGMB","latte6.jpg",1,1213
110,"test_DGMB","schifo",1,717
110,"test_DGMB","fond5.jpg",1,1052
110,"test_DGMB","amore",1,813
110,"test_DGMB","fond4.jpg",0,1166
110,"test_DGMB","pace",1,660
110,"test_DGMB","latte7.jpg",1,760
110,"test_DGMB","odio",1,1383
110,"test_DGMB","latte3.jpg",1,689
110,"test_DGMB","meraviglioso",1,827
110,"test_DGMB","fond5.jpg",1,1231
110,"test_DGMB","gloria",1,1082
110,"test_DGMB","latte2.jpg",1,1312
110,"test_DGMB","gioia",0,835
110,"test_DGMB","latte4.jpg",1,1610
110,"test_DGMB","eccellente",1,1111
110,"test_DGMB","fond1.jpg",0,674
110,"test_DGMB","piacere",1,1262
110,"test_DGMB","latte1.jpg",1,2633
110,"test_DGMB","buono",1,731
110,"test_DGMB","fond6.jpg",1,820
110,"test_DGMB","felicità",1,1181
110,"test_DGMB","latte7.jpg",1,768
110,"test_DGMB","orribile",1,1031
110,"test_DGMB","latte6.jpg",1,1093
110,"test_DGMB","brutto",1,966
110,"test_DGMB","fond3.jpg",1,903
110,"test_DGMB","ridere",1,867
110,"test_DGMB","latte5.jpg",1,1398
110,"test_DGMB","dolore",1,1252
110,"test_DGMB","fond2.jpg",1,1044
110,"test_DGMB","agonia",1,619
110,"test_DGMB","fond7.jpg",1,655
110,"test_DGMB","terribile",1,592
110,"test_DGMB","latte7.jpg",1,719
110,"test_DGMB","brutto",1,918
110,"test_DGMB","fond7.jpg",1,668
110,"test_DGMB","paradiso",1,656
111,"practice_MGDB","orribile",1,935
111,"practice_MGDB","fond4.jpg",1,1163
111,"practice_MGDB","terribile",1,761
111,"practice_MGDB","fond5.jpg",1,760
111,"practice_MGDB","brutto",1,734
111,"practice_MGDB","fond2.jpg",1,903
111,"practice_MGDB","bello",1,835
111,"practice_MGDB","fond7.jpg",1,650
111,"practice_MGDB","schifo",1,755
111,"practice_MGDB","fond1.jpg",1,746
111,"practice_MGDB","agonia",1,701
111,"practice_MGDB","latte2.jpg",1,666
111,"practice_MGDB","ridere",1,638
111,"practice_MGDB","latte5.jpg",1,620
111,"practice_MGDB","buono",1,606
111,"practice_MGDB","latte4.jpg",1,671
111,"practice_MGDB","dolore",1,668
111,"practice_MGDB","fond3.jpg",1,656
111,"practice_MGDB","meraviglioso",1,633
111,"practice_MGDB","fond6.jpg",1,616
111,"test_MGDB","latte7.jpg",1,727
111,"test_MGDB","paradiso",1,646
111,"test_MGDB","latte6.jpg",1,559
111,"test_MGDB","felicità",1,630
111,"test_MGDB","fond5.jpg",1,570
111,"test_MGDB","cattivo",1,508
111,"test_MGDB","latte1.jpg",1,584
111,"test_MGDB","fallimento",1,773
111,"test_MGDB","latte3.jpg",1,614
111,"test_MGDB","nocivo",1,567
111,"test_MGDB","latte6.jpg",1,617
111,"test_MGDB","disastro",1,594
111,"test_MGDB","fond7.jpg",1,553
111,"test_MGDB","gioia",1,598
111,"test_MGDB","fond1.jpg",1,628
111,"test_MGDB","pace",1,544
111,"test_MGDB","fond6.jpg",1,525
111,"test_MGDB","piacere",1,636
111,"test_MGDB","fond3.jpg",1,634
111,"test_MGDB","amore",1,583
111,"test_MGDB","latte5.jpg",1,563
111,"test_MGDB","fastidioso",1,762
111,"test_MGDB","latte2.jpg",1,632
111,"test_MGDB","odio",1,732
111,"test_MGDB","fond2.jpg",1,494
111,"test_MGDB","male",1,487
111,"test_MGDB","latte4.jpg",1,561
111,"test_MGDB","eccellente",1,872
111,"test_MGDB","fond4.jpg",1,494
111,"test_MGDB","odio",1,600
111,"test_MGDB","fond2.jpg",1,431
111,"test_MGDB","stupendo",1,627
111,"test_MGDB","latte3.jpg",1,1503
111,"test_MGDB","cattivo",1,591
111,"test_MGDB","latte1.jpg",1,726
111,"test_MGDB","gloria",1,573
111,"test_MGDB","latte7.jpg",1,911
111,"test_MGDB","pace",1,1130
111,"test_MGDB","latte4.jpg",1,491
111,"test_MGDB","meraviglioso",1,493
111,"practice_DGMB","stupendo",1,2754
111,"practice_DGMB","latte5.jpg",1,2318
111,"practice_DGMB","agonia",1,3330
111,"practice_DGMB","fond7.jpg",1,1248
111,"practice_DGMB","ridere",1,2078
111,"practice_DGMB","latte7.jpg",1,2394
111,"practice_DGMB","nocivo",1,1652
111,"practice_DGMB","fond5.jpg",1,1251
111,"practice_DGMB","cattivo",1,1332
111,"practice_DGMB","latte3.jpg",1,1452
111,"practice_DGMB","gloria",1,909
111,"practice_DGMB","latte4.jpg",1,1064
111,"practice_DGMB","dolore",1,1028
111,"practice_DGMB","latte6.jpg",1,879
111,"practice_DGMB","brutto",1,1070
111,"practice_DGMB","fond2.jpg",1,857
111,"practice_DGMB","male",1,818
111,"practice_DGMB","latte1.jpg",0,1166
111,"practice_DGMB","pace",1,676
111,"practice_DGMB","fond1.jpg",1,2683
111,"test_DGMB","latte2.jpg",1,923
111,"test_DGMB","fallimento",1,754
111,"test_DGMB","fond3.jpg",1,809
111,"test_DGMB","disastro",1,879
111,"test_DGMB","latte7.jpg",1,958
111,"test_DGMB","paradiso",1,780
111,"test_DGMB","fond4.jpg",1,960
111,"test_DGMB","odio",1,886
111,"test_DGMB","latte2.jpg",1,751
111,"test_DGMB","buono",1,771
111,"test_DGMB","fond6.jpg",1,1276
111,"test_DGMB","piacere",1,759
111,"test_DGMB","fond3.jpg",1,1022
111,"test_DGMB","terribile",1,1687
111,"test_DGMB","fond7.jpg",1,991
111,"test_DGMB","eccellente",1,794
111,"test_DGMB","fond4.jpg",1,769
111,"test_DGMB","fastidioso",1,743
111,"test_DGMB","fond5.jpg",1,819
111,"test_DGMB","schifo",1,1197
111,"test_DGMB","fond1.jpg",1,970
111,"test_DGMB","orribile",1,715
111,"test_DGMB","latte5.jpg",0,1202
111,"test_DGMB","amore",1,1352
111,"test_DGMB","fond2.jpg",1,2070
111,"test_DGMB","bello",1,608
111,"test_DGMB","latte3.jpg",1,761
111,"test_DGMB","terribile",1,832
111,"test_DGMB","fond6.jpg",1,838
111,"test_DGMB","meraviglioso",1,1165
111,"test_DGMB","latte1.jpg",1,1106
111,"test_DGMB","gioia",1,1062
111,"test_DGMB","latte4.jpg",1,769
111,"test_DGMB","nocivo",1,1011
111,"test_DGMB","latte6.jpg",1,708
111,"test_DGMB","felicità",1,608
111,"test_DGMB","latte7.jpg",1,897
111,"test_DGMB","stupendo",1,778
111,"test_DGMB","fond1.jpg",1,1190
111,"test_DGMB","bello",1,529
112,"practice_MGDB","eccellente",1,647
112,"practice_MGDB","latte4.jpg",1,664
112,"practice_MGDB","fallimento",1,685
112,"practice_MGDB","latte5.jpg",1,630
112,"practice_MGDB","paradiso",1,698
112,"practice_MGDB","fond1.jpg",1,982
112,"practice_MGDB","dolore",1,927
112,"practice_MGDB","latte3.jpg",1,656
112,"practice_MGDB","fastidioso",1,745
112,"practice_MGDB","fond3.jpg",1,1405
112,"practice_MGDB","odio",1,795
112,"practice_MGDB","fond4.jpg",1,569
112,"practice_MGDB","nocivo",1,803
112,"practice_MGDB","fond2.jpg",1,674
112,"practice_MGDB","amore",1,630
112,"practice_MGDB","latte2.jpg",1,562
112,"practice_MGDB","meraviglioso",1,649
112,"practice_MGDB","latte1.jpg",1,738
112,"practice_MGDB","brutto",1,636
112,"practice_MGDB","latte6.jpg",1,634
112,"test_MGDB","latte7.jpg",1,593
112,"test_MGDB","bello",1,621
112,"test_MGDB","fond7.jpg",1,801
112,"test_MGDB","terribile",1,768
112,"test_MGDB","fond6.jpg",1,489
112,"test_MGDB","agonia",1,587
112,"test_MGDB","latte3.jpg",1,735
112,"test_MGDB","gloria",1,641
112,"test_MGDB","fond5.jpg",1,543
112,"test_MGDB","disastro",1,651
112,"test_MGDB","fond4.jpg",0,773
112,"test_MGDB","gioia",1,1230
112,"test_MGDB","fond1.jpg",1,481
112,"test_MGDB","ridere",1,705
112,"test_MGDB","latte5.jpg",1,644
112,"test_MGDB","felicità",1,947
112,"test_MGDB","latte1.jpg",1,807
112,"test_MGDB","male",1,805
112,"test_MGDB","fond7.jpg",1,575
112,"test_MGDB","orribile",1,832
112,"test_MGDB","latte4.jpg",1,606
112,"test_MGDB","piacere",1,685
112,"test_MGDB","latte7.jpg",1,695
112,"test_MGDB","stupendo",1,808
112,"test_MGDB","latte2.jpg",1,530
112,"test_MGDB","schifo",1,579
112,"test_MGDB","fond5.jpg",1,495
112,"test_MGDB","pace",1,753
112,"test_MGDB","fond3.jpg",1,1791
112,"test_MGDB","cattivo",1,563
112,"test_MGDB","latte6.jpg",1,640
112,"test_MGDB","cattivo",1,776
112,"test_MGDB","fond6.jpg",1,961
112,"test_MGDB","buono",1,591
112,"test_MGDB","latte7.jpg",1,478
112,"test_MGDB","piacere",1,608
112,"test_MGDB","fond2.jpg",1,1625
112,"test_MGDB","dolore",1,668
112,"test_MGDB","fond4.jpg",1,639
112,"test_MGDB","meraviglioso",1,606
112,"practice_DGMB","paradiso",1,770
112,"practice_DGMB","fond5.jpg",1,971
112,"practice_DGMB","dolore",1,652
112,"practice_DGMB","latte4.jpg",1,485
112,"practice_DGMB","male",1,964
112,"practice_DGMB","latte1.jpg",1,602
112,"practice_DGMB","nocivo",1,593
112,"practice_DGMB","latte7.jpg",1,480
112,"practice_DGMB","cattivo",1,767
112,"practice_DGMB","fond3.jpg",0,512
112,"practice_DGMB","piacere",1,2357
112,"practice_DGMB","fond4.jpg",1,625
112,"practice_DGMB","brutto",1,1117
112,"practice_DGMB","latte2.jpg",1,907
112,"practice_DGMB","orribile",1,711
112,"practice_DGMB","latte6.jpg",1,549
112,"practice_DGMB","pace",1,642
112,"practice_DGMB","fond6.jpg",1,929
112,"practice_DGMB","ridere",1,735
112,"practice_DGMB","latte5.jpg",1,576
112,"test_DGMB","fond7.jpg",1,938
112,"test_DGMB","felicità",1,715
112,"test_DGMB","latte3.jpg",1,497
112,"test_DGMB","eccellente",1,627
112,"test_DGMB","fond1.jpg",1,663
112,"test_DGMB","agonia",1,667
112,"test_DGMB","latte1.jpg",1,455
112,"test_DGMB","gioia",1,513
112,"test_DGMB","fond2.jpg",1,2128
112,"test_DGMB","disastro",1,629
112,"test_DGMB","fond7.jpg",1,649
112,"test_DGMB","schifo",1,671
112,"test_DGMB","fond6.jpg",1,606
112,"test_DGMB","fastidioso",1,741
112,"test_DGMB","latte6.jpg",1,897
112,"test_DGMB","meraviglioso",1,986
112,"test_DGMB","fond3.jpg",1,501
112,"test_DGMB","fallimento",1,735
112,"test_DGMB","latte3.jpg",1,488
112,"test_DGMB","terribile",1,599
112,"test_DGMB","latte4.jpg",1,622
112,"test_DGMB","odio",1,874
112,"test_DGMB","latte5.jpg",1,497
112,"test_DGMB","amore",1,618
112,"test_DGMB","fond5.jpg",1,951
112,"test_DGMB","buono",1,762
112,"test_DGMB","latte2.jpg",1,561
112,"test_DGMB","fastidioso",1,1080
112,"test_DGMB","fond1.jpg",1,1126
112,"test_DGMB","bello",1,668
112,"test_DGMB","fond2.jpg",1,432
112,"test_DGMB","gloria",1,437
112,"test_DGMB","fond4.jpg",1,483
112,"test_DGMB","stupendo",1,531
112,"test_DGMB","latte7.jpg",1,700
112,"test_DGMB","dolore",1,766
112,"test_DGMB","latte5.jpg",1,495
112,"test_DGMB","paradiso",1,689
112,"test_DGMB","fond6.jpg",1,650
112,"test_DGMB","stupendo",1,1707
113,"practice_DGMB","paradiso",1,1503
113,"practice_DGMB","fond7.jpg",1,881
113,"practice_DGMB","bello",1,776
113,"practice_DGMB","latte2.jpg",1,849
113,"practice_DGMB","amore",1,1455
113,"practice_DGMB","latte5.jpg",1,1391
113,"practice_DGMB","stupendo",1,1011
113,"practice_DGMB","latte4.jpg",1,1155
113,"practice_DGMB","fallimento",1,807
113,"practice_DGMB","latte7.jpg",0,912
113,"practice_DGMB","schifo",1,908
113,"practice_DGMB","fond5.jpg",0,639
113,"practice_DGMB","male",1,5862
113,"practice_DGMB","fond4.jpg",1,888
113,"practice_DGMB","orribile",1,1230
113,"practice_DGMB","latte3.jpg",1,705
113,"practice_DGMB","cattivo",1,813
113,"practice_DGMB","fond2.jpg",1,798
113,"practice_DGMB","brutto",1,1429
113,"practice_DGMB","latte1.jpg",0,1328
113,"test_DGMB","latte6.jpg",0,3273
113,"test_DGMB","disastro",1,1122
113,"test_DGMB","fond1.jpg",0,864
113,"test_DGMB","fastidioso",1,3852
113,"test_DGMB","fond3.jpg",0,3008
113,"test_DGMB","meraviglioso",1,1907
113,"test_DGMB","latte1.jpg",1,773
113,"test_DGMB","felicità",1,1335
113,"test_DGMB","latte4.jpg",1,1863
113,"test_DGMB","piacere",1,1783
113,"test_DGMB","fond6.jpg",0,553
113,"test_DGMB","agonia",1,2509
113,"test_DGMB","fond5.jpg",1,974
113,"test_DGMB","buono",1,2592
113,"test_DGMB","fond7.jpg",1,897
113,"test_DGMB","nocivo",1,834
113,"test_DGMB","fond3.jpg",1,904
113,"test_DGMB","pace",1,1084
113,"test_DGMB","latte6.jpg",1,810
113,"test_DGMB","odio",1,2523
113,"test_DGMB","fond1.jpg",1,943
113,"test_DGMB","terribile",1,699
113,"test_DGMB","fond2.jpg",1,655
113,"test_DGMB","dolore",1,1376
113,"test_DGMB","fond4.jpg",1,872
113,"test_DGMB","cattivo",1,964
113,"test_DGMB","latte3.jpg",0,986
113,"test_DGMB","ridere",1,4094
113,"test_DGMB","fond6.jpg",0,714
113,"test_DGMB","gioia",1,1062
113,"test_DGMB","latte7.jpg",1,1258
113,"test_DGMB","gloria",1,1458
113,"test_DGMB","fond5.jpg",0,634
113,"test_DGMB","eccellente",1,2566
113,"test_DGMB","latte5.jpg",1,674
113,"test_DGMB","paradiso",1,671
113,"test_DGMB","latte2.jpg",1,1658
113,"test_DGMB","gloria",1,1091
113,"test_DGMB","latte6.jpg",1,611
113,"test_DGMB","dolore",1,2157
113,"practice_MGDB","cattivo",1,1480
113,"practice_MGDB","latte5.jpg",1,1061
113,"practice_MGDB","gioia",1,838
113,"practice_MGDB","latte6.jpg",1,724
113,"practice_MGDB","buono",1,1251
113,"practice_MGDB","fond7.jpg",1,676
113,"practice_MGDB","piacere",1,754
113,"practice_MGDB","fond1.jpg",1,745
113,"practice_MGDB","paradiso",1,1893
113,"practice_MGDB","latte4.jpg",1,668
113,"practice_MGDB","disastro",1,968
113,"practice_MGDB","fond3.jpg",1,609
113,"practice_MGDB","nocivo",1,883
113,"practice_MGDB","fond6.jpg",1,473
113,"practice_MGDB","fallimento",1,662
113,"practice_MGDB","fond5.jpg",1,626
113,"practice_MGDB","pace",1,582
113,"practice_MGDB","latte2.jpg",1,482
113,"practice_MGDB","amore",1,649
113,"practice_MGDB","fond2.jpg",1,459
113,"test_MGDB","latte7.jpg",1,2304
113,"test_MGDB","orribile",1,663
113,"test_MGDB","latte1.jpg",1,611
113,"test_MGDB","male",1,885
113,"test_MGDB","latte3.jpg",0,494
113,"test_MGDB","bello",1,1712
113,"test_MGDB","latte3.jpg",1,906
113,"test_MGDB","schifo",1,710
113,"test_MGDB","latte4.jpg",1,490
113,"test_MGDB","eccellente",1,691
113,"test_MGDB","latte7.jpg",0,1381
113,"test_MGDB","dolore",0,485
113,"test_MGDB","fond4.jpg",1,1407
113,"test_MGDB","gloria",1,1012
113,"test_MGDB","latte5.jpg",1,597
113,"test_MGDB","stupendo",1,956
113,"test_MGDB","fond1.jpg",1,506
113,"test_MGDB","fastidioso",0,519
113,"test_MGDB","fond2.jpg",1,1150
113,"test_MGDB","meraviglioso",1,1113
113,"test_MGDB","fond6.jpg",1,519
113,"test_MGDB","brutto",1,662
113,"test_MGDB","latte1.jpg",1,482
113,"test_MGDB","agonia",1,681
113,"test_MGDB","latte6.jpg",1,584
113,"test_MGDB","felicità",1,772
113,"test_MGDB","fond7.jpg",1,565
113,"test_MGDB","ridere",1,1132
113,"test_MGDB","fond4.jpg",1,509
113,"test_MGDB","pace",1,305
113,"test_MGDB","latte2.jpg",0,550
113,"test_MGDB","terribile",1,1730
113,"test_MGDB","fond5.jpg",0,498
113,"test_MGDB","odio",1,1540
113,"test_MGDB","latte7.jpg",1,1414
113,"test_MGDB","eccellente",1,1110
113,"test_MGDB","fond3.jpg",1,498
113,"test_MGDB","nocivo",1,540
113,"test_MGDB","fond4.jpg",1,424
113,"test_MGDB","terribile",1,580
114,"practice_DGMB","agonia",1,766
114,"practice_DGMB","fond2.jpg",1,1183
114,"practice_DGMB","ridere",1,778
114,"practice_DGMB","latte3.jpg",1,702
114,"practice_DGMB","paradiso",1,799
114,"practice_DGMB","latte4.jpg",1,694
114,"practice_DGMB","disastro",1,656
114,"practice_DGMB","latte5.jpg",1,537
114,"practice_DGMB","dolore",1,515
114,"practice_DGMB","fond4.jpg",1,505
114,"practice_DGMB","cattivo",1,630
114,"practice_DGMB","latte7.jpg",0,546
114,"practice_DGMB","nocivo",1,1710
114,"practice_DGMB","latte2.jpg",1,1025
114,"practice_DGMB","pace",1,1532
114,"practice_DGMB","latte6.jpg",1,652
114,"practice_DGMB","buono",1,806
114,"practice_DGMB","fond3.jpg",1,743
114,"practice_DGMB","fastidioso",1,1451
114,"practice_DGMB","fond5.jpg",1,811
114,"test_DGMB","fond1.jpg",1,904
114,"test_DGMB","gloria",1,700
114,"test_DGMB","latte1.jpg",1,656
114,"test_DGMB","gioia",1,713
114,"test_DGMB","latte4.jpg",1,960
114,"test_DGMB","meraviglioso",1,742
114,"test_DGMB","latte7.jpg",1,858
114,"test_DGMB","schifo",1,587
114,"test_DGMB","latte2.jpg",1,639
114,"test_DGMB","stupendo",1,662
114,"test_DGMB","latte5.jpg",1,946
114,"test_DGMB","fallimento",1,1182
114,"test_DGMB","latte6.jpg",1,673
114,"test_DGMB","piacere",1,693
114,"test_DGMB","latte1.jpg",1,766
114,"test_DGMB","felicità",1,757
114,"test_DGMB","fond7.jpg",1,668
114,"test_DGMB","orribile",1,744
114,"test_DGMB","fond6.jpg",1,604
114,"test_DGMB","amore",1,699
114,"test_DGMB","fond7.jpg",1,623
114,"test_DGMB","bello",1,611
114,"test_DGMB","fond6.jpg",1,540
114,"test_DGMB","brutto",1,534
114,"test_DGMB","latte3.jpg",1,439
114,"test_DGMB","terribile",1,503
114,"test_DGMB","fond5.jpg",1,619
114,"test_DGMB","eccellente",1,652
114,"test_DGMB","fond1.jpg",1,534
114,"test_DGMB","paradiso",1,687
114,"test_DGMB","fond2.jpg",1,521
114,"test_DGMB","male",1,944
114,"test_DGMB","latte5.jpg",1,611
114,"test_DGMB","odio",1,741
114,"test_DGMB","fond3.jpg",1,849
114,"test_DGMB","meraviglioso",1,647
114,"test_DGMB","fond4.jpg",1,616
114,"test_DGMB","orribile",1,1034
114,"test_DGMB","fond6.jpg",1,568
114,"test_DGMB","dolore",1,847
114,"practice_MGDB","agonia",1,698
114,"practice_MGDB","latte5.jpg",1,646
114,"practice_MGDB","gloria",1,701
114,"practice_MGDB","fond2.jpg",1,553
114,"practice_MGDB","buono",1,853
114,"practice_MGDB","latte1.jpg",1,542
114,"practice_MGDB","gioia",1,871
114,"practice_MGDB","latte2.jpg",1,654
114,"practice_MGDB","piacere",1,719
114,"practice_MGDB","fond7.jpg",1,606
114,"practice_MGDB","meraviglioso",1,1141
114,"practice_MGDB","fond5.jpg",1,496
114,"practice_MGDB","dolore",1,490
114,"practice_MGDB","fond3.jpg",1,475
114,"practice_MGDB","nocivo",1,579
114,"practice_MGDB","latte6.jpg",1,479
114,"practice_MGDB","schifo",1,598
114,"practice_MGDB","latte4.jpg",1,597
114,"practice_MGDB","eccellente",1,612
114,"practice_MGDB","latte3.jpg",1,581
114,"test_MGDB","latte7.jpg",1,1517
114,"test_MGDB","amore",1,555
114,"test_MGDB","latte3.jpg",1,521
114,"test_MGDB","orribile",1,576
114,"test_MGDB","fond6.jpg",1,386
114,"test_MGDB","brutto",1,511
114,"test_MGDB","fond4.jpg",1,370
114,"test_MGDB","stupendo",1,541
114,"test_MGDB","fond1.jpg",1,529
114,"test_MGDB","felicità",1,547
114,"test_MGDB","latte4.jpg",1,591
114,"test_MGDB","ridere",1,595
114,"test_MGDB","latte2.jpg",1,498
114,"test_MGDB","pace",1,476
114,"test_MGDB","fond6.jpg",1,514
114,"test_MGDB","terribile",1,407
114,"test_MGDB","fond5.jpg",1,417
114,"test_MGDB","bello",1,507
114,"test_MGDB","fond4.jpg",1,567
114,"test_MGDB","odio",1,550
114,"test_MGDB","fond3.jpg",1,450
114,"test_MGDB","cattivo",1,596
114,"test_MGDB","fond1.jpg",1,466
114,"test_MGDB","fallimento",1,671
114,"test_MGDB","fond2.jpg",1,405
114,"test_MGDB","paradiso",1,629
114,"test_MGDB","fond7.jpg",1,545
114,"test_MGDB","fastidioso",1,549
114,"test_MGDB","latte7.jpg",1,505
114,"test_MGDB","eccellente",1,462
114,"test_MGDB","latte6.jpg",1,386
114,"test_MGDB","gloria",1,591
114,"test_MGDB","latte5.jpg",1,602
114,"test_MGDB","disastro",1,530
114,"test_MGDB","fond5.jpg",1,427
114,"test_MGDB","male",1,472
114,"test_MGDB","latte1.jpg",1,559
114,"test_MGDB","dolore",1,518
114,"test_MGDB","latte6.jpg",1,516
114,"test_MGDB","disastro",1,892
115,"practice_DGMB","ridere",1,661
115,"practice_DGMB","latte5.jpg",1,585
115,"practice_DGMB","terribile",1,990
115,"practice_DGMB","fond4.jpg",1,921
115,"practice_DGMB","dolore",1,808
115,"practice_DGMB","fond2.jpg",1,825
115,"practice_DGMB","disastro",1,693
115,"practice_DGMB","latte4.jpg",1,1326
115,"practice_DGMB","male",0,460
115,"practice_DGMB","fond6.jpg",1,768
115,"practice_DGMB","buono",1,719
115,"practice_DGMB","fond7.jpg",1,565
115,"practice_DGMB","pace",1,676
115,"practice_DGMB","fond5.jpg",1,603
115,"practice_DGMB","fallimento",1,690
115,"practice_DGMB","latte6.jpg",1,435
115,"practice_DGMB","brutto",0,495
115,"practice_DGMB","fond3.jpg",1,753
115,"practice_DGMB","orribile",0,725
115,"practice_DGMB","latte1.jpg",1,510
115,"test_DGMB","latte3.jpg",1,577
115,"test_DGMB","piacere",1,515
115,"test_DGMB","fond1.jpg",1,482
115,"test_DGMB","stupendo",1,585
115,"test_DGMB","latte7.jpg",1,573
115,"test_DGMB","schifo",1,543
115,"test_DGMB","latte2.jpg",1,427
115,"test_DGMB","felicità",1,487
115,"test_DGMB","fond1.jpg",1,385
115,"test_DGMB","nocivo",1,493
115,"test_DGMB","latte3.jpg",1,423
115,"test_DGMB","cattivo",1,788
115,"test_DGMB","fond5.jpg",1,463
115,"test_DGMB","meraviglioso",1,588
115,"test_DGMB","fond3.jpg",1,400
115,"test_DGMB","gloria",1,823
115,"test_DGMB","fond7.jpg",1,739
115,"test_DGMB","agonia",1,1756
115,"test_DGMB","latte2.jpg",1,521
115,"test_DGMB","odio",1,896
115,"test_DGMB","fond6.jpg",1,505
115,"test_DGMB","fastidioso",0,1062
115,"test_DGMB","latte5.jpg",1,569
115,"test_DGMB","amore",1,851
115,"test_DGMB","latte6.jpg",1,604
115,"test_DGMB","eccellente",1,947
115,"test_DGMB","fond4.jpg",1,854
115,"test_DGMB","paradiso",1,519
115,"test_DGMB","latte4.jpg",1,558
115,"test_DGMB","gioia",1,917
115,"test_DGMB","fond2.jpg",1,492
115,"test_DGMB","bello",1,613
115,"test_DGMB","latte7.jpg",1,527
115,"test_DGMB","odio",1,550
115,"test_DGMB","latte1.jpg",1,674
115,"test_DGMB","orribile",1,606
115,"test_DGMB","fond2.jpg",1,511
115,"test_DGMB","pace",1,500
115,"test_DGMB","latte1.jpg",1,600
115,"test_DGMB","stupendo",1,559
115,"practice_MGDB","disastro",1,1156
115,"practice_MGDB","fond7.jpg",1,778
115,"practice_MGDB","fastidioso",0,699
115,"practice_MGDB","latte4.jpg",1,511
115,"practice_MGDB","cattivo",1,611
115,"practice_MGDB","latte1.jpg",1,741
115,"practice_MGDB","dolore",1,806
115,"practice_MGDB","fond2.jpg",1,775
115,"practice_MGDB","nocivo",1,537
115,"practice_MGDB","fond4.jpg",1,434
115,"practice_MGDB","male",1,479
115,"practice_MGDB","fond5.jpg",1,438
115,"practice_MGDB","gloria",1,973
115,"practice_MGDB","fond3.jpg",1,582
115,"practice_MGDB","eccellente",1,583
115,"practice_MGDB","latte5.jpg",1,387
115,"practice_MGDB","bello",1,544
115,"practice_MGDB","latte3.jpg",1,396
115,"practice_MGDB","odio",1,563
115,"practice_MGDB","latte6.jpg",0,466
115,"test_MGDB","fond6.jpg",1,938
115,"test_MGDB","brutto",1,747
115,"test_MGDB","latte7.jpg",1,479
115,"test_MGDB","stupendo",1,582
115,"test_MGDB","latte2.jpg",1,426
115,"test_MGDB","buono",1,446
115,"test_MGDB","fond1.jpg",1,448
115,"test_MGDB","ridere",1,783
115,"test_MGDB","fond4.jpg",1,555
115,"test_MGDB","gioia",1,503
115,"test_MGDB","latte3.jpg",1,396
115,"test_MGDB","amore",1,803
115,"test_MGDB","latte2.jpg",1,641
115,"test_MGDB","meraviglioso",1,968
115,"test_MGDB","latte5.jpg",1,393
115,"test_MGDB","felicità",1,702
115,"test_MGDB","fond3.jpg",0,249
115,"test_MGDB","paradiso",1,684
115,"test_MGDB","fond1.jpg",1,466
115,"test_MGDB","fallimento",1,647
115,"test_MGDB","fond5.jpg",1,384
115,"test_MGDB","pace",1,581
115,"test_MGDB","latte6.jpg",1,369
115,"test_MGDB","schifo",1,619
115,"test_MGDB","latte7.jpg",0,391
115,"test_MGDB","agonia",1,1099
115,"test_MGDB","fond6.jpg",1,758
115,"test_MGDB","piacere",1,661
115,"test_MGDB","latte1.jpg",1,337
115,"test_MGDB","paradiso",1,507
115,"test_MGDB","fond7.jpg",1,440
115,"test_MGDB","terribile",1,783
115,"test_MGDB","fond2.jpg",1,394
115,"test_MGDB","stupendo",1,887
115,"test_MGDB","latte4.jpg",1,384
115,"test_MGDB","orribile",1,717
115,"test_MGDB","fond2.jpg",1,363
115,"test_MGDB","agonia",1,626
115,"test_MGDB","latte6.jpg",1,550
115,"test_MGDB","disastro",1,603
116,"practice_DGMB","bello",1,929
116,"practice_DGMB","fond5.jpg",1,1065
116,"practice_DGMB","disastro",1,565
116,"practice_DGMB","latte5.jpg",1,550
116,"practice_DGMB","orribile",1,1155
116,"practice_DGMB","latte4.jpg",1,1001
116,"practice_DGMB","piacere",1,1375
116,"practice_DGMB","fond4.jpg",1,479
116,"practice_DGMB","amore",1,518
116,"practice_DGMB","fond2.jpg",1,421
116,"practice_DGMB","gioia",1,527
116,"practice_DGMB","latte2.jpg",1,497
116,"practice_DGMB","fastidioso",1,570
116,"practice_DGMB","latte6.jpg",1,460
116,"practice_DGMB","nocivo",1,662
116,"practice_DGMB","fond6.jpg",1,554
116,"practice_DGMB","agonia",1,534
116,"practice_DGMB","fond1.jpg",1,496
116,"practice_DGMB","meraviglioso",1,1937
116,"practice_DGMB","latte1.jpg",1,825
116,"test_DGMB","latte3.jpg",1,1049
116,"test_DGMB","schifo",1,495
116,"test_DGMB","latte7.jpg",1,577
116,"test_DGMB","fallimento",1,554
116,"test_DGMB","latte6.jpg",1,393
116,"test_DGMB","male",1,702
116,"test_DGMB","fond3.jpg",1,761
116,"test_DGMB","ridere",0,960
116,"test_DGMB","fond7.jpg",1,1086
116,"test_DGMB","pace",1,533
116,"test_DGMB","fond6.jpg",1,526
116,"test_DGMB","buono",1,373
116,"test_DGMB","fond2.jpg",1,367
116,"test_DGMB","gloria",1,606
116,"test_DGMB","latte3.jpg",1,408
116,"test_DGMB","odio",1,535
116,"test_DGMB","latte2.jpg",1,408
116,"test_DGMB","paradiso",1,623
116,"test_DGMB","latte4.jpg",0,652
116,"test_DGMB","cattivo",1,1149
116,"test_DGMB","fond1.jpg",1,1888
116,"test_DGMB","terribile",1,605
116,"test_DGMB","latte7.jpg",1,807
116,"test_DGMB","dolore",1,501
116,"test_DGMB","fond5.jpg",1,546
116,"test_DGMB","felicità",1,478
116,"test_DGMB","fond7.jpg",1,405
116,"test_DGMB","brutto",1,636
116,"test_DGMB","latte1.jpg",0,635
116,"test_DGMB","eccellente",1,1183
116,"test_DGMB","fond4.jpg",0,1170
116,"test_DGMB","stupendo",1,2075
116,"test_DGMB","fond3.jpg",1,367
116,"test_DGMB","male",1,535
116,"test_DGMB","latte5.jpg",1,608
116,"test_DGMB","pace",1,543
116,"test_DGMB","latte6.jpg",1,1211
116,"test_DGMB","eccellente",1,524
116,"test_DGMB","fond5.jpg",1,482
116,"test_DGMB","dolore",1,522
116,"practice_MGDB","amore",1,1235
116,"practice_MGDB","fond6.jpg",1,1097
116,"practice_MGDB","paradiso",1,618
116,"practice_MGDB","latte3.jpg",1,1390
116,"practice_MGDB","agonia",1,1009
116,"practice_MGDB","fond3.jpg",1,810
116,"practice_MGDB","orribile",1,491
116,"practice_MGDB","latte7.jpg",1,509
116,"practice_MGDB","male",1,522
116,"practice_MGDB","fond4.jpg",1,440
116,"practice_MGDB","ridere",1,495
116,"practice_MGDB","fond5.jpg",1,633
116,"practice_MGDB","odio",1,1021
116,"practice_MGDB","fond7.jpg",1,385
116,"practice_MGDB","eccellente",1,1085
116,"practice_MGDB","fond1.jpg",1,1238
116,"practice_MGDB","felicità",1,1140
116,"practice_MGDB","fond2.jpg",1,1183
116,"practice_MGDB","disastro",1,555
116,"practice_MGDB","latte6.jpg",1,521
116,"test_MGDB","fond4.jpg",1,1631
116,"test_MGDB","schifo",1,554
116,"test_MGDB","fond6.jpg",1,472
116,"test_MGDB","fallimento",1,717
116,"test_MGDB","latte1.jpg",1,467
116,"test_MGDB","gloria",1,544
116,"test_MGDB","latte4.jpg",1,412
116,"test_MGDB","brutto",1,438
116,"test_MGDB","fond7.jpg",1,1037
116,"test_MGDB","dolore",1,2187
116,"test_MGDB","latte2.jpg",1,485
116,"test_MGDB","terribile",1,1124
116,"test_MGDB","latte5.jpg",1,586
116,"test_MGDB","pace",1,550
116,"test_MGDB","latte5.jpg",1,394
116,"test_MGDB","nocivo",1,551
116,"test_MGDB","fond5.jpg",1,646
116,"test_MGDB","gioia",1,573
116,"test_MGDB","latte2.jpg",1,646
116,"test_MGDB","buono",1,837
116,"test_MGDB","latte4.jpg",0,947
116,"test_MGDB","piacere",1,1135
116,"test_MGDB","fond3.jpg",1,768
116,"test_MGDB","cattivo",1,590
116,"test_MGDB","fond1.jpg",1,450
116,"test_MGDB","meraviglioso",1,980
116,"test_MGDB","latte3.jpg",1,2064
116,"test_MGDB","stupendo",1,711
116,"test_MGDB","fond2.jpg",1,534
116,"test_MGDB","fastidioso",1,671
116,"test_MGDB","latte1.jpg",1,518
116,"test_MGDB","bello",1,469
116,"test_MGDB","latte6.jpg",1,601
116,"test_MGDB","male",1,592
116,"test_MGDB","fond5.jpg",1,367
116,"test_MGDB","gioia",1,814
116,"test_MGDB","latte7.jpg",1,680
116,"test_MGDB","buono",1,502
116,"test_MGDB","latte1.jpg",1,442
116,"test_MGDB","odio",1,482
117,"practice_MGDB","fallimento",1,1010
117,"practice_MGDB","fond7.jpg",1,698
117,"practice_MGDB","orribile",1,700
117,"practice_MGDB","latte3.jpg",1,616
117,"practice_MGDB","terribile",1,1177
117,"practice_MGDB","latte2.jpg",1,618
117,"practice_MGDB","meraviglioso",1,931
117,"practice_MGDB","fond6.jpg",1,556
117,"practice_MGDB","gloria",1,1387
117,"practice_MGDB","latte5.jpg",1,630
117,"practice_MGDB","ridere",1,731
117,"practice_MGDB","fond4.jpg",1,548
117,"practice_MGDB","buono",1,864
117,"practice_MGDB","latte1.jpg",1,756
117,"practice_MGDB","schifo",1,1447
117,"practice_MGDB","latte7.jpg",1,640
117,"practice_MGDB","nocivo",1,735
117,"practice_MGDB","latte6.jpg",1,760
117,"practice_MGDB","disastro",1,735
117,"practice_MGDB","latte4.jpg",1,704
117,"test_MGDB","latte3.jpg",1,1712
117,"test_MGDB","agonia",1,723
117,"test_MGDB","fond1.jpg",1,1226
117,"test_MGDB","brutto",1,757
117,"test_MGDB","fond2.jpg",1,1124
117,"test_MGDB","cattivo",1,1058
117,"test_MGDB","fond3.jpg",1,786
117,"test_MGDB","dolore",1,822
117,"test_MGDB","latte6.jpg",1,722
117,"test_MGDB","amore",1,585
117,"test_MGDB","latte5.jpg",1,789
117,"test_MGDB","stupendo",1,889
117,"test_MGDB","fond5.jpg",1,810
117,"test_MGDB","fastidioso",1,1219
117,"test_MGDB","fond1.jpg",1,1350
117,"test_MGDB","felicità",1,897
117,"test_MGDB","latte1.jpg",1,1146
117,"test_MGDB","male",1,982
117,"test_MGDB","latte7.jpg",1,529
117,"test_MGDB","eccellente",1,643
117,"test_MGDB","fond2.jpg",1,618
117,"test_MGDB","bello",1,675
117,"test_MGDB","fond3.jpg",1,538
117,"test_MGDB","piacere",1,716
117,"test_MGDB","fond7.jpg",1,554
117,"test_MGDB","odio",1,638
117,"test_MGDB","fond4.jpg",1,789
117,"test_MGDB","terribile",1,1257
117,"test_MGDB","latte2.jpg",1,921
117,"test_MGDB","pace",1,560
117,"test_MGDB","latte4.jpg",1,535
117,"test_MGDB","gioia",1,624
117,"test_MGDB","fond5.jpg",1,652
117,"test_MGDB","paradiso",1,638
117,"test_MGDB","fond6.jpg",1,1013
117,"test_MGDB","buono",1,646
117,"test_MGDB","latte5.jpg",1,615
117,"test_MGDB","eccellente",1,689
117,"test_MGDB","fond5.jpg",1,602
117,"test_MGDB","schifo",1,657
117,"practice_DGMB","disastro",1,2020
117,"practice_DGMB","fond2.jpg",1,894
117,"practice_DGMB","nocivo",1,855
117,"practice_DGMB","fond6.jpg",1,1488
117,"practice_DGMB","fastidioso",1,1398
117,"practice_DGMB","latte2.jpg",1,771
117,"practice_DGMB","gloria",1,925
117,"practice_DGMB","fond1.jpg",1,1326
117,"practice_DGMB","bello",1,884
117,"practice_DGMB","latte1.jpg",1,898
117,"practice_DGMB","brutto",1,2051
117,"practice_DGMB","latte7.jpg",1,781
117,"practice_DGMB","fallimento",1,859
117,"practice_DGMB","latte3.jpg",1,599
117,"practice_DGMB","schifo",1,1406
117,"practice_DGMB","fond3.jpg",1,1574
117,"practice_DGMB","buono",1,1038
117,"practice_DGMB","fond7.jpg",1,692
117,"practice_DGMB","stupendo",1,3222
117,"practice_DGMB","fond5.jpg",1,694
117,"test_DGMB","fond4.jpg",1,2355
117,"test_DGMB","amore",1,1284
117,"test_DGMB","fond1.jpg",1,594
117,"test_DGMB","paradiso",1,1047
117,"test_DGMB","latte6.jpg",1,703
117,"test_DGMB","gioia",1,907
117,"test_DGMB","latte5.jpg",1,607
117,"test_DGMB","meraviglioso",1,966
117,"test_DGMB","fond6.jpg",1,663
117,"test_DGMB","odio",1,779
117,"test_DGMB","fond4.jpg",1,879
117,"test_DGMB","male",1,1253
117,"test_DGMB","latte4.jpg",1,1030
117,"test_DGMB","felicità",1,945
117,"test_DGMB","latte2.jpg",0,949
117,"test_DGMB","orribile",1,1160
117,"test_DGMB","fond2.jpg",1,814
117,"test_DGMB","cattivo",1,888
117,"test_DGMB","latte7.jpg",1,1641
117,"test_DGMB","piacere",1,798
117,"test_DGMB","latte1.jpg",1,844
117,"test_DGMB","agonia",1,1251
117,"test_DGMB","latte3.jpg",1,2091
117,"test_DGMB","pace",1,707
117,"test_DGMB","fond7.jpg",1,639
117,"test_DGMB","dolore",1,702
117,"test_DGMB","fond5.jpg",1,713
117,"test_DGMB","terribile",1,758
117,"test_DGMB","fond3.jpg",1,540
117,"test_DGMB","schifo",1,1126
117,"test_DGMB","fond1.jpg",1,1182
117,"test_DGMB","ridere",1,855
117,"test_DGMB","latte5.jpg",1,560
117,"test_DGMB","orribile",1,719
117,"test_DGMB","latte4.jpg",1,614
117,"test_DGMB","eccellente",1,839
117,"test_DGMB","latte6.jpg",1,1046
117,"test_DGMB","buono",1,996
117,"test_DGMB","latte5.jpg",1,858
117,"test_DGMB","piacere",1,851
118,"practice_MGDB","gloria",1,681
118,"practice_MGDB","fond2.jpg",1,682
118,"practice_MGDB","buono",1,737
118,"practice_MGDB","fond1.jpg",1,682
118,"practice_MGDB","eccellente",1,753
118,"practice_MGDB","fond5.jpg",1,623
118,"practice_MGDB","nocivo",1,619
118,"practice_MGDB","fond3.jpg",1,639
118,"practice_MGDB","stupendo",1,766
118,"practice_MGDB","latte7.jpg",1,583
118,"practice_MGDB","piacere",1,788
118,"practice_MGDB","fond4.jpg",0,704
118,"practice_MGDB","disastro",1,1124
118,"practice_MGDB","latte6.jpg",1,618
118,"practice_MGDB","pace",1,707
118,"practice_MGDB","fond6.jpg",1,751
118,"practice_MGDB","fallimento",1,1203
118,"practice_MGDB","fond7.jpg",1,569
118,"practice_MGDB","amore",1,587
118,"practice_MGDB","latte2.jpg",1,567
118,"test_MGDB","latte3.jpg",1,644
118,"test_MGDB","dolore",1,635
118,"test_MGDB","fond7.jpg",1,594
118,"test_MGDB","paradiso",1,598
118,"test_MGDB","fond4.jpg",0,701
118,"test_MGDB","schifo",1,942
118,"test_MGDB","fond5.jpg",1,634
118,"test_MGDB","orribile",1,830
118,"test_MGDB","latte1.jpg",1,626
118,"test_MGDB","odio",1,654
118,"test_MGDB","fond3.jpg",1,607
118,"test_MGDB","felicità",1,678
118,"test_MGDB","latte5.jpg",1,573
118,"test_MGDB","meraviglioso",1,646
118,"test_MGDB","latte4.jpg",1,552
118,"test_MGDB","agonia",1,700
118,"test_MGDB","latte1.jpg",1,624
118,"test_MGDB","terribile",1,620
118,"test_MGDB","latte2.jpg",1,616
118,"test_MGDB","bello",0,858
118,"test_MGDB","latte5.jpg",1,1334
118,"test_MGDB","ridere",1,1110
118,"test_MGDB","latte7.jpg",1,537
118,"test_MGDB","gioia",1,563
118,"test_MGDB","fond1.jpg",1,578
118,"test_MGDB","cattivo",1,683
118,"test_MGDB","fond2.jpg",1,514
118,"test_MGDB","brutto",1,574
118,"test_MGDB","latte3.jpg",1,656
118,"test_MGDB","male",1,561
118,"test_MGDB","latte4.jpg",1,560
118,"test_MGDB","gloria",1,583
118,"test_MGDB","fond6.jpg",1,539
118,"test_MGDB","fastidioso",0,637
118,"test_MGDB","latte6.jpg",1,1588
118,"test_MGDB","pace",1,591
118,"test_MGDB","fond2.jpg",1,530
118,"test_MGDB","fallimento",1,836
118,"test_MGDB","latte7.jpg",1,619
118,"test_MGDB","disastro",1,940
118,"practice_DGMB","disastro",1,1688
118,"practice_DGMB","fond7.jpg",1,831
118,"practice_DGMB","agonia",1,754
118,"practice_DGMB","latte2.jpg",1,1890
118,"practice_DGMB","brutto",1,1119
118,"practice_DGMB","fond1.jpg",1,1061
118,"practice_DGMB","schifo",0,974
118,"practice_DGMB","fond6.jpg",1,966
118,"practice_DGMB","meraviglioso",1,637
118,"practice_DGMB","latte4.jpg",1,747
118,"practice_DGMB","amore",1,672
118,"practice_DGMB","latte6.jpg",1,838
118,"practice_DGMB","gloria",1,677
118,"practice_DGMB","fond3.jpg",0,1243
118,"practice_DGMB","stupendo",1,1969
118,"practice_DGMB","fond2.jpg",0,769
118,"practice_DGMB","male",1,2111
118,"practice_DGMB","latte5.jpg",1,649
118,"practice_DGMB","paradiso",0,915
118,"practice_DGMB","fond4.jpg",1,761
118,"test_DGMB","latte7.jpg",1,1342
118,"test_DGMB","cattivo",1,734
118,"test_DGMB","latte1.jpg",1,712
118,"test_DGMB","odio",1,724
118,"test_DGMB","fond5.jpg",1,1106
118,"test_DGMB","bello",1,606
118,"test_DGMB","fond5.jpg",1,623
118,"test_DGMB","gioia",1,587
118,"test_DGMB","latte3.jpg",1,664
118,"test_DGMB","felicità",0,948
118,"test_DGMB","fond4.jpg",0,1151
118,"test_DGMB","buono",1,1283
118,"test_DGMB","latte5.jpg",1,952
118,"test_DGMB","piacere",1,1380
118,"test_DGMB","latte2.jpg",1,1327
118,"test_DGMB","terribile",1,789
118,"test_DGMB","fond1.jpg",1,696
118,"test_DGMB","eccellente",1,1186
118,"test_DGMB","fond3.jpg",1,701
118,"test_DGMB","fastidioso",1,791
118,"test_DGMB","latte1.jpg",1,714
118,"test_DGMB","orribile",1,839
118,"test_DGMB","latte7.jpg",1,677
118,"test_DGMB","fallimento",0,892
118,"test_DGMB","fond6.jpg",1,2261
118,"test_DGMB","nocivo",1,947
118,"test_DGMB","latte3.jpg",0,903
118,"test_DGMB","dolore",1,2547
118,"test_DGMB","fond2.jpg",1,892
118,"test_DGMB","ridere",1,821
118,"test_DGMB","latte6.jpg",1,697
118,"test_DGMB","pace",1,715
118,"test_DGMB","fond7.jpg",1,673
118,"test_DGMB","stupendo",1,757
118,"test_DGMB","latte4.jpg",1,716
118,"test_DGMB","bello",1,603
118,"test_DGMB","fond4.jpg",1,705
118,"test_DGMB","orribile",1,645
118,"test_DGMB","latte3.jpg",1,503
118,"test_DGMB","male",1,675
119,"practice_MGDB","orribile",1,2106
119,"practice_MGDB","latte2.jpg",1,1124
119,"practice_MGDB","gioia",1,1314
119,"practice_MGDB","latte4.jpg",1,824
119,"practice_MGDB","schifo",1,748
119,"practice_MGDB","fond5.jpg",1,1112
119,"practice_MGDB","cattivo",1,835
119,"practice_MGDB","fond7.jpg",1,594
119,"practice_MGDB","nocivo",1,702
119,"practice_MGDB","fond6.jpg",1,682
119,"practice_MGDB","brutto",1,1097
119,"practice_MGDB","latte1.jpg",1,689
119,"practice_MGDB","buono",1,570
119,"practice_MGDB","fond1.jpg",1,1116
119,"practice_MGDB","gloria",1,714
119,"practice_MGDB","latte3.jpg",1,713
119,"practice_MGDB","odio",1,677
119,"practice_MGDB","fond2.jpg",1,740
119,"practice_MGDB","meraviglioso",1,773
119,"practice_MGDB","latte7.jpg",1,1030
119,"test_MGDB","fond4.jpg",1,1803
119,"test_MGDB","disastro",1,784
119,"test_MGDB","latte6.jpg",1,796
119,"test_MGDB","agonia",1,943
119,"test_MGDB","latte5.jpg",1,747
119,"test_MGDB","dolore",1,807
119,"test_MGDB","fond3.jpg",1,640
119,"test_MGDB","eccellente",1,711
119,"test_MGDB","latte3.jpg",1,822
119,"test_MGDB","fastidioso",1,671
119,"test_MGDB","latte6.jpg",1,654
119,"test_MGDB","piacere",1,1135
119,"test_MGDB","latte5.jpg",1,688
119,"test_MGDB","ridere",1,774
119,"test_MGDB","latte2.jpg",1,912
119,"test_MGDB","pace",1,867
119,"test_MGDB","fond7.jpg",1,528
119,"test_MGDB","bello",1,838
119,"test_MGDB","latte4.jpg",1,1221
119,"test_MGDB","fallimento",1,741
119,"test_MGDB","fond4.jpg",1,593
119,"test_MGDB","paradiso",1,605
119,"test_MGDB","fond3.jpg",1,1607
119,"test_MGDB","felicità",1,1812
119,"test_MGDB","latte7.jpg",1,1316
119,"test_MGDB","terribile",1,607
119,"test_MGDB","latte1.jpg",1,904
119,"test_MGDB","amore",1,716
119,"test_MGDB","fond2.jpg",1,555
119,"test_MGDB","stupendo",1,679
119,"test_MGDB","latte1.jpg",1,702
119,"test_MGDB","male",1,687
119,"test_MGDB","fond6.jpg",1,584
119,"test_MGDB","stupendo",1,733
119,"test_MGDB","fond5.jpg",1,774
119,"test_MGDB","eccellente",1,1143
119,"test_MGDB","fond1.jpg",1,674
119,"test_MGDB","disastro",1,823
119,"test_MGDB","fond2.jpg",1,906
119,"test_MGDB","odio",1,918
119,"practice_DGMB","gloria",1,1777
119,"practice_DGMB","fond5.jpg",1,1340
119,"practice_DGMB","nocivo",1,2109
119,"practice_DGMB","latte4.jpg",1,1910
119,"practice_DGMB","gioia",1,1289
119,"practice_DGMB","fond7.jpg",0,1017
119,"practice_DGMB","amore",1,2738
119,"practice_DGMB","latte7.jpg",1,1632
119,"practice_DGMB","brutto",1,1555
119,"practice_DGMB","latte2.jpg",1,1680
119,"practice_DGMB","buono",1,965
119,"practice_DGMB","latte5.jpg",1,1446
119,"practice_DGMB","cattivo",1,1612
119,"practice_DGMB","latte6.jpg",1,1939
119,"practice_DGMB","ridere",1,1011
119,"practice_DGMB","latte3.jpg",1,1788
119,"practice_DGMB","pace",1,1223
119,"practice_DGMB","latte1.jpg",1,1394
119,"practice_DGMB","agonia",1,1324
119,"practice_DGMB","fond4.jpg",1,1546
119,"test_DGMB","fond3.jpg",1,1902
119,"test_DGMB","dolore",1,1109
119,"test_DGMB","fond6.jpg",1,1104
119,"test_DGMB","disastro",1,932
119,"test_DGMB","fond1.jpg",1,1317
119,"test_DGMB","stupendo",1,1139
119,"test_DGMB","fond2.jpg",1,878
119,"test_DGMB","orribile",1,1069
119,"test_DGMB","latte4.jpg",1,1976
119,"test_DGMB","odio",1,1135
119,"test_DGMB","fond1.jpg",1,952
119,"test_DGMB","felicità",1,1132
119,"test_DGMB","latte2.jpg",1,860
119,"test_DGMB","bello",1,942
119,"test_DGMB","fond2.jpg",1,1697
119,"test_DGMB","terribile",1,913
119,"test_DGMB","fond6.jpg",1,1839
119,"test_DGMB","paradiso",1,1108
119,"test_DGMB","fond5.jpg",1,1519
119,"test_DGMB","fallimento",1,1013
119,"test_DGMB","fond7.jpg",1,1958
119,"test_DGMB","eccellente",1,1123
119,"test_DGMB","fond4.jpg",1,1377
119,"test_DGMB","meraviglioso",1,1113
119,"test_DGMB","latte5.jpg",1,1079
119,"test_DGMB","schifo",1,725
119,"test_DGMB","latte1.jpg",1,1199
119,"test_DGMB","piacere",1,917
119,"test_DGMB","fond3.jpg",0,851
119,"test_DGMB","fastidioso",1,2092
119,"test_DGMB","latte3.jpg",1,2507
119,"test_DGMB","ridere",1,973
119,"test_DGMB","latte6.jpg",1,1693
119,"test_DGMB","male",1,1069
119,"test_DGMB","latte7.jpg",1,913
119,"test_DGMB","meraviglioso",1,1268
119,"test_DGMB","fond6.jpg",1,1224
119,"test_DGMB","cattivo",1,883
119,"test_DGMB","latte6.jpg",1,1257
119,"test_DGMB","male",1,1521
120,"practice_MGDB","ridere",1,935
120,"practice_MGDB","latte2.jpg",1,875
120,"practice_MGDB","male",1,711
120,"practice_MGDB","fond3.jpg",1,554
120,"practice_MGDB","disastro",1,639
120,"practice_MGDB","fond6.jpg",1,446
120,"practice_MGDB","agonia",1,965
120,"practice_MGDB","fond4.jpg",1,518
120,"practice_MGDB","bello",1,597
120,"practice_MGDB","fond2.jpg",1,531
120,"practice_MGDB","stupendo",1,709
120,"practice_MGDB","fond7.jpg",1,665
120,"practice_MGDB","dolore",1,717
120,"practice_MGDB","fond5.jpg",1,516
120,"practice_MGDB","gioia",1,595
120,"practice_MGDB","latte7.jpg",1,538
120,"practice_MGDB","piacere",1,755
120,"practice_MGDB","fond1.jpg",1,530
120,"practice_MGDB","orribile",1,603
120,"practice_MGDB","latte4.jpg",1,730
120,"test_MGDB","fond1.jpg",1,591
120,"test_MGDB","gloria",1,1715
120,"test_MGDB","latte6.jpg",1,824
120,"test_MGDB","felicità",1,700
120,"test_MGDB","latte5.jpg",1,552
120,"test_MGDB","amore",1,508
120,"test_MGDB","latte3.jpg",1,601
120,"test_MGDB","meraviglioso",1,592
120,"test_MGDB","latte1.jpg",1,662
120,"test_MGDB","nocivo",1,578
120,"test_MGDB","fond4.jpg",1,399
120,"test_MGDB","cattivo",1,566
120,"test_MGDB","fond6.jpg",1,383
120,"test_MGDB","paradiso",1,708
120,"test_MGDB","latte4.jpg",1,632
120,"test_MGDB","fallimento",1,628
120,"test_MGDB","fond3.jpg",1,448
120,"test_MGDB","schifo",1,1175
120,"test_MGDB","latte7.jpg",1,424
120,"test_MGDB","odio",1,588
120,"test_MGDB","fond2.jpg",1,600
120,"test_MGDB","buono",1,527
120,"test_MGDB","fond5.jpg",1,561
120,"test_MGDB","terribile",1,576
120,"test_MGDB","latte1.jpg",1,881
120,"test_MGDB","fastidioso",1,520
120,"test_MGDB","latte5.jpg",1,511
120,"test_MGDB","brutto",1,1211
120,"test_MGDB","latte3.jpg",1,588
120,"test_MGDB","pace",1,712
120,"test_MGDB","fond7.jpg",1,582
120,"test_MGDB","eccellente",1,627
120,"test_MGDB","latte2.jpg",0,583
120,"test_MGDB","schifo",1,811
120,"test_MGDB","fond5.jpg",1,780
120,"test_MGDB","gioia",1,589
120,"test_MGDB","latte6.jpg",1,1186
120,"test_MGDB","agonia",1,701
120,"test_MGDB","latte1.jpg",1,577
120,"test_MGDB","pace",1,778
120,"practice_DGMB","disastro",1,809
120,"practice_DGMB","fond4.jpg",1,970
120,"practice_DGMB","fallimento",1,2819
120,"practice_DGMB","latte7.jpg",0,1001
120,"practice_DGMB","buono",1,2487
120,"practice_DGMB","latte5.jpg",1,926
120,"practice_DGMB","pace",1,1724
120,"practice_DGMB","fond1.jpg",1,937
120,"practice_DGMB","agonia",1,1658
120,"practice_DGMB","latte3.jpg",1,1138
120,"practice_DGMB","piacere",1,827
120,"practice_DGMB","latte1.jpg",1,1119
120,"practice_DGMB","fastidioso",0,1477
120,"practice_DGMB","latte4.jpg",1,2130
120,"practice_DGMB","stupendo",1,983
120,"practice_DGMB","latte2.jpg",1,755
120,"practice_DGMB","terribile",1,1750
120,"practice_DGMB","latte6.jpg",1,1281
120,"practice_DGMB","odio",0,1063
120,"practice_DGMB","fond5.jpg",1,1754
120,"test_DGMB","latte7.jpg",1,858
120,"test_DGMB","eccellente",1,1075
120,"test_DGMB","latte3.jpg",1,697
120,"test_DGMB","dolore",1,1602
120,"test_DGMB","fond3.jpg",1,912
120,"test_DGMB","nocivo",1,1123
120,"test_DGMB","latte5.jpg",1,1225
120,"test_DGMB","cattivo",1,1077
120,"test_DGMB","latte1.jpg",1,891
120,"test_DGMB","gloria",1,844
120,"test_DGMB","fond2.jpg",1,786
120,"test_DGMB","gioia",1,758
120,"test_DGMB","latte2.jpg",1,621
120,"test_DGMB","schifo",1,574
120,"test_DGMB","fond7.jpg",1,1584
120,"test_DGMB","amore",1,770
120,"test_DGMB","latte4.jpg",1,644
120,"test_DGMB","bello",0,1107
120,"test_DGMB","latte6.jpg",1,998
120,"test_DGMB","ridere",1,1380
120,"test_DGMB","fond6.jpg",1,831
120,"test_DGMB","meraviglioso",1,2875
120,"test_DGMB","fond7.jpg",1,854
120,"test_DGMB","orribile",1,687
120,"test_DGMB","fond3.jpg",1,832
120,"test_DGMB","felicità",0,932
120,"test_DGMB","fond2.jpg",1,901
120,"test_DGMB","brutto",1,838
120,"test_DGMB","fond1.jpg",0,4133
120,"test_DGMB","male",1,1159
120,"test_DGMB","fond5.jpg",1,869
120,"test_DGMB","dolore",1,4240
120,"test_DGMB","fond4.jpg",0,1625
120,"test_DGMB","paradiso",1,1596
120,"test_DGMB","fond6.jpg",0,1266
120,"test_DGMB","paradiso",1,2117
120,"test_DGMB","fond4.jpg",1,761
120,"test_DGMB","bello",0,752
120,"test_DGMB","latte4.jpg",1,1646
120,"test_DGMB","odio",1,724
121,"practice_DGMB","brutto",1,1021
121,"practice_DGMB","latte1.jpg",1,632
121,"practice_DGMB","disastro",1,588
121,"practice_DGMB","latte7.jpg",1,552
121,"practice_DGMB","bello",1,1085
121,"practice_DGMB","fond4.jpg",1,594
121,"practice_DGMB","fastidioso",1,1703
121,"practice_DGMB","latte5.jpg",1,754
121,"practice_DGMB","felicità",1,1878
121,"practice_DGMB","latte6.jpg",1,778
121,"practice_DGMB","fallimento",1,1036
121,"practice_DGMB","fond1.jpg",1,634
121,"practice_DGMB","eccellente",1,1798
121,"practice_DGMB","fond6.jpg",0,627
121,"practice_DGMB","agonia",1,1631
121,"practice_DGMB","latte3.jpg",1,794
121,"practice_DGMB","nocivo",1,598
121,"practice_DGMB","latte2.jpg",1,468
121,"practice_DGMB","terribile",1,449
121,"practice_DGMB","fond7.jpg",1,474
121,"test_DGMB","fond5.jpg",0,632
121,"test_DGMB","buono",1,1708
121,"test_DGMB","fond3.jpg",1,1263
121,"test_DGMB","stupendo",1,527
121,"test_DGMB","latte4.jpg",1,553
121,"test_DGMB","pace",1,1269
121,"test_DGMB","latte2.jpg",1,1712
121,"test_DGMB","paradiso",1,1715
121,"test_DGMB","latte3.jpg",0,1704
121,"test_DGMB","schifo",1,2538
121,"test_DGMB","latte6.jpg",1,1569
121,"test_DGMB","male",1,1006
121,"test_DGMB","latte1.jpg",1,1295
121,"test_DGMB","dolore",1,936
121,"test_DGMB","fond2.jpg",1,817
121,"test_DGMB","gioia",1,874
121,"test_DGMB","fond4.jpg",1,624
121,"test_DGMB","gloria",1,604
121,"test_DGMB","latte7.jpg",1,846
121,"test_DGMB","cattivo",1,1516
121,"test_DGMB","latte5.jpg",1,2082
121,"test_DGMB","meraviglioso",1,1022
121,"test_DGMB","fond5.jpg",1,706
121,"test_DGMB","amore",1,646
121,"test_DGMB","fond6.jpg",1,1175
121,"test_DGMB","odio",1,2128
121,"test_DGMB","fond1.jpg",1,1799
121,"test_DGMB","piacere",1,1308
121,"test_DGMB","fond2.jpg",1,1023
121,"test_DGMB","ridere",1,1651
121,"test_DGMB","fond3.jpg",1,658
121,"test_DGMB","orribile",1,1084
121,"test_DGMB","fond7.jpg",0,1002
121,"test_DGMB","schifo",1,1704
121,"test_DGMB","latte4.jpg",1,651
121,"test_DGMB","bello",1,1068
121,"test_DGMB","latte6.jpg",1,712
121,"test_DGMB","fallimento",0,1628
121,"test_DGMB","fond2.jpg",1,1518
121,"test_DGMB","eccellente",1,1316
121,"practice_MGDB","agonia",1,1145
121,"practice_MGDB","latte6.jpg",1,580
121,"practice_MGDB","pace",1,1006
121,"practice_MGDB","latte5.jpg",1,910
121,"practice_MGDB","felicità",1,642
121,"practice_MGDB","fond6.jpg",1,545
121,"practice_MGDB","piacere",1,773
121,"practice_MGDB","fond3.jpg",1,726
121,"practice_MGDB","orribile",1,749
121,"practice_MGDB","fond2.jpg",1,705
121,"practice_MGDB","terribile",1,749
121,"practice_MGDB","latte7.jpg",1,657
121,"practice_MGDB","cattivo",1,635
121,"practice_MGDB","fond7.jpg",1,977
121,"practice_MGDB","buono",1,1650
121,"practice_MGDB","latte4.jpg",1,1546
121,"practice_MGDB","disastro",1,573
121,"practice_MGDB","fond4.jpg",1,582
121,"practice_MGDB","ridere",1,1083
121,"practice_MGDB","fond1.jpg",1,601
121,"test_MGDB","fond5.jpg",1,801
121,"test_MGDB","nocivo",1,631
121,"test_MGDB","fond2.jpg",1,726
121,"test_MGDB","brutto",1,1053
121,"test_MGDB","latte3.jpg",1,901
121,"test_MGDB","male",1,959
121,"test_MGDB","fond1.jpg",1,997
121,"test_MGDB","odio",1,1251
121,"test_MGDB","latte2.jpg",1,660
121,"test_MGDB","gioia",1,725
121,"test_MGDB","latte1.jpg",1,686
121,"test_MGDB","fastidioso",1,821
121,"test_MGDB","latte3.jpg",1,1001
121,"test_MGDB","gloria",1,1455
121,"test_MGDB","latte6.jpg",1,487
121,"test_MGDB","meraviglioso",1,1294
121,"test_MGDB","fond5.jpg",1,791
121,"test_MGDB","eccellente",1,827
121,"test_MGDB","latte5.jpg",1,607
121,"test_MGDB","dolore",0,565
121,"test_MGDB","fond4.jpg",1,1079
121,"test_MGDB","schifo",1,637
121,"test_MGDB","fond3.jpg",1,508
121,"test_MGDB","fallimento",1,704
121,"test_MGDB","latte1.jpg",1,532
121,"test_MGDB","bello",1,486
121,"test_MGDB","fond6.jpg",1,503
121,"test_MGDB","amore",1,676
121,"test_MGDB","fond7.jpg",1,658
121,"test_MGDB","stupendo",1,932
121,"test_MGDB","fond7.jpg",1,805
121,"test_MGDB","agonia",1,875
121,"test_MGDB","latte2.jpg",1,1010
121,"test_MGDB","paradiso",1,827
121,"test_MGDB","latte7.jpg",1,455
121,"test_MGDB","bello",1,432
121,"test_MGDB","latte4.jpg",1,367
121,"test_MGDB","fastidioso",1,527
121,"test_MGDB","latte4.jpg",1,672
121,"test_MGDB","pace",1,932
122,"practice_DGMB","male",1,1267
122,"practice_DGMB","fond5.jpg",1,1526
122,"practice_DGMB","disastro",1,1147
122,"practice_DGMB","latte4.jpg",1,943
122,"practice_DGMB","gloria",1,871
122,"practice_DGMB","latte6.jpg",1,1206
122,"practice_DGMB","meraviglioso",1,1212
122,"practice_DGMB","fond7.jpg",1,1612
122,"practice_DGMB","paradiso",1,1516
122,"practice_DGMB","fond6.jpg",1,746
122,"practice_DGMB","agonia",1,726
122,"practice_DGMB","fond4.jpg",1,719
122,"practice_DGMB","nocivo",1,998
122,"practice_DGMB","fond3.jpg",1,860
122,"practice_DGMB","orribile",1,1261
122,"practice_DGMB","fond1.jpg",1,808
122,"practice_DGMB","brutto",1,679
122,"practice_DGMB","latte7.jpg",1,838
122,"practice_DGMB","terribile",1,700
122,"practice_DGMB","fond2.jpg",1,794
122,"test_DGMB","latte1.jpg",1,1833
122,"test_DGMB","amore",1,1819
122,"test_DGMB","fond4.jpg",1,842
122,"test_DGMB","schifo",1,1041
122,"test_DGMB","fond3.jpg",1,735
122,"test_DGMB","pace",1,993
122,"test_DGMB","fond5.jpg",1,855
122,"test_DGMB","cattivo",1,720
122,"test_DGMB","latte3.jpg",1,630
122,"test_DGMB","fastidioso",1,755
122,"test_DGMB","fond7.jpg",1,697
122,"test_DGMB","odio",1,731
122,"test_DGMB","fond6.jpg",1,596
122,"test_DGMB","piacere",1,875
122,"test_DGMB","latte5.jpg",1,713
122,"test_DGMB","dolore",1,1405
122,"test_DGMB","fond2.jpg",1,722
122,"test_DGMB","gioia",1,745
122,"test_DGMB","latte2.jpg",1,973
122,"test_DGMB","fallimento",1,750
122,"test_DGMB","latte2.jpg",1,818
122,"test_DGMB","eccellente",1,723
122,"test_DGMB","latte4.jpg",1,706
122,"test_DGMB","ridere",1,678
122,"test_DGMB","latte6.jpg",1,861
122,"test_DGMB","bello",1,926
122,"test_DGMB","latte3.jpg",1,783
122,"test_DGMB","felicità",1,1035
122,"test_DGMB","latte7.jpg",1,937
122,"test_DGMB","stupendo",1,666
122,"test_DGMB","fond1.jpg",1,646
122,"test_DGMB","buono",1,685
122,"test_DGMB","latte5.jpg",1,614
122,"test_DGMB","paradiso",1,928
122,"test_DGMB","fond4.jpg",1,1537
122,"test_DGMB","brutto",1,857
122,"test_DGMB","latte1.jpg",1,826
122,"test_DGMB","buono",1,694
122,"test_DGMB","latte1.jpg",1,591
122,"test_DGMB","fastidioso",1,811
122,"practice_MGDB","amore",1,1034
122,"practice_MGDB","latte7.jpg",1,528
122,"practice_MGDB","cattivo",1,679
122,"practice_MGDB","latte6.jpg",1,1613
122,"practice_MGDB","orribile",1,1109
122,"practice_MGDB","fond3.jpg",1,985
122,"practice_MGDB","nocivo",1,788
122,"practice_MGDB","latte4.jpg",1,824
122,"practice_MGDB","bello",1,860
122,"practice_MGDB","fond6.jpg",1,639
122,"practice_MGDB","gloria",1,838
122,"practice_MGDB","fond1.jpg",1,909
122,"practice_MGDB","fastidioso",1,793
122,"practice_MGDB","fond4.jpg",1,615
122,"practice_MGDB","ridere",1,641
122,"practice_MGDB","fond5.jpg",1,615
122,"practice_MGDB","odio",1,1225
122,"practice_MGDB","latte2.jpg",1,772
122,"practice_MGDB","disastro",1,717
122,"practice_MGDB","fond7.jpg",1,572
122,"test_MGDB","fond2.jpg",1,734
122,"test_MGDB","gioia",1,528
122,"test_MGDB","latte3.jpg",1,657
122,"test_MGDB","schifo",1,931
122,"test_MGDB","latte1.jpg",1,1331
122,"test_MGDB","agonia",1,740
122,"test_MGDB","fond7.jpg",1,576
122,"test_MGDB","meraviglioso",1,722
122,"test_MGDB","fond3.jpg",1,1056
122,"test_MGDB","male",1,729
122,"test_MGDB","latte5.jpg",1,730
122,"test_MGDB","fallimento",1,1212
122,"test_MGDB","latte3.jpg",1,636
122,"test_MGDB","paradiso",1,619
122,"test_MGDB","fond2.jpg",1,671
122,"test_MGDB","brutto",1,787
122,"test_MGDB","fond1.jpg",1,567
122,"test_MGDB","eccellente",1,678
122,"test_MGDB","latte7.jpg",1,557
122,"test_MGDB","pace",1,1308
122,"test_MGDB","latte4.jpg",1,703
122,"test_MGDB","terribile",1,595
122,"test_MGDB","latte5.jpg",1,562
122,"test_MGDB","felicità",1,561
122,"test_MGDB","latte2.jpg",1,511
122,"test_MGDB","piacere",1,700
122,"test_MGDB","fond6.jpg",1,728
122,"test_MGDB","stupendo",1,1182
122,"test_MGDB","fond5.jpg",1,1738
122,"test_MGDB","dolore",1,1281
122,"test_MGDB","fond4.jpg",1,567
122,"test_MGDB","buono",1,598
122,"test_MGDB","latte1.jpg",0,629
122,"test_MGDB","paradiso",1,1257
122,"test_MGDB","latte6.jpg",1,690
122,"test_MGDB","male",1,947
122,"test_MGDB","latte3.jpg",1,735
122,"test_MGDB","dolore",1,1336
122,"test_MGDB","fond5.jpg",1,1496
122,"test_MGDB","amore",1,953
123,"practice_DGMB","meraviglioso",1,818
123,"practice_DGMB","fond2.jpg",1,598
123,"practice_DGMB","nocivo",1,661
123,"practice_DGMB","latte2.jpg",1,489
123,"practice_DGMB","pace",1,867
123,"practice_DGMB","latte1.jpg",1,502
123,"practice_DGMB","cattivo",1,643
123,"practice_DGMB","fond5.jpg",1,545
123,"practice_DGMB","dolore",1,854
123,"practice_DGMB","fond1.jpg",1,719
123,"practice_DGMB","agonia",1,646
123,"practice_DGMB","fond4.jpg",1,551
123,"practice_DGMB","stupendo",1,627
123,"practice_DGMB","fond6.jpg",1,503
123,"practice_DGMB","eccellente",1,724
123,"practice_DGMB","latte4.jpg",1,610
123,"practice_DGMB","schifo",1,732
123,"practice_DGMB","fond3.jpg",1,533
123,"practice_DGMB","piacere",1,879
123,"practice_DGMB","fond7.jpg",1,517
123,"test_DGMB","fond5.jpg",1,1093
123,"test_DGMB","buono",1,1126
123,"test_DGMB","fond1.jpg",1,447
123,"test_DGMB","gioia",1,542
123,"test_DGMB","latte6.jpg",1,610
123,"test_DGMB","fastidioso",1,692
123,"test_DGMB","latte5.jpg",1,429
123,"test_DGMB","brutto",1,985
123,"test_DGMB","latte7.jpg",1,429
123,"test_DGMB","orribile",1,481
123,"test_DGMB","latte3.jpg",1,384
123,"test_DGMB","bello",1,701
123,"test_DGMB","latte7.jpg",1,489
123,"test_DGMB","male",1,635
123,"test_DGMB","fond3.jpg",1,545
123,"test_DGMB","amore",1,550
123,"test_DGMB","fond7.jpg",1,482
123,"test_DGMB","odio",1,545
123,"test_DGMB","latte4.jpg",1,541
123,"test_DGMB","paradiso",1,551
123,"test_DGMB","fond6.jpg",1,534
123,"test_DGMB","felicità",1,519
123,"test_DGMB","fond4.jpg",1,550
123,"test_DGMB","terribile",1,563
123,"test_DGMB","latte3.jpg",1,417
123,"test_DGMB","fallimento",1,659
123,"test_DGMB","fond2.jpg",1,519
123,"test_DGMB","ridere",1,766
123,"test_DGMB","latte2.jpg",1,535
123,"test_DGMB","disastro",1,561
123,"test_DGMB","fond6.jpg",1,576
123,"test_DGMB","male",1,546
123,"test_DGMB","latte6.jpg",1,542
123,"test_DGMB","gloria",1,535
123,"test_DGMB","latte1.jpg",1,449
123,"test_DGMB","bello",1,611
123,"test_DGMB","latte5.jpg",1,428
123,"test_DGMB","piacere",1,457
123,"test_DGMB","latte2.jpg",1,410
123,"test_DGMB","terribile",1,732
123,"practice_MGDB","pace",0,1475
123,"practice_MGDB","latte3.jpg",1,696
123,"practice_MGDB","eccellente",0,577
123,"practice_MGDB","latte7.jpg",1,558
123,"practice_MGDB","dolore",0,677
123,"practice_MGDB","latte6.jpg",1,619
123,"practice_MGDB","agonia",1,685
123,"practice_MGDB","latte5.jpg",1,598
123,"practice_MGDB","terribile",0,1381
123,"practice_MGDB","latte1.jpg",1,816
123,"practice_MGDB","brutto",0,1033
123,"practice_MGDB","latte2.jpg",1,519
123,"practice_MGDB","male",0,598
123,"practice_MGDB","fond5.jpg",1,637
123,"practice_MGDB","gloria",0,540
123,"practice_MGDB","fond3.jpg",1,520
123,"practice_MGDB","cattivo",0,711
123,"practice_MGDB","latte4.jpg",1,1174
123,"practice_MGDB","bello",0,1454
123,"practice_MGDB","fond1.jpg",1,703
123,"test_MGDB","latte4.jpg",1,742
123,"test_MGDB","piacere",0,587
123,"test_MGDB","latte6.jpg",1,583
123,"test_MGDB","felicità",0,499
123,"test_MGDB","latte3.jpg",1,535
123,"test_MGDB","gioia",0,625
123,"test_MGDB","fond4.jpg",0,453
123,"test_MGDB","disastro",0,1719
123,"test_MGDB","fond6.jpg",1,660
123,"test_MGDB","amore",0,693
123,"test_MGDB","fond7.jpg",1,590
123,"test_MGDB","meraviglioso",0,763
123,"test_MGDB","latte2.jpg",1,681
123,"test_MGDB","ridere",0,584
123,"test_MGDB","fond2.jpg",1,524
123,"test_MGDB","nocivo",0,795
123,"test_MGDB","latte1.jpg",1,554
123,"test_MGDB","fastidioso",0,806
123,"test_MGDB","latte7.jpg",1,567
123,"test_MGDB","fallimento",0,1062
123,"test_MGDB","fond4.jpg",1,761
123,"test_MGDB","orribile",0,720
123,"test_MGDB","fond1.jpg",1,623
123,"test_MGDB","paradiso",0,1083
123,"test_MGDB","fond6.jpg",1,497
123,"test_MGDB","odio",0,2315
123,"test_MGDB","fond2.jpg",1,583
123,"test_MGDB","buono",1,755
123,"test_MGDB","fond5.jpg",1,714
123,"test_MGDB","schifo",0,766
123,"test_MGDB","latte5.jpg",1,1015
123,"test_MGDB","stupendo",0,896
123,"test_MGDB","fond3.jpg",1,617
123,"test_MGDB","fallimento",0,834
123,"test_MGDB","fond7.jpg",1,825
123,"test_MGDB","eccellente",0,1109
123,"test_MGDB","fond2.jpg",1,1416
123,"test_MGDB","pace",1,656
123,"test_MGDB","latte6.jpg",1,586
123,"test_MGDB","male",0,878
124,"practice_DGMB","odio",1,2888
124,"practice_DGMB","latte5.jpg",1,998
124,"practice_DGMB","fastidioso",1,709
124,"practice_DGMB","fond4.jpg",1,873
124,"practice_DGMB","male",1,861
124,"practice_DGMB","latte1.jpg",1,920
124,"practice_DGMB","paradiso",1,839
124,"practice_DGMB","latte3.jpg",1,853
124,"practice_DGMB","schifo",1,1990
124,"practice_DGMB","latte4.jpg",1,832
124,"practice_DGMB","bello",1,1236
124,"practice_DGMB","latte7.jpg",1,930
124,"practice_DGMB","gloria",0,899
124,"practice_DGMB","fond3.jpg",1,975
124,"practice_DGMB","meraviglioso",1,1520
124,"practice_DGMB","latte6.jpg",1,597
124,"practice_DGMB","agonia",1,1764
124,"practice_DGMB","latte2.jpg",1,577
124,"practice_DGMB","piacere",1,691
124,"practice_DGMB","fond5.jpg",1,476
124,"test_DGMB","latte3.jpg",1,2022
124,"test_DGMB","eccellente",1,1278
124,"test_DGMB","latte7.jpg",1,595
124,"test_DGMB","brutto",1,1098
124,"test_DGMB","fond1.jpg",1,622
124,"test_DGMB","ridere",1,759
124,"test_DGMB","fond7.jpg",1,461
124,"test_DGMB","disastro",1,767
124,"test_DGMB","fond6.jpg",0,449
124,"test_DGMB","orribile",1,2339
124,"test_DGMB","fond2.jpg",1,705
124,"test_DGMB","amore",1,2805
124,"test_DGMB","fond4.jpg",1,681
124,"test_DGMB","fallimento",1,1536
124,"test_DGMB","latte2.jpg",1,1408
124,"test_DGMB","dolore",1,1309
124,"test_DGMB","fond2.jpg",0,480
124,"test_DGMB","gioia",1,2367
124,"test_DGMB","fond5.jpg",1,702
124,"test_DGMB","pace",1,1455
124,"test_DGMB","latte5.jpg",1,776
124,"test_DGMB","nocivo",1,1473
124,"test_DGMB","latte4.jpg",1,1254
124,"test_DGMB","buono",1,847
124,"test_DGMB","latte1.jpg",1,1792
124,"test_DGMB","cattivo",1,3002
124,"test_DGMB","latte6.jpg",1,582
124,"test_DGMB","terribile",1,743
124,"test_DGMB","latte6.jpg",1,515
124,"test_DGMB","stupendo",1,1119
124,"test_DGMB","fond3.jpg",1,462
124,"test_DGMB","odio",1,1794
124,"test_DGMB","fond6.jpg",1,663
124,"test_DGMB","cattivo",1,1131
124,"test_DGMB","fond7.jpg",0,436
124,"test_DGMB","felicità",1,2219
124,"test_DGMB","fond1.jpg",1,602
124,"test_DGMB","gloria",1,609
124,"test_DGMB","fond2.jpg",1,610
124,"test_DGMB","paradiso",1,684
124,"practice_MGDB","disastro",1,1304
124,"practice_MGDB","fond2.jpg",1,691
124,"practice_MGDB","piacere",1,757
124,"practice_MGDB","latte1.jpg",1,643
124,"practice_MGDB","orribile",1,650
124,"practice_MGDB","fond3.jpg",1,923
124,"practice_MGDB","cattivo",1,562
124,"practice_MGDB","fond5.jpg",1,769
124,"practice_MGDB","bello",1,1079
124,"practice_MGDB","fond7.jpg",1,965
124,"practice_MGDB","male",1,876
124,"practice_MGDB","latte2.jpg",1,554
124,"practice_MGDB","buono",1,630
124,"practice_MGDB","fond4.jpg",1,666
124,"practice_MGDB","felicità",1,1606
124,"practice_MGDB","fond1.jpg",1,758
124,"practice_MGDB","schifo",1,1093
124,"practice_MGDB","fond6.jpg",1,870
124,"practice_MGDB","stupendo",1,1186
124,"practice_MGDB","fond7.jpg",1,965
124,"test_MGDB","latte7.jpg",1,896
124,"test_MGDB","brutto",1,697
124,"test_MGDB","latte6.jpg",1,626
124,"test_MGDB","fallimento",1,814
124,"test_MGDB","latte5.jpg",1,599
124,"test_MGDB","terribile",1,766
124,"test_MGDB","latte4.jpg",1,607
124,"test_MGDB","gioia",1,878
124,"test_MGDB","fond5.jpg",1,645
124,"test_MGDB","gloria",1,660
124,"test_MGDB","latte3.jpg",1,712
124,"test_MGDB","paradiso",1,716
124,"test_MGDB","latte4.jpg",1,570
124,"test_MGDB","agonia",1,852
124,"test_MGDB","fond6.jpg",1,501
124,"test_MGDB","nocivo",1,575
124,"test_MGDB","latte3.jpg",1,480
124,"test_MGDB","amore",1,511
124,"test_MGDB","latte6.jpg",1,462
124,"test_MGDB","pace",1,651
124,"test_MGDB","latte2.jpg",1,852
124,"test_MGDB","dolore",1,901
124,"test_MGDB","fond2.jpg",1,465
124,"test_MGDB","ridere",1,693
124,"test_MGDB","fond1.jpg",1,662
124,"test_MGDB","eccellente",1,579
124,"test_MGDB","latte7.jpg",1,535
124,"test_MGDB","fastidioso",1,576
124,"test_MGDB","latte1.jpg",1,538
124,"test_MGDB","odio",1,876
124,"test_MGDB","latte5.jpg",1,530
124,"test_MGDB","meraviglioso",1,1084
124,"test_MGDB","fond3.jpg",1,938
124,"test_MGDB","nocivo",1,579
124,"test_MGDB","latte3.jpg",1,503
124,"test_MGDB","piacere",1,523
124,"test_MGDB","fond4.jpg",1,562
124,"test_MGDB","meraviglioso",1,785
124,"test_MGDB","fond1.jpg",1,669
124,"test_MGDB","fastidioso",1,1089
125,"practice_MGDB","brutto",1,2232
125,"practice_MGDB","fond1.jpg",1,1700
125,"practice_MGDB","ridere",1,908
125,"practice_MGDB","latte7.jpg",1,864
125,"practice_MGDB","dolore",1,939
125,"practice_MGDB","latte6.jpg",1,1127
125,"practice_MGDB","male",1,1333
125,"practice_MGDB","fond7.jpg",1,1197
125,"practice_MGDB","pace",1,1459
125,"practice_MGDB","fond2.jpg",1,870
125,"practice_MGDB","bello",1,1194
125,"practice_MGDB","fond6.jpg",1,744
125,"practice_MGDB","eccellente",1,980
125,"practice_MGDB","latte4.jpg",1,847
125,"practice_MGDB","disastro",1,758
125,"practice_MGDB","fond3.jpg",1,596
125,"practice_MGDB","gioia",1,652
125,"practice_MGDB","latte2.jpg",1,445
125,"practice_MGDB","terribile",1,772
125,"practice_MGDB","latte1.jpg",1,853
125,"test_MGDB","fond4.jpg",1,887
125,"test_MGDB","cattivo",1,582
125,"test_MGDB","latte5.jpg",1,506
125,"test_MGDB","paradiso",1,454
125,"test_MGDB","latte3.jpg",1,632
125,"test_MGDB","felicità",1,508
125,"test_MGDB","latte4.jpg",1,528
125,"test_MGDB","piacere",1,511
125,"test_MGDB","latte1.jpg",1,494
125,"test_MGDB","buono",1,536
125,"test_MGDB","latte5.jpg",1,497
125,"test_MGDB","nocivo",1,547
125,"test_MGDB","fond5.jpg",1,439
125,"test_MGDB","stupendo",1,598
125,"test_MGDB","fond6.jpg",0,501
125,"test_MGDB","meraviglioso",1,991
125,"test_MGDB","latte3.jpg",1,2442
125,"test_MGDB","odio",1,743
125,"test_MGDB","fond4.jpg",1,674
125,"test_MGDB","amore",1,631
125,"test_MGDB","latte6.jpg",1,514
125,"test_MGDB","schifo",1,639
125,"test_MGDB","fond1.jpg",1,422
125,"test_MGDB","fastidioso",1,727
125,"test_MGDB","fond5.jpg",1,401
125,"test_MGDB","agonia",1,568
125,"test_MGDB","latte7.jpg",1,538
125,"test_MGDB","orribile",1,987
125,"test_MGDB","latte2.jpg",1,567
125,"test_MGDB","gloria",1,590
125,"test_MGDB","fond3.jpg",1,538
125,"test_MGDB","fallimento",1,1067
125,"test_MGDB","fond7.jpg",1,479
125,"test_MGDB","gioia",1,750
125,"test_MGDB","fond2.jpg",1,674
125,"test_MGDB","cattivo",1,654
125,"test_MGDB","latte1.jpg",1,647
125,"test_MGDB","paradiso",1,902
125,"test_MGDB","fond2.jpg",1,674
125,"test_MGDB","fastidioso",1,982
125,"practice_DGMB","felicità",1,1667
125,"practice_DGMB","fond1.jpg",1,1046
125,"practice_DGMB","pace",1,972
125,"practice_DGMB","latte2.jpg",1,637
125,"practice_DGMB","gioia",1,708
125,"practice_DGMB","fond3.jpg",1,976
125,"practice_DGMB","dolore",1,985
125,"practice_DGMB","latte3.jpg",1,1372
125,"practice_DGMB","agonia",1,1173
125,"practice_DGMB","latte5.jpg",1,573
125,"practice_DGMB","cattivo",1,647
125,"practice_DGMB","latte1.jpg",1,448
125,"practice_DGMB","ridere",1,767
125,"practice_DGMB","fond5.jpg",1,465
125,"practice_DGMB","brutto",1,557
125,"practice_DGMB","fond4.jpg",0,420
125,"practice_DGMB","schifo",1,806
125,"practice_DGMB","latte7.jpg",1,935
125,"practice_DGMB","meraviglioso",1,792
125,"practice_DGMB","latte4.jpg",1,598
125,"test_DGMB","fond2.jpg",1,891
125,"test_DGMB","disastro",1,901
125,"test_DGMB","fond7.jpg",1,702
125,"test_DGMB","orribile",1,759
125,"test_DGMB","fond6.jpg",1,469
125,"test_DGMB","paradiso",1,1042
125,"test_DGMB","fond3.jpg",1,656
125,"test_DGMB","stupendo",1,554
125,"test_DGMB","latte6.jpg",1,648
125,"test_DGMB","eccellente",1,775
125,"test_DGMB","fond4.jpg",1,664
125,"test_DGMB","buono",1,541
125,"test_DGMB","latte5.jpg",1,953
125,"test_DGMB","terribile",1,724
125,"test_DGMB","fond5.jpg",1,486
125,"test_DGMB","fastidioso",1,1933
125,"test_DGMB","latte4.jpg",1,1028
125,"test_DGMB","male",1,872
125,"test_DGMB","fond6.jpg",1,990
125,"test_DGMB","fallimento",1,1314
125,"test_DGMB","latte6.jpg",1,1255
125,"test_DGMB","gloria",1,1128
125,"test_DGMB","fond7.jpg",1,1417
125,"test_DGMB","bello",1,497
125,"test_DGMB","latte1.jpg",1,490
125,"test_DGMB","odio",1,1100
125,"test_DGMB","latte7.jpg",1,968
125,"test_DGMB","nocivo",1,582
125,"test_DGMB","fond2.jpg",1,562
125,"test_DGMB","amore",1,833
125,"test_DGMB","fond1.jpg",1,591
125,"test_DGMB","piacere",1,1124
125,"test_DGMB","latte2.jpg",0,466
125,"test_DGMB","bello",1,1014
125,"test_DGMB","latte3.jpg",1,615
125,"test_DGMB","gloria",1,1097
125,"test_DGMB","latte3.jpg",1,1913
125,"test_DGMB","cattivo",1,1491
125,"test_DGMB","fond5.jpg",0,571
125,"test_DGMB","fallimento",1,805
126,"practice_MGDB","odio",1,836
126,"practice_MGDB","fond1.jpg",1,523
126,"practice_MGDB","gloria",1,930
126,"practice_MGDB","fond2.jpg",1,523
126,"practice_MGDB","gioia",1,914
126,"practice_MGDB","fond4.jpg",1,608
126,"practice_MGDB","buono",1,655
126,"practice_MGDB","fond6.jpg",1,568
126,"practice_MGDB","dolore",1,911
126,"practice_MGDB","fond3.jpg",1,534
126,"practice_MGDB","meraviglioso",1,567
126,"practice_MGDB","fond7.jpg",1,521
126,"practice_MGDB","brutto",1,1216
126,"practice_MGDB","latte6.jpg",1,800
126,"practice_MGDB","male",1,839
126,"practice_MGDB","latte7.jpg",1,533
126,"practice_MGDB","stupendo",1,871
126,"practice_MGDB","latte5.jpg",1,746
126,"practice_MGDB","schifo",1,583
126,"practice_MGDB","latte4.jpg",1,643
126,"test_MGDB","fond5.jpg",1,715
126,"test_MGDB","felicità",1,599
126,"test_MGDB","latte2.jpg",1,606
126,"test_MGDB","orribile",1,525
126,"test_MGDB","latte3.jpg",1,543
126,"test_MGDB","bello",1,987
126,"test_MGDB","latte1.jpg",1,446
126,"test_MGDB","nocivo",1,541
126,"test_MGDB","fond1.jpg",1,610
126,"test_MGDB","eccellente",1,715
126,"test_MGDB","latte4.jpg",1,770
126,"test_MGDB","disastro",1,1243
126,"test_MGDB","latte2.jpg",1,505
126,"test_MGDB","ridere",1,1085
126,"test_MGDB","fond6.jpg",1,526
126,"test_MGDB","amore",1,597
126,"test_MGDB","latte5.jpg",1,692
126,"test_MGDB","fastidioso",1,725
126,"test_MGDB","latte6.jpg",1,534
126,"test_MGDB","terribile",1,792
126,"test_MGDB","fond4.jpg",1,543
126,"test_MGDB","cattivo",1,643
126,"test_MGDB","fond5.jpg",1,538
126,"test_MGDB","piacere",1,835
126,"test_MGDB","latte3.jpg",1,730
126,"test_MGDB","fallimento",1,595
126,"test_MGDB","latte1.jpg",1,626
126,"test_MGDB","agonia",1,1206
126,"test_MGDB","fond3.jpg",1,679
126,"test_MGDB","paradiso",1,613
126,"test_MGDB","fond2.jpg",1,647
126,"test_MGDB","disastro",1,790
126,"test_MGDB","fond7.jpg",1,1241
126,"test_MGDB","pace",1,415
126,"test_MGDB","fond7.jpg",1,505
126,"test_MGDB","buono",1,494
126,"test_MGDB","latte7.jpg",1,543
126,"test_MGDB","fallimento",1,491
126,"test_MGDB","latte7.jpg",1,725
126,"test_MGDB","meraviglioso",1,644
126,"practice_DGMB","buono",1,1752
126,"practice_DGMB","fond3.jpg",1,573
126,"practice_DGMB","fastidioso",1,615
126,"practice_DGMB","fond4.jpg",1,1272
126,"practice_DGMB","terribile",1,1275
126,"practice_DGMB","latte2.jpg",1,969
126,"practice_DGMB","amore",1,903
126,"practice_DGMB","latte1.jpg",1,755
126,"practice_DGMB","ridere",1,2191
126,"practice_DGMB","latte5.jpg",1,897
126,"practice_DGMB","orribile",1,994
126,"practice_DGMB","latte7.jpg",1,552
126,"practice_DGMB","agonia",1,597
126,"practice_DGMB","fond5.jpg",1,635
126,"practice_DGMB","paradiso",1,703
126,"practice_DGMB","latte6.jpg",1,651
126,"practice_DGMB","schifo",1,1189
126,"practice_DGMB","fond6.jpg",1,592
126,"practice_DGMB","felicità",1,900
126,"practice_DGMB","fond2.jpg",1,576
126,"test_DGMB","fond1.jpg",1,602
126,"test_DGMB","male",1,561
126,"test_DGMB","latte4.jpg",1,648
126,"test_DGMB","meraviglioso",1,631
126,"test_DGMB","fond7.jpg",1,774
126,"test_DGMB","cattivo",1,1215
126,"test_DGMB","fond4.jpg",0,415
126,"test_DGMB","nocivo",1,993
126,"test_DGMB","fond3.jpg",1,623
126,"test_DGMB","bello",1,2204
126,"test_DGMB","latte3.jpg",0,904
126,"test_DGMB","gioia",1,3164
126,"test_DGMB","latte1.jpg",1,1263
126,"test_DGMB","brutto",1,3399
126,"test_DGMB","latte5.jpg",1,826
126,"test_DGMB","odio",1,534
126,"test_DGMB","fond2.jpg",1,471
126,"test_DGMB","disastro",1,1556
126,"test_DGMB","fond6.jpg",1,569
126,"test_DGMB","pace",1,1578
126,"test_DGMB","latte3.jpg",1,698
126,"test_DGMB","eccellente",1,1556
126,"test_DGMB","fond7.jpg",1,657
126,"test_DGMB","dolore",1,539
126,"test_DGMB","latte6.jpg",1,391
126,"test_DGMB","fallimento",1,612
126,"test_DGMB","latte4.jpg",1,453
126,"test_DGMB","orribile",1,551
126,"test_DGMB","fond5.jpg",1,558
126,"test_DGMB","disastro",1,693
126,"test_DGMB","fond1.jpg",1,678
126,"test_DGMB","piacere",1,629
126,"test_DGMB","latte2.jpg",1,529
126,"test_DGMB","stupendo",1,626
126,"test_DGMB","latte7.jpg",1,966
126,"test_DGMB","gloria",1,733
126,"test_DGMB","fond1.jpg",1,694
126,"test_DGMB","buono",1,576
126,"test_DGMB","latte6.jpg",0,1009
126,"test_DGMB","eccellente",1,3359
128,"practice_MGDB","stupendo",1,1245
128,"practice_MGDB","latte7.jpg",1,1709
128,"practice_MGDB","terribile",1,2704
128,"practice_MGDB","latte5.jpg",1,1985
128,"practice_MGDB","amore",1,2043
128,"practice_MGDB","latte6.jpg",1,1471
128,"practice_MGDB","odio",1,819
128,"practice_MGDB","latte3.jpg",1,742
128,"practice_MGDB","nocivo",1,1135
128,"practice_MGDB","fond6.jpg",1,848
128,"practice_MGDB","fallimento",1,687
128,"practice_MGDB","fond3.jpg",1,608
128,"practice_MGDB","male",1,575
128,"practice_MGDB","fond1.jpg",1,616
128,"practice_MGDB","agonia",1,506
128,"practice_MGDB","fond2.jpg",1,758
128,"practice_MGDB","ridere",1,661
128,"practice_MGDB","fond5.jpg",1,601
128,"practice_MGDB","gioia",1,648
128,"practice_MGDB","fond7.jpg",1,465
128,"test_MGDB","latte2.jpg",1,854
128,"test_MGDB","meraviglioso",1,648
128,"test_MGDB","fond4.jpg",1,841
128,"test_MGDB","bello",1,584
128,"test_MGDB","latte1.jpg",1,900
128,"test_MGDB","gloria",1,613
128,"test_MGDB","fond6.jpg",1,478
128,"test_MGDB","disastro",1,597
128,"test_MGDB","latte4.jpg",1,588
128,"test_MGDB","brutto",1,1376
128,"test_MGDB","fond2.jpg",1,657
128,"test_MGDB","felicità",1,538
128,"test_MGDB","fond3.jpg",1,590
128,"test_MGDB","dolore",1,1027
128,"test_MGDB","fond7.jpg",1,774
128,"test_MGDB","pace",1,583
128,"test_MGDB","latte3.jpg",1,772
128,"test_MGDB","fastidioso",1,693
128,"test_MGDB","latte1.jpg",1,774
128,"test_MGDB","eccellente",1,1687
128,"test_MGDB","fond1.jpg",1,575
128,"test_MGDB","cattivo",1,713
128,"test_MGDB","latte4.jpg",1,695
128,"test_MGDB","schifo",1,1081
128,"test_MGDB","latte7.jpg",1,1607
128,"test_MGDB","orribile",1,1148
128,"test_MGDB","fond5.jpg",1,647
128,"test_MGDB","orribile",1,1070
128,"test_MGDB","latte2.jpg",1,618
128,"test_MGDB","buono",1,787
128,"test_MGDB","latte6.jpg",1,1431
128,"test_MGDB","paradiso",1,786
128,"test_MGDB","latte5.jpg",1,510
128,"test_MGDB","piacere",1,626
128,"test_MGDB","latte1.jpg",1,614
128,"test_MGDB","gioia",1,456
128,"test_MGDB","fond4.jpg",1,618
128,"test_MGDB","pace",1,571
128,"test_MGDB","fond6.jpg",1,461
128,"test_MGDB","dolore",1,766
128,"practice_DGMB","meraviglioso",1,1385
128,"practice_DGMB","fond6.jpg",1,2668
128,"practice_DGMB","piacere",1,837
128,"practice_DGMB","latte6.jpg",1,899
128,"practice_DGMB","cattivo",1,892
128,"practice_DGMB","fond5.jpg",1,989
128,"practice_DGMB","paradiso",1,1857
128,"practice_DGMB","latte7.jpg",1,833
128,"practice_DGMB","stupendo",1,724
128,"practice_DGMB","fond4.jpg",1,782
128,"practice_DGMB","odio",1,734
128,"practice_DGMB","fond3.jpg",1,536
128,"practice_DGMB","male",1,2114
128,"practice_DGMB","fond2.jpg",1,998
128,"practice_DGMB","orribile",1,997
128,"practice_DGMB","fond1.jpg",1,851
128,"practice_DGMB","terribile",1,812
128,"practice_DGMB","fond7.jpg",1,1109
128,"practice_DGMB","gloria",1,1441
128,"practice_DGMB","latte4.jpg",1,782
128,"test_DGMB","fond6.jpg",1,747
128,"test_DGMB","fallimento",1,1231
128,"test_DGMB","latte1.jpg",1,858
128,"test_DGMB","felicità",1,940
128,"test_DGMB","fond3.jpg",1,727
128,"test_DGMB","eccellente",1,590
128,"test_DGMB","latte5.jpg",1,514
128,"test_DGMB","pace",1,670
128,"test_DGMB","latte2.jpg",1,2594
128,"test_DGMB","schifo",1,940
128,"test_DGMB","latte3.jpg",1,535
128,"test_DGMB","bello",1,617
128,"test_DGMB","fond5.jpg",1,658
128,"test_DGMB","disastro",1,940
128,"test_DGMB","fond7.jpg",1,815
128,"test_DGMB","amore",1,1865
128,"test_DGMB","fond2.jpg",1,787
128,"test_DGMB","dolore",1,623
128,"test_DGMB","latte6.jpg",1,691
128,"test_DGMB","brutto",1,756
128,"test_DGMB","latte5.jpg",1,755
128,"test_DGMB","nocivo",1,711
128,"test_DGMB","latte7.jpg",1,586
128,"test_DGMB","gioia",1,607
128,"test_DGMB","fond1.jpg",1,928
128,"test_DGMB","ridere",1,686
128,"test_DGMB","latte4.jpg",1,680
128,"test_DGMB","buono",1,1455
128,"test_DGMB","latte1.jpg",1,1391
128,"test_DGMB","agonia",1,1162
128,"test_DGMB","latte2.jpg",1,680
128,"test_DGMB","fastidioso",1,543
128,"test_DGMB","latte3.jpg",1,499
128,"test_DGMB","schifo",1,509
128,"test_DGMB","fond4.jpg",1,601
128,"test_DGMB","ridere",1,520
128,"test_DGMB","fond7.jpg",1,447
128,"test_DGMB","brutto",1,590
128,"test_DGMB","latte5.jpg",1,1098
128,"test_DGMB","gloria",1,1955
130,"practice_DGMB","ridere",1,2385
130,"practice_DGMB","fond3.jpg",1,1434
130,"practice_DGMB","nocivo",1,1013
130,"practice_DGMB","latte4.jpg",1,934
130,"practice_DGMB","terribile",1,1039
130,"practice_DGMB","latte1.jpg",1,741
130,"practice_DGMB","orribile",1,870
130,"practice_DGMB","fond1.jpg",1,770
130,"practice_DGMB","dolore",1,955
130,"practice_DGMB","latte3.jpg",1,1273
130,"practice_DGMB","eccellente",1,2605
130,"practice_DGMB","fond5.jpg",1,1944
130,"practice_DGMB","paradiso",1,971
130,"practice_DGMB","latte5.jpg",1,812
130,"practice_DGMB","cattivo",1,1013
130,"practice_DGMB","fond2.jpg",1,798
130,"practice_DGMB","fallimento",1,1356
130,"practice_DGMB","fond6.jpg",1,914
130,"practice_DGMB","stupendo",1,1222
130,"practice_DGMB","fond7.jpg",1,945
130,"test_DGMB","fond4.jpg",1,942
130,"test_DGMB","disastro",1,1431
130,"test_DGMB","fond5.jpg",1,634
130,"test_DGMB","gioia",1,751
130,"test_DGMB","latte7.jpg",1,730
130,"test_DGMB","odio",1,1228
130,"test_DGMB","fond3.jpg",1,1559
130,"test_DGMB","pace",1,1836
130,"test_DGMB","latte6.jpg",1,1041
130,"test_DGMB","amore",1,936
130,"test_DGMB","latte2.jpg",1,1176
130,"test_DGMB","agonia",1,1233
130,"test_DGMB","latte4.jpg",1,999
130,"test_DGMB","bello",1,1133
130,"test_DGMB","latte1.jpg",1,1198
130,"test_DGMB","schifo",1,1180
130,"test_DGMB","fond2.jpg",1,871
130,"test_DGMB","fastidioso",1,963
130,"test_DGMB","fond6.jpg",1,913
130,"test_DGMB","gloria",1,1917
130,"test_DGMB","fond1.jpg",1,858
130,"test_DGMB","brutto",1,635
130,"test_DGMB","latte5.jpg",1,737
130,"test_DGMB","buono",1,1467
130,"test_DGMB","latte6.jpg",0,406
130,"test_DGMB","meraviglioso",1,1557
130,"test_DGMB","fond4.jpg",1,690
130,"test_DGMB","felicità",1,2244
130,"test_DGMB","latte3.jpg",1,648
130,"test_DGMB","male",1,671
130,"test_DGMB","latte7.jpg",1,1610
130,"test_DGMB","piacere",1,1099
130,"test_DGMB","latte2.jpg",1,774
130,"test_DGMB","stupendo",1,815
130,"test_DGMB","latte2.jpg",1,801
130,"test_DGMB","brutto",1,1111
130,"test_DGMB","fond7.jpg",1,682
130,"test_DGMB","paradiso",1,913
130,"test_DGMB","fond3.jpg",1,520
130,"test_DGMB","male",1,759
130,"practice_MGDB","buono",1,1113
130,"practice_MGDB","fond3.jpg",1,783
130,"practice_MGDB","fallimento",1,1011
130,"practice_MGDB","latte4.jpg",1,756
130,"practice_MGDB","agonia",1,915
130,"practice_MGDB","latte5.jpg",1,777
130,"practice_MGDB","pace",1,675
130,"practice_MGDB","fond7.jpg",1,593
130,"practice_MGDB","bello",1,573
130,"practice_MGDB","latte2.jpg",1,1087
130,"practice_MGDB","meraviglioso",1,1157
130,"practice_MGDB","latte6.jpg",1,707
130,"practice_MGDB","terribile",1,679
130,"practice_MGDB","fond2.jpg",1,702
130,"practice_MGDB","brutto",1,951
130,"practice_MGDB","fond1.jpg",1,674
130,"practice_MGDB","ridere",1,759
130,"practice_MGDB","fond4.jpg",1,669
130,"practice_MGDB","felicità",1,713
130,"practice_MGDB","latte1.jpg",1,536
130,"test_MGDB","fond5.jpg",1,871
130,"test_MGDB","dolore",1,555
130,"test_MGDB","fond6.jpg",1,458
130,"test_MGDB","odio",1,444
130,"test_MGDB","latte3.jpg",1,522
130,"test_MGDB","male",1,570
130,"test_MGDB","latte7.jpg",1,595
130,"test_MGDB","gloria",1,951
130,"test_MGDB","latte3.jpg",1,546
130,"test_MGDB","nocivo",1,863
130,"test_MGDB","fond6.jpg",1,523
130,"test_MGDB","cattivo",1,1282
130,"test_MGDB","latte7.jpg",1,856
130,"test_MGDB","gioia",1,649
130,"test_MGDB","latte4.jpg",1,546
130,"test_MGDB","disastro",1,862
130,"test_MGDB","fond5.jpg",1,650
130,"test_MGDB","eccellente",1,828
130,"test_MGDB","latte5.jpg",1,527
130,"test_MGDB","fastidioso",1,942
130,"test_MGDB","fond3.jpg",1,922
130,"test_MGDB","schifo",1,889
130,"test_MGDB","fond2.jpg",1,561
130,"test_MGDB","amore",1,632
130,"test_MGDB","fond7.jpg",1,631
130,"test_MGDB","orribile",1,899
130,"test_MGDB","latte6.jpg",1,535
130,"test_MGDB","piacere",1,489
130,"test_MGDB","latte2.jpg",1,386
130,"test_MGDB","paradiso",1,1207
130,"test_MGDB","fond1.jpg",1,1015
130,"test_MGDB","stupendo",1,912
130,"test_MGDB","fond4.jpg",1,519
130,"test_MGDB","piacere",1,782
130,"test_MGDB","latte1.jpg",1,1065
130,"test_MGDB","schifo",1,637
130,"test_MGDB","fond7.jpg",1,572
130,"test_MGDB","eccellente",1,685
130,"test_MGDB","latte4.jpg",1,558
130,"test_MGDB","nocivo",1,694
131,"practice_DGMB","paradiso",1,1560
131,"practice_DGMB","fond5.jpg",1,1053
131,"practice_DGMB","gioia",1,758
131,"practice_DGMB","latte6.jpg",1,700
131,"practice_DGMB","brutto",1,638
131,"practice_DGMB","fond6.jpg",1,540
131,"practice_DGMB","felicità",1,550
131,"practice_DGMB","fond2.jpg",1,562
131,"practice_DGMB","disastro",1,593
131,"practice_DGMB","latte5.jpg",1,632
131,"practice_DGMB","stupendo",1,652
131,"practice_DGMB","latte2.jpg",1,670
131,"practice_DGMB","eccellente",1,578
131,"practice_DGMB","latte3.jpg",1,614
131,"practice_DGMB","piacere",1,535
131,"practice_DGMB","fond4.jpg",1,625
131,"practice_DGMB","male",1,605
131,"practice_DGMB","fond3.jpg",1,590
131,"practice_DGMB","bello",1,899
131,"practice_DGMB","fond7.jpg",0,862
131,"test_DGMB","latte7.jpg",1,842
131,"test_DGMB","buono",1,960
131,"test_DGMB","fond1.jpg",1,702
131,"test_DGMB","fastidioso",1,795
131,"test_DGMB","latte4.jpg",1,1049
131,"test_DGMB","terribile",1,887
131,"test_DGMB","fond3.jpg",1,664
131,"test_DGMB","pace",1,1372
131,"test_DGMB","fond4.jpg",1,637
131,"test_DGMB","ridere",1,588
131,"test_DGMB","latte1.jpg",1,672
131,"test_DGMB","odio",1,564
131,"test_DGMB","latte4.jpg",1,691
131,"test_DGMB","gloria",1,628
131,"test_DGMB","latte7.jpg",1,680
131,"test_DGMB","agonia",1,879
131,"test_DGMB","fond7.jpg",1,605
131,"test_DGMB","fallimento",1,788
131,"test_DGMB","latte5.jpg",1,712
131,"test_DGMB","cattivo",1,764
131,"test_DGMB","fond6.jpg",1,562
131,"test_DGMB","meraviglioso",1,809
131,"test_DGMB","latte6.jpg",1,699
131,"test_DGMB","dolore",1,1028
131,"test_DGMB","latte1.jpg",1,511
131,"test_DGMB","amore",1,596
131,"test_DGMB","latte3.jpg",1,827
131,"test_DGMB","orribile",1,911
131,"test_DGMB","fond2.jpg",1,522
131,"test_DGMB","amore",1,1177
131,"test_DGMB","fond5.jpg",1,570
131,"test_DGMB","nocivo",1,587
131,"test_DGMB","fond1.jpg",1,551
131,"test_DGMB","schifo",1,1124
131,"test_DGMB","fond7.jpg",1,1266
131,"test_DGMB","odio",1,829
131,"test_DGMB","latte2.jpg",1,689
131,"test_DGMB","eccellente",1,690
131,"test_DGMB","latte3.jpg",1,979
131,"test_DGMB","agonia",1,997
131,"practice_MGDB","meraviglioso",1,1575
131,"practice_MGDB","latte7.jpg",1,1705
131,"practice_MGDB","felicità",1,1012
131,"practice_MGDB","fond1.jpg",1,741
131,"practice_MGDB","brutto",1,966
131,"practice_MGDB","fond3.jpg",1,631
131,"practice_MGDB","eccellente",1,699
131,"practice_MGDB","fond4.jpg",1,1063
131,"practice_MGDB","pace",1,899
131,"practice_MGDB","fond2.jpg",1,710
131,"practice_MGDB","paradiso",1,810
131,"practice_MGDB","fond5.jpg",1,739
131,"practice_MGDB","fastidioso",1,1061
131,"practice_MGDB","latte1.jpg",1,1152
131,"practice_MGDB","gioia",1,891
131,"practice_MGDB","latte2.jpg",1,532
131,"practice_MGDB","dolore",1,1014
131,"practice_MGDB","latte6.jpg",1,1135
131,"practice_MGDB","schifo",1,792
131,"practice_MGDB","latte5.jpg",1,662
131,"test_MGDB","latte3.jpg",1,2507
131,"test_MGDB","amore",1,1797
131,"test_MGDB","latte4.jpg",1,881
131,"test_MGDB","nocivo",1,776
131,"test_MGDB","fond7.jpg",1,617
131,"test_MGDB","buono",0,819
131,"test_MGDB","latte2.jpg",1,2598
131,"test_MGDB","orribile",1,674
131,"test_MGDB","fond6.jpg",1,1345
131,"test_MGDB","odio",1,1052
131,"test_MGDB","fond5.jpg",1,821
131,"test_MGDB","agonia",1,942
131,"test_MGDB","fond1.jpg",1,458
131,"test_MGDB","ridere",1,507
131,"test_MGDB","latte4.jpg",1,760
131,"test_MGDB","terribile",1,846
131,"test_MGDB","fond4.jpg",1,1479
131,"test_MGDB","disastro",1,861
131,"test_MGDB","fond2.jpg",1,577
131,"test_MGDB","bello",1,674
131,"test_MGDB","fond3.jpg",1,657
131,"test_MGDB","fallimento",1,795
131,"test_MGDB","fond7.jpg",1,641
131,"test_MGDB","stupendo",1,672
131,"test_MGDB","fond6.jpg",1,630
131,"test_MGDB","cattivo",1,819
131,"test_MGDB","latte1.jpg",1,550
131,"test_MGDB","gloria",1,1291
131,"test_MGDB","latte3.jpg",1,739
131,"test_MGDB","piacere",1,580
131,"test_MGDB","latte5.jpg",1,464
131,"test_MGDB","male",1,597
131,"test_MGDB","latte7.jpg",1,548
131,"test_MGDB","fastidioso",1,1032
131,"test_MGDB","fond5.jpg",1,846
131,"test_MGDB","amore",1,637
131,"test_MGDB","latte6.jpg",1,891
131,"test_MGDB","paradiso",1,621
131,"test_MGDB","latte7.jpg",1,601
131,"test_MGDB","brutto",1,624
132,"practice_DGMB","cattivo",1,1239
132,"practice_DGMB","fond4.jpg",1,949
132,"practice_DGMB","meraviglioso",1,729
132,"practice_DGMB","fond7.jpg",1,554
132,"practice_DGMB","male",1,518
132,"practice_DGMB","latte7.jpg",1,637
132,"practice_DGMB","orribile",1,548
132,"practice_DGMB","latte4.jpg",1,424
132,"practice_DGMB","dolore",1,541
132,"practice_DGMB","fond2.jpg",1,577
132,"practice_DGMB","amore",1,522
132,"practice_DGMB","fond6.jpg",1,481
132,"practice_DGMB","ridere",1,544
132,"practice_DGMB","latte5.jpg",1,509
132,"practice_DGMB","terribile",1,505
132,"practice_DGMB","fond1.jpg",1,469
132,"practice_DGMB","felicità",1,2537
132,"practice_DGMB","fond5.jpg",1,568
132,"practice_DGMB","schifo",0,543
132,"practice_DGMB","latte3.jpg",1,1843
132,"test_DGMB","fond3.jpg",1,994
132,"test_DGMB","fallimento",1,1062
132,"test_DGMB","fond1.jpg",1,585
132,"test_DGMB","disastro",1,1093
132,"test_DGMB","latte1.jpg",1,742
132,"test_DGMB","gioia",1,727
132,"test_DGMB","latte6.jpg",1,697
132,"test_DGMB","fastidioso",1,1162
132,"test_DGMB","fond7.jpg",1,560
132,"test_DGMB","nocivo",1,679
132,"test_DGMB","fond3.jpg",1,742
132,"test_DGMB","bello",1,559
132,"test_DGMB","latte2.jpg",1,614
132,"test_DGMB","piacere",1,2463
132,"test_DGMB","latte4.jpg",1,1241
132,"test_DGMB","stupendo",1,870
132,"test_DGMB","fond4.jpg",1,1202
132,"test_DGMB","pace",1,752
132,"test_DGMB","latte1.jpg",1,639
132,"test_DGMB","odio",0,766
132,"test_DGMB","fond6.jpg",1,2175
132,"test_DGMB","agonia",1,758
132,"test_DGMB","latte2.jpg",1,660
132,"test_DGMB","brutto",1,830
132,"test_DGMB","latte6.jpg",1,474
132,"test_DGMB","cattivo",1,638
132,"test_DGMB","latte7.jpg",1,909
132,"test_DGMB","gloria",0,625
132,"test_DGMB","latte3.jpg",1,533
132,"test_DGMB","eccellente",1,1262
132,"test_DGMB","fond2.jpg",1,1929
132,"test_DGMB","buono",1,598
132,"test_DGMB","latte5.jpg",1,1045
132,"test_DGMB","fallimento",0,795
132,"test_DGMB","fond5.jpg",1,2170
132,"test_DGMB","paradiso",1,1262
132,"test_DGMB","latte6.jpg",1,945
132,"test_DGMB","felicità",1,973
132,"test_DGMB","fond4.jpg",1,662
132,"test_DGMB","amore",1,575
132,"practice_MGDB","male",1,567
132,"practice_MGDB","fond7.jpg",1,408
132,"practice_MGDB","odio",1,415
132,"practice_MGDB","latte2.jpg",1,449
132,"practice_MGDB","brutto",1,675
132,"practice_MGDB","latte5.jpg",1,898
132,"practice_MGDB","ridere",1,587
132,"practice_MGDB","fond3.jpg",1,511
132,"practice_MGDB","fastidioso",1,427
132,"practice_MGDB","latte6.jpg",1,784
132,"practice_MGDB","schifo",1,628
132,"practice_MGDB","fond1.jpg",1,512
132,"practice_MGDB","stupendo",0,404
132,"practice_MGDB","fond4.jpg",1,686
132,"practice_MGDB","disastro",1,749
132,"practice_MGDB","latte7.jpg",1,728
132,"practice_MGDB","piacere",1,527
132,"practice_MGDB","latte3.jpg",1,497
132,"practice_MGDB","terribile",1,491
132,"practice_MGDB","latte4.jpg",1,604
132,"test_MGDB","fond5.jpg",1,548
132,"test_MGDB","gloria",0,760
132,"test_MGDB","fond6.jpg",1,1798
132,"test_MGDB","pace",1,1196
132,"test_MGDB","latte1.jpg",1,418
132,"test_MGDB","bello",1,499
132,"test_MGDB","fond2.jpg",1,680
132,"test_MGDB","buono",1,647
132,"test_MGDB","latte4.jpg",1,592
132,"test_MGDB","meraviglioso",1,532
132,"test_MGDB","latte2.jpg",1,502
132,"test_MGDB","fallimento",1,639
132,"test_MGDB","fond1.jpg",1,590
132,"test_MGDB","orribile",1,450
132,"test_MGDB","latte1.jpg",1,476
132,"test_MGDB","paradiso",1,579
132,"test_MGDB","fond3.jpg",1,543
132,"test_MGDB","cattivo",1,516
132,"test_MGDB","latte5.jpg",1,466
132,"test_MGDB","agonia",1,847
132,"test_MGDB","fond7.jpg",1,608
132,"test_MGDB","dolore",0,567
132,"test_MGDB","fond6.jpg",1,1608
132,"test_MGDB","nocivo",1,470
132,"test_MGDB","fond5.jpg",1,370
132,"test_MGDB","felicità",1,540
132,"test_MGDB","latte7.jpg",1,480
132,"test_MGDB","amore",1,471
132,"test_MGDB","latte6.jpg",1,358
132,"test_MGDB","eccellente",1,525
132,"test_MGDB","fond4.jpg",1,527
132,"test_MGDB","gioia",1,686
132,"test_MGDB","latte3.jpg",0,503
132,"test_MGDB","stupendo",1,2308
132,"test_MGDB","fond2.jpg",1,957
132,"test_MGDB","amore",1,692
132,"test_MGDB","latte4.jpg",1,669
132,"test_MGDB","male",1,649
132,"test_MGDB","fond1.jpg",1,490
132,"test_MGDB","fallimento",1,540
133,"practice_MGDB","meraviglioso",1,988
133,"practice_MGDB","fond5.jpg",1,762
133,"practice_MGDB","gioia",1,657
133,"practice_MGDB","latte1.jpg",1,674
133,"practice_MGDB","buono",1,718
133,"practice_MGDB","latte4.jpg",1,709
133,"practice_MGDB","odio",1,601
133,"practice_MGDB","fond7.jpg",1,568
133,"practice_MGDB","dolore",1,703
133,"practice_MGDB","latte5.jpg",1,555
133,"practice_MGDB","amore",1,775
133,"practice_MGDB","fond2.jpg",1,640
133,"practice_MGDB","ridere",1,575
133,"practice_MGDB","fond3.jpg",1,568
133,"practice_MGDB","piacere",1,575
133,"practice_MGDB","latte7.jpg",1,881
133,"practice_MGDB","male",1,647
133,"practice_MGDB","latte2.jpg",1,633
133,"practice_MGDB","nocivo",1,533
133,"practice_MGDB","latte3.jpg",1,551
133,"test_MGDB","latte6.jpg",1,622
133,"test_MGDB","schifo",1,823
133,"test_MGDB","fond4.jpg",1,635
133,"test_MGDB","felicità",1,607
133,"test_MGDB","latte2.jpg",1,585
133,"test_MGDB","brutto",1,533
133,"test_MGDB","latte7.jpg",1,719
133,"test_MGDB","fallimento",1,550
133,"test_MGDB","latte3.jpg",1,1010
133,"test_MGDB","terribile",1,547
133,"test_MGDB","fond1.jpg",1,679
133,"test_MGDB","disastro",1,518
133,"test_MGDB","fond6.jpg",1,492
133,"test_MGDB","agonia",1,582
133,"test_MGDB","latte6.jpg",1,546
133,"test_MGDB","fastidioso",1,479
133,"test_MGDB","fond6.jpg",1,534
133,"test_MGDB","eccellente",1,535
133,"test_MGDB","latte1.jpg",0,481
133,"test_MGDB","paradiso",1,992
133,"test_MGDB","fond7.jpg",1,534
133,"test_MGDB","cattivo",1,648
133,"test_MGDB","fond2.jpg",1,633
133,"test_MGDB","gloria",1,589
133,"test_MGDB","latte4.jpg",1,890
133,"test_MGDB","bello",1,739
133,"test_MGDB","latte5.jpg",1,663
133,"test_MGDB","pace",1,715
133,"test_MGDB","fond4.jpg",1,513
133,"test_MGDB","stupendo",1,526
133,"test_MGDB","latte7.jpg",1,735
133,"test_MGDB","orribile",1,505
133,"test_MGDB","fond3.jpg",1,517
133,"test_MGDB","schifo",1,500
133,"test_MGDB","fond5.jpg",1,464
133,"test_MGDB","agonia",1,637
133,"test_MGDB","fond1.jpg",1,547
133,"test_MGDB","pace",1,712
133,"test_MGDB","fond3.jpg",1,630
133,"test_MGDB","bello",1,818
133,"practice_DGMB","male",1,1431
133,"practice_DGMB","fond1.jpg",1,1005
133,"practice_DGMB","pace",1,1499
133,"practice_DGMB","latte2.jpg",1,1014
133,"practice_DGMB","brutto",1,791
133,"practice_DGMB","latte7.jpg",1,1610
133,"practice_DGMB","odio",0,931
133,"practice_DGMB","latte1.jpg",0,2068
133,"practice_DGMB","orribile",1,1150
133,"practice_DGMB","fond2.jpg",1,1233
133,"practice_DGMB","piacere",1,948
133,"practice_DGMB","fond4.jpg",1,944
133,"practice_DGMB","meraviglioso",1,1092
133,"practice_DGMB","fond5.jpg",1,732
133,"practice_DGMB","agonia",1,1030
133,"practice_DGMB","latte4.jpg",1,1185
133,"practice_DGMB","gloria",0,748
133,"practice_DGMB","fond6.jpg",1,792
133,"practice_DGMB","bello",1,1172
133,"practice_DGMB","latte5.jpg",1,973
133,"test_DGMB","fond3.jpg",1,729
133,"test_DGMB","stupendo",1,843
133,"test_DGMB","fond7.jpg",1,641
133,"test_DGMB","eccellente",1,992
133,"test_DGMB","latte3.jpg",1,614
133,"test_DGMB","cattivo",1,615
133,"test_DGMB","latte6.jpg",1,657
133,"test_DGMB","fallimento",1,602
133,"test_DGMB","latte3.jpg",1,609
133,"test_DGMB","amore",1,947
133,"test_DGMB","fond3.jpg",1,870
133,"test_DGMB","nocivo",1,786
133,"test_DGMB","latte6.jpg",0,1142
133,"test_DGMB","fastidioso",1,1151
133,"test_DGMB","fond7.jpg",1,634
133,"test_DGMB","gioia",1,1766
133,"test_DGMB","latte7.jpg",1,774
133,"test_DGMB","terribile",1,1207
133,"test_DGMB","fond2.jpg",1,808
133,"test_DGMB","buono",1,830
133,"test_DGMB","latte1.jpg",1,826
133,"test_DGMB","dolore",1,1086
133,"test_DGMB","latte4.jpg",0,1383
133,"test_DGMB","ridere",1,1343
133,"test_DGMB","latte2.jpg",1,746
133,"test_DGMB","schifo",1,822
133,"test_DGMB","latte5.jpg",1,658
133,"test_DGMB","disastro",1,667
133,"test_DGMB","latte4.jpg",1,671
133,"test_DGMB","odio",1,619
133,"test_DGMB","fond5.jpg",1,559
133,"test_DGMB","paradiso",1,662
133,"test_DGMB","fond4.jpg",1,570
133,"test_DGMB","felicità",1,620
133,"test_DGMB","fond6.jpg",1,576
133,"test_DGMB","pace",1,946
133,"test_DGMB","fond1.jpg",1,597
133,"test_DGMB","orribile",1,572
133,"test_DGMB","fond3.jpg",1,637
133,"test_DGMB","stupendo",1,956
134,"practice_MGDB","schifo",1,1370
134,"practice_MGDB","latte6.jpg",1,1202
134,"practice_MGDB","male",1,1144
134,"practice_MGDB","latte5.jpg",1,988
134,"practice_MGDB","dolore",1,1015
134,"practice_MGDB","fond5.jpg",1,912
134,"practice_MGDB","paradiso",1,676
134,"practice_MGDB","latte2.jpg",1,746
134,"practice_MGDB","nocivo",1,623
134,"practice_MGDB","fond6.jpg",1,739
134,"practice_MGDB","fallimento",0,908
134,"practice_MGDB","fond3.jpg",1,880
134,"practice_MGDB","orribile",1,910
134,"practice_MGDB","fond7.jpg",1,618
134,"practice_MGDB","agonia",1,635
134,"practice_MGDB","fond2.jpg",1,506
134,"practice_MGDB","stupendo",1,646
134,"practice_MGDB","latte7.jpg",1,624
134,"practice_MGDB","ridere",1,540
134,"practice_MGDB","latte1.jpg",1,728
134,"test_MGDB","fond4.jpg",1,606
134,"test_MGDB","eccellente",1,733
134,"test_MGDB","latte4.jpg",1,726
134,"test_MGDB","amore",1,661
134,"test_MGDB","fond1.jpg",1,561
134,"test_MGDB","felicità",1,656
134,"test_MGDB","fond6.jpg",1,929
134,"test_MGDB","buono",1,683
134,"test_MGDB","fond1.jpg",1,681
134,"test_MGDB","brutto",1,1144
134,"test_MGDB","latte3.jpg",1,571
134,"test_MGDB","bello",1,605
134,"test_MGDB","latte1.jpg",1,662
134,"test_MGDB","cattivo",1,567
134,"test_MGDB","latte2.jpg",1,705
134,"test_MGDB","disastro",1,725
134,"test_MGDB","latte4.jpg",1,646
134,"test_MGDB","fastidioso",1,701
134,"test_MGDB","fond4.jpg",1,553
134,"test_MGDB","gioia",1,526
134,"test_MGDB","latte3.jpg",1,687
134,"test_MGDB","terribile",1,598
134,"test_MGDB","fond5.jpg",1,564
134,"test_MGDB","pace",1,556
134,"test_MGDB","fond7.jpg",1,578
134,"test_MGDB","piacere",1,572
134,"test_MGDB","latte5.jpg",1,557
134,"test_MGDB","meraviglioso",1,669
134,"test_MGDB","latte7.jpg",1,560
134,"test_MGDB","gloria",1,568
134,"test_MGDB","fond2.jpg",1,609
134,"test_MGDB","buono",1,619
134,"test_MGDB","latte6.jpg",1,895
134,"test_MGDB","odio",1,544
134,"test_MGDB","fond3.jpg",1,684
134,"test_MGDB","agonia",1,619
134,"test_MGDB","fond7.jpg",1,615
134,"test_MGDB","pace",1,624
134,"test_MGDB","latte6.jpg",1,604
134,"test_MGDB","odio",1,555
134,"practice_DGMB","ridere",1,1313
134,"practice_DGMB","fond7.jpg",1,1007
134,"practice_DGMB","brutto",1,1077
134,"practice_DGMB","latte1.jpg",0,867
134,"practice_DGMB","pace",1,1343
134,"practice_DGMB","latte4.jpg",1,1090
134,"practice_DGMB","fallimento",1,1123
134,"practice_DGMB","latte5.jpg",1,889
134,"practice_DGMB","fastidioso",1,831
134,"practice_DGMB","latte2.jpg",1,837
134,"practice_DGMB","orribile",1,1180
134,"practice_DGMB","latte7.jpg",1,919
134,"practice_DGMB","gioia",1,694
134,"practice_DGMB","fond5.jpg",1,735
134,"practice_DGMB","gloria",1,712
134,"practice_DGMB","latte6.jpg",1,607
134,"practice_DGMB","bello",1,750
134,"practice_DGMB","fond1.jpg",1,786
134,"practice_DGMB","paradiso",1,678
134,"practice_DGMB","latte3.jpg",1,844
134,"test_DGMB","fond3.jpg",1,772
134,"test_DGMB","piacere",1,661
134,"test_DGMB","latte7.jpg",1,609
134,"test_DGMB","meraviglioso",1,683
134,"test_DGMB","latte1.jpg",1,601
134,"test_DGMB","cattivo",1,736
134,"test_DGMB","fond6.jpg",1,681
134,"test_DGMB","disastro",1,1057
134,"test_DGMB","fond2.jpg",1,1265
134,"test_DGMB","stupendo",1,852
134,"test_DGMB","fond4.jpg",1,605
134,"test_DGMB","odio",1,636
134,"test_DGMB","fond4.jpg",1,771
134,"test_DGMB","amore",1,716
134,"test_DGMB","latte5.jpg",1,651
134,"test_DGMB","buono",1,796
134,"test_DGMB","fond2.jpg",1,706
134,"test_DGMB","nocivo",1,575
134,"test_DGMB","latte3.jpg",1,592
134,"test_DGMB","terribile",1,757
134,"test_DGMB","latte4.jpg",1,755
134,"test_DGMB","male",0,663
134,"test_DGMB","fond1.jpg",1,1491
134,"test_DGMB","dolore",1,611
134,"test_DGMB","fond5.jpg",1,837
134,"test_DGMB","schifo",1,923
134,"test_DGMB","latte2.jpg",1,642
134,"test_DGMB","felicità",1,664
134,"test_DGMB","latte6.jpg",1,828
134,"test_DGMB","agonia",1,616
134,"test_DGMB","fond6.jpg",1,570
134,"test_DGMB","eccellente",1,635
134,"test_DGMB","latte3.jpg",1,674
134,"test_DGMB","fastidioso",1,806
134,"test_DGMB","fond3.jpg",1,519
134,"test_DGMB","bello",1,598
134,"test_DGMB","fond7.jpg",1,565
134,"test_DGMB","felicità",1,548
134,"test_DGMB","fond1.jpg",1,568
134,"test_DGMB","dolore",1,599
135,"practice_MGDB","schifo",1,2315
135,"practice_MGDB","fond2.jpg",1,751
135,"practice_MGDB","male",1,755
135,"practice_MGDB","latte1.jpg",1,1081
135,"practice_MGDB","gloria",1,991
135,"practice_MGDB","latte7.jpg",1,1438
135,"practice_MGDB","amore",1,579
135,"practice_MGDB","latte4.jpg",1,511
135,"practice_MGDB","felicità",1,1076
135,"practice_MGDB","fond4.jpg",1,802
135,"practice_MGDB","fallimento",1,705
135,"practice_MGDB","latte5.jpg",1,844
135,"practice_MGDB","piacere",1,723
135,"practice_MGDB","latte2.jpg",1,610
135,"practice_MGDB","meraviglioso",1,1675
135,"practice_MGDB","latte6.jpg",1,592
135,"practice_MGDB","nocivo",1,804
135,"practice_MGDB","fond1.jpg",1,589
135,"practice_MGDB","orribile",1,2098
135,"practice_MGDB","fond7.jpg",1,449
135,"test_MGDB","fond5.jpg",1,2140
135,"test_MGDB","gioia",1,587
135,"test_MGDB","fond3.jpg",1,647
135,"test_MGDB","cattivo",1,742
135,"test_MGDB","fond6.jpg",1,626
135,"test_MGDB","stupendo",1,710
135,"test_MGDB","latte3.jpg",1,1394
135,"test_MGDB","disastro",1,1853
135,"test_MGDB","fond6.jpg",1,508
135,"test_MGDB","odio",1,697
135,"test_MGDB","latte5.jpg",1,610
135,"test_MGDB","agonia",1,1292
135,"test_MGDB","latte6.jpg",1,1580
135,"test_MGDB","brutto",1,996
135,"test_MGDB","latte4.jpg",1,634
135,"test_MGDB","eccellente",1,838
135,"test_MGDB","fond3.jpg",1,581
135,"test_MGDB","terribile",1,1846
135,"test_MGDB","fond1.jpg",1,502
135,"test_MGDB","bello",1,626
135,"test_MGDB","fond2.jpg",1,1015
135,"test_MGDB","fastidioso",1,1359
135,"test_MGDB","fond7.jpg",1,1565
135,"test_MGDB","dolore",1,994
135,"test_MGDB","fond4.jpg",1,497
135,"test_MGDB","buono",1,650
135,"test_MGDB","latte7.jpg",1,692
135,"test_MGDB","brutto",1,685
135,"test_MGDB","latte1.jpg",1,670
135,"test_MGDB","ridere",1,803
135,"test_MGDB","fond5.jpg",1,937
135,"test_MGDB","paradiso",1,658
135,"test_MGDB","latte2.jpg",0,1422
135,"test_MGDB","pace",1,3022
135,"test_MGDB","latte3.jpg",1,551
135,"test_MGDB","bello",1,1627
135,"test_MGDB","latte4.jpg",1,630
135,"test_MGDB","orribile",1,586
135,"test_MGDB","fond5.jpg",1,550
135,"test_MGDB","stupendo",1,578
135,"practice_DGMB","fallimento",1,3278
135,"practice_DGMB","fond2.jpg",1,1073
135,"practice_DGMB","meraviglioso",1,685
135,"practice_DGMB","latte1.jpg",1,1030
135,"practice_DGMB","fastidioso",1,1106
135,"practice_DGMB","fond4.jpg",1,845
135,"practice_DGMB","stupendo",1,1380
135,"practice_DGMB","fond5.jpg",1,1230
135,"practice_DGMB","gioia",1,1370
135,"practice_DGMB","latte7.jpg",1,698
135,"practice_DGMB","eccellente",1,643
135,"practice_DGMB","latte4.jpg",1,1194
135,"practice_DGMB","nocivo",1,1861
135,"practice_DGMB","latte5.jpg",1,560
135,"practice_DGMB","pace",1,631
135,"practice_DGMB","fond3.jpg",1,3898
135,"practice_DGMB","schifo",1,679
135,"practice_DGMB","fond7.jpg",1,878
135,"practice_DGMB","buono",1,612
135,"practice_DGMB","latte3.jpg",1,542
135,"test_DGMB","fond1.jpg",1,1634
135,"test_DGMB","gloria",1,637
135,"test_DGMB","fond6.jpg",1,507
135,"test_DGMB","paradiso",1,736
135,"test_DGMB","latte6.jpg",1,633
135,"test_DGMB","brutto",1,533
135,"test_DGMB","latte2.jpg",1,783
135,"test_DGMB","disastro",1,763
135,"test_DGMB","fond4.jpg",1,617
135,"test_DGMB","amore",1,531
135,"test_DGMB","latte2.jpg",1,836
135,"test_DGMB","piacere",1,963
135,"test_DGMB","fond6.jpg",0,1321
135,"test_DGMB","dolore",1,2127
135,"test_DGMB","latte5.jpg",1,3422
135,"test_DGMB","ridere",1,2099
135,"test_DGMB","fond7.jpg",1,690
135,"test_DGMB","male",1,884
135,"test_DGMB","latte1.jpg",1,634
135,"test_DGMB","felicità",1,774
135,"test_DGMB","fond3.jpg",1,728
135,"test_DGMB","bello",1,566
135,"test_DGMB","latte4.jpg",1,688
135,"test_DGMB","orribile",1,663
135,"test_DGMB","fond2.jpg",1,571
135,"test_DGMB","terribile",1,708
135,"test_DGMB","latte6.jpg",1,1128
135,"test_DGMB","meraviglioso",1,1902
135,"test_DGMB","latte7.jpg",1,1784
135,"test_DGMB","odio",1,603
135,"test_DGMB","fond5.jpg",1,498
135,"test_DGMB","agonia",1,1235
135,"test_DGMB","latte3.jpg",1,1721
135,"test_DGMB","cattivo",1,574
135,"test_DGMB","fond1.jpg",1,648
135,"test_DGMB","schifo",1,527
135,"test_DGMB","latte3.jpg",1,1144
135,"test_DGMB","fastidioso",1,1084
135,"test_DGMB","fond1.jpg",1,514
135,"test_DGMB","ridere",1,534
136,"practice_MGDB","ridere",1,1017
136,"practice_MGDB","fond2.jpg",1,1005
136,"practice_MGDB","brutto",1,659
136,"practice_MGDB","latte3.jpg",1,631
136,"practice_MGDB","piacere",1,491
136,"practice_MGDB","fond3.jpg",1,533
136,"practice_MGDB","fallimento",1,702
136,"practice_MGDB","latte6.jpg",1,490
136,"practice_MGDB","gioia",1,620
136,"practice_MGDB","fond6.jpg",1,521
136,"practice_MGDB","nocivo",1,487
136,"practice_MGDB","fond1.jpg",1,497
136,"practice_MGDB","felicità",1,522
136,"practice_MGDB","fond7.jpg",1,401
136,"practice_MGDB","fastidioso",1,553
136,"practice_MGDB","latte1.jpg",1,511
136,"practice_MGDB","terribile",1,492
136,"practice_MGDB","fond4.jpg",1,509
136,"practice_MGDB","pace",1,986
136,"practice_MGDB","fond5.jpg",1,405
136,"test_MGDB","latte4.jpg",1,589
136,"test_MGDB","disastro",1,506
136,"test_MGDB","fond2.jpg",1,382
136,"test_MGDB","agonia",1,539
136,"test_MGDB","latte2.jpg",1,447
136,"test_MGDB","odio",1,470
136,"test_MGDB","latte7.jpg",1,586
136,"test_MGDB","stupendo",1,598
136,"test_MGDB","fond5.jpg",1,405
136,"test_MGDB","eccellente",1,1044
136,"test_MGDB","fond1.jpg",1,410
136,"test_MGDB","male",1,580
136,"test_MGDB","latte5.jpg",1,440
136,"test_MGDB","cattivo",1,472
136,"test_MGDB","latte4.jpg",1,543
136,"test_MGDB","bello",1,499
136,"test_MGDB","fond6.jpg",1,375
136,"test_MGDB","buono",1,553
136,"test_MGDB","latte6.jpg",1,528
136,"test_MGDB","paradiso",0,503
136,"test_MGDB","latte3.jpg",1,1339
136,"test_MGDB","amore",1,588
136,"test_MGDB","fond3.jpg",1,616
136,"test_MGDB","orribile",1,761
136,"test_MGDB","latte7.jpg",1,736
136,"test_MGDB","gloria",1,529
136,"test_MGDB","latte1.jpg",1,443
136,"test_MGDB","meraviglioso",1,578
136,"test_MGDB","latte2.jpg",1,382
136,"test_MGDB","dolore",1,507
136,"test_MGDB","fond7.jpg",1,399
136,"test_MGDB","schifo",1,422
136,"test_MGDB","latte5.jpg",1,482
136,"test_MGDB","piacere",1,458
136,"test_MGDB","latte6.jpg",1,350
136,"test_MGDB","amore",1,475
136,"test_MGDB","fond4.jpg",1,481
136,"test_MGDB","male",1,425
136,"test_MGDB","fond5.jpg",1,373
136,"test_MGDB","agonia",1,575
136,"practice_DGMB","cattivo",1,1291
136,"practice_DGMB","fond7.jpg",0,403
136,"practice_DGMB","orribile",1,1634
136,"practice_DGMB","latte5.jpg",0,808
136,"practice_DGMB","fallimento",1,4526
136,"practice_DGMB","latte1.jpg",0,1391
136,"practice_DGMB","dolore",1,1074
136,"practice_DGMB","latte7.jpg",1,768
136,"practice_DGMB","paradiso",0,527
136,"practice_DGMB","fond3.jpg",0,1280
136,"practice_DGMB","odio",1,1742
136,"practice_DGMB","fond4.jpg",1,1616
136,"practice_DGMB","gioia",0,953
136,"practice_DGMB","fond2.jpg",1,4447
136,"practice_DGMB","amore",1,1632
136,"practice_DGMB","fond6.jpg",1,1026
136,"practice_DGMB","gloria",0,1718
136,"practice_DGMB","latte2.jpg",1,2267
136,"practice_DGMB","ridere",1,1613
136,"practice_DGMB","latte3.jpg",1,1165
136,"test_DGMB","fond1.jpg",1,2790
136,"test_DGMB","pace",1,1432
136,"test_DGMB","latte4.jpg",1,1626
136,"test_DGMB","nocivo",1,509
136,"test_DGMB","fond5.jpg",0,937
136,"test_DGMB","felicità",1,1722
136,"test_DGMB","fond2.jpg",0,807
136,"test_DGMB","eccellente",1,2550
136,"test_DGMB","latte6.jpg",0,487
136,"test_DGMB","piacere",1,4254
136,"test_DGMB","fond7.jpg",1,1042
136,"test_DGMB","male",1,1008
136,"test_DGMB","latte7.jpg",1,1385
136,"test_DGMB","meraviglioso",1,900
136,"test_DGMB","latte1.jpg",1,888
136,"test_DGMB","terribile",1,1230
136,"test_DGMB","fond6.jpg",1,825
136,"test_DGMB","schifo",1,1133
136,"test_DGMB","fond4.jpg",1,1750
136,"test_DGMB","brutto",1,1185
136,"test_DGMB","latte6.jpg",1,660
136,"test_DGMB","buono",1,837
136,"test_DGMB","fond5.jpg",1,828
136,"test_DGMB","stupendo",1,632
136,"test_DGMB","latte4.jpg",1,854
136,"test_DGMB","bello",1,711
136,"test_DGMB","fond3.jpg",1,670
136,"test_DGMB","disastro",1,762
136,"test_DGMB","latte3.jpg",1,841
136,"test_DGMB","fastidioso",1,1407
136,"test_DGMB","latte5.jpg",1,951
136,"test_DGMB","agonia",1,699
136,"test_DGMB","latte2.jpg",1,463
136,"test_DGMB","amore",1,676
136,"test_DGMB","latte3.jpg",1,650
136,"test_DGMB","cattivo",0,636
136,"test_DGMB","fond1.jpg",1,1250
136,"test_DGMB","orribile",1,875
136,"test_DGMB","fond4.jpg",1,857
136,"test_DGMB","piacere",1,651
137,"practice_DGMB","odio",1,957
137,"practice_DGMB","latte7.jpg",1,715
137,"practice_DGMB","amore",1,751
137,"practice_DGMB","fond3.jpg",1,446
137,"practice_DGMB","brutto",1,821
137,"practice_DGMB","fond4.jpg",1,657
137,"practice_DGMB","paradiso",1,762
137,"practice_DGMB","fond7.jpg",1,785
137,"practice_DGMB","ridere",1,613
137,"practice_DGMB","latte4.jpg",1,590
137,"practice_DGMB","agonia",1,602
137,"practice_DGMB","latte1.jpg",1,833
137,"practice_DGMB","bello",1,1357
137,"practice_DGMB","latte6.jpg",1,723
137,"practice_DGMB","schifo",1,641
137,"practice_DGMB","fond1.jpg",1,1816
137,"practice_DGMB","disastro",1,744
137,"practice_DGMB","latte3.jpg",1,620
137,"practice_DGMB","pace",1,1149
137,"practice_DGMB","latte5.jpg",1,672
137,"test_DGMB","fond5.jpg",1,526
137,"test_DGMB","nocivo",1,853
137,"test_DGMB","latte2.jpg",1,566
137,"test_DGMB","dolore",1,973
137,"test_DGMB","fond2.jpg",1,614
137,"test_DGMB","meraviglioso",1,592
137,"test_DGMB","latte5.jpg",1,615
137,"test_DGMB","gloria",1,608
137,"test_DGMB","latte1.jpg",1,601
137,"test_DGMB","male",1,648
137,"test_DGMB","latte6.jpg",1,682
137,"test_DGMB","terribile",1,729
137,"test_DGMB","fond6.jpg",1,506
137,"test_DGMB","gioia",1,518
137,"test_DGMB","fond2.jpg",1,477
137,"test_DGMB","piacere",1,700
137,"test_DGMB","fond5.jpg",1,544
137,"test_DGMB","felicità",1,917
137,"test_DGMB","latte2.jpg",1,531
137,"test_DGMB","cattivo",1,452
137,"test_DGMB","fond6.jpg",0,518
137,"test_DGMB","stupendo",1,1901
137,"test_DGMB","fond3.jpg",1,511
137,"test_DGMB","eccellente",1,691
137,"test_DGMB","latte3.jpg",1,581
137,"test_DGMB","fastidioso",1,638
137,"test_DGMB","fond7.jpg",1,773
137,"test_DGMB","orribile",1,758
137,"test_DGMB","fond4.jpg",1,677
137,"test_DGMB","fallimento",1,652
137,"test_DGMB","fond1.jpg",0,493
137,"test_DGMB","buono",1,1239
137,"test_DGMB","latte4.jpg",1,709
137,"test_DGMB","brutto",1,881
137,"test_DGMB","latte7.jpg",1,703
137,"test_DGMB","gioia",1,676
137,"test_DGMB","latte1.jpg",1,778
137,"test_DGMB","piacere",1,564
137,"test_DGMB","fond2.jpg",1,501
137,"test_DGMB","odio",1,758
137,"practice_MGDB","fallimento",1,670
137,"practice_MGDB","latte7.jpg",1,612
137,"practice_MGDB","orribile",1,710
137,"practice_MGDB","fond4.jpg",1,650
137,"practice_MGDB","amore",1,723
137,"practice_MGDB","fond7.jpg",1,586
137,"practice_MGDB","meraviglioso",1,686
137,"practice_MGDB","fond3.jpg",1,688
137,"practice_MGDB","stupendo",1,630
137,"practice_MGDB","fond2.jpg",1,546
137,"practice_MGDB","gloria",1,583
137,"practice_MGDB","latte5.jpg",1,467
137,"practice_MGDB","fastidioso",1,623
137,"practice_MGDB","fond6.jpg",1,667
137,"practice_MGDB","male",1,815
137,"practice_MGDB","latte3.jpg",1,553
137,"practice_MGDB","pace",1,1189
137,"practice_MGDB","fond5.jpg",1,544
137,"practice_MGDB","felicità",1,628
137,"practice_MGDB","fond1.jpg",1,520
137,"test_MGDB","fond7.jpg",1,578
137,"test_MGDB","brutto",1,580
137,"test_MGDB","fond4.jpg",1,408
137,"test_MGDB","odio",1,487
137,"test_MGDB","latte2.jpg",1,593
137,"test_MGDB","eccellente",1,477
137,"test_MGDB","latte4.jpg",1,460
137,"test_MGDB","nocivo",1,454
137,"test_MGDB","latte1.jpg",1,536
137,"test_MGDB","cattivo",1,593
137,"test_MGDB","fond2.jpg",1,552
137,"test_MGDB","piacere",1,589
137,"test_MGDB","fond1.jpg",1,521
137,"test_MGDB","bello",1,896
137,"test_MGDB","latte6.jpg",1,393
137,"test_MGDB","agonia",1,637
137,"test_MGDB","latte1.jpg",1,628
137,"test_MGDB","dolore",1,600
137,"test_MGDB","fond5.jpg",1,687
137,"test_MGDB","paradiso",1,622
137,"test_MGDB","latte4.jpg",1,410
137,"test_MGDB","disastro",1,604
137,"test_MGDB","fond3.jpg",1,594
137,"test_MGDB","buono",1,631
137,"test_MGDB","latte7.jpg",1,418
137,"test_MGDB","gioia",1,645
137,"test_MGDB","latte5.jpg",1,486
137,"test_MGDB","ridere",1,461
137,"test_MGDB","fond6.jpg",1,441
137,"test_MGDB","schifo",1,505
137,"test_MGDB","latte6.jpg",1,461
137,"test_MGDB","terribile",1,543
137,"test_MGDB","latte3.jpg",1,491
137,"test_MGDB","ridere",0,596
137,"test_MGDB","fond6.jpg",1,755
137,"test_MGDB","orribile",1,623
137,"test_MGDB","latte2.jpg",1,531
137,"test_MGDB","meraviglioso",1,485
137,"test_MGDB","latte6.jpg",1,687
137,"test_MGDB","disastro",1,654
138,"practice_DGMB","bello",1,1233
138,"practice_DGMB","latte5.jpg",0,831
138,"practice_DGMB","gloria",1,1067
138,"practice_DGMB","fond1.jpg",1,1830
138,"practice_DGMB","pace",1,2064
138,"practice_DGMB","latte3.jpg",1,1178
138,"practice_DGMB","fallimento",1,683
138,"practice_DGMB","latte1.jpg",1,674
138,"practice_DGMB","paradiso",1,1086
138,"practice_DGMB","fond2.jpg",0,622
138,"practice_DGMB","agonia",1,1715
138,"practice_DGMB","latte4.jpg",1,2248
138,"practice_DGMB","stupendo",1,1820
138,"practice_DGMB","fond4.jpg",1,1398
138,"practice_DGMB","dolore",1,764
138,"practice_DGMB","fond7.jpg",1,1066
138,"practice_DGMB","orribile",1,694
138,"practice_DGMB","fond6.jpg",1,567
138,"practice_DGMB","amore",1,966
138,"practice_DGMB","fond3.jpg",1,815
138,"test_DGMB","fond5.jpg",1,679
138,"test_DGMB","odio",1,582
138,"test_DGMB","fond3.jpg",1,530
138,"test_DGMB","piacere",1,971
138,"test_DGMB","latte7.jpg",1,652
138,"test_DGMB","cattivo",1,566
138,"test_DGMB","latte6.jpg",1,551
138,"test_DGMB","ridere",1,604
138,"test_DGMB","latte2.jpg",1,834
138,"test_DGMB","buono",1,558
138,"test_DGMB","latte6.jpg",1,613
138,"test_DGMB","schifo",0,654
138,"test_DGMB","latte7.jpg",1,1112
138,"test_DGMB","brutto",1,475
138,"test_DGMB","fond1.jpg",1,626
138,"test_DGMB","felicità",1,838
138,"test_DGMB","latte4.jpg",1,613
138,"test_DGMB","terribile",1,742
138,"test_DGMB","fond4.jpg",1,690
138,"test_DGMB","gioia",1,788
138,"test_DGMB","fond2.jpg",1,672
138,"test_DGMB","male",1,596
138,"test_DGMB","latte3.jpg",1,538
138,"test_DGMB","meraviglioso",1,797
138,"test_DGMB","fond5.jpg",1,771
138,"test_DGMB","nocivo",1,820
138,"test_DGMB","latte1.jpg",1,456
138,"test_DGMB","eccellente",1,681
138,"test_DGMB","latte2.jpg",1,720
138,"test_DGMB","fastidioso",1,951
138,"test_DGMB","latte5.jpg",1,682
138,"test_DGMB","disastro",1,649
138,"test_DGMB","latte4.jpg",1,650
138,"test_DGMB","orribile",1,580
138,"test_DGMB","fond6.jpg",1,496
138,"test_DGMB","agonia",1,778
138,"test_DGMB","fond7.jpg",0,606
138,"test_DGMB","paradiso",1,1245
138,"test_DGMB","fond7.jpg",1,498
138,"test_DGMB","stupendo",1,772
138,"practice_MGDB","odio",1,978
138,"practice_MGDB","fond6.jpg",1,518
138,"practice_MGDB","meraviglioso",1,813
138,"practice_MGDB","fond1.jpg",1,550
138,"practice_MGDB","gioia",1,1322
138,"practice_MGDB","latte5.jpg",1,512
138,"practice_MGDB","schifo",1,556
138,"practice_MGDB","latte7.jpg",1,523
138,"practice_MGDB","agonia",1,682
138,"practice_MGDB","fond7.jpg",1,1289
138,"practice_MGDB","piacere",1,615
138,"practice_MGDB","fond2.jpg",1,784
138,"practice_MGDB","amore",1,524
138,"practice_MGDB","fond5.jpg",1,493
138,"practice_MGDB","stupendo",1,527
138,"practice_MGDB","latte4.jpg",1,521
138,"practice_MGDB","disastro",1,520
138,"practice_MGDB","fond4.jpg",1,743
138,"practice_MGDB","felicità",1,763
138,"practice_MGDB","fond3.jpg",1,1065
138,"test_MGDB","latte1.jpg",1,1011
138,"test_MGDB","cattivo",1,612
138,"test_MGDB","latte2.jpg",1,493
138,"test_MGDB","male",1,599
138,"test_MGDB","latte3.jpg",1,518
138,"test_MGDB","orribile",1,565
138,"test_MGDB","latte6.jpg",1,470
138,"test_MGDB","brutto",1,667
138,"test_MGDB","latte7.jpg",1,695
138,"test_MGDB","buono",1,504
138,"test_MGDB","latte6.jpg",1,445
138,"test_MGDB","dolore",1,524
138,"test_MGDB","fond7.jpg",0,602
138,"test_MGDB","eccellente",1,713
138,"test_MGDB","latte5.jpg",1,800
138,"test_MGDB","terribile",1,655
138,"test_MGDB","fond2.jpg",1,392
138,"test_MGDB","nocivo",1,541
138,"test_MGDB","latte1.jpg",1,433
138,"test_MGDB","bello",1,589
138,"test_MGDB","latte4.jpg",1,641
138,"test_MGDB","fastidioso",1,672
138,"test_MGDB","fond6.jpg",1,439
138,"test_MGDB","fallimento",1,606
138,"test_MGDB","fond5.jpg",1,415
138,"test_MGDB","paradiso",1,537
138,"test_MGDB","fond3.jpg",1,526
138,"test_MGDB","gloria",1,549
138,"test_MGDB","fond4.jpg",1,681
138,"test_MGDB","pace",1,496
138,"test_MGDB","latte2.jpg",0,505
138,"test_MGDB","schifo",1,1198
138,"test_MGDB","latte3.jpg",1,1131
138,"test_MGDB","ridere",1,484
138,"test_MGDB","fond1.jpg",1,454
138,"test_MGDB","fallimento",1,584
138,"test_MGDB","fond2.jpg",1,452
138,"test_MGDB","amore",1,557
138,"test_MGDB","latte4.jpg",1,404
138,"test_MGDB","gioia",1,748
139,"practice_DGMB","agonia",1,1981
139,"practice_DGMB","fond2.jpg",1,2975
139,"practice_DGMB","schifo",1,1013
139,"practice_DGMB","fond1.jpg",1,5350
139,"practice_DGMB","odio",1,1507
139,"practice_DGMB","fond7.jpg",1,1925
139,"practice_DGMB","stupendo",0,3546
139,"practice_DGMB","fond4.jpg",1,3466
139,"practice_DGMB","pace",1,3207
139,"practice_DGMB","fond5.jpg",1,4402
139,"practice_DGMB","fallimento",1,2059
139,"practice_DGMB","latte7.jpg",1,1053
139,"practice_DGMB","cattivo",1,2367
139,"practice_DGMB","latte2.jpg",1,1002
139,"practice_DGMB","gloria",1,1288
139,"practice_DGMB","fond3.jpg",1,993
139,"practice_DGMB","fastidioso",1,844
139,"practice_DGMB","fond6.jpg",1,797
139,"practice_DGMB","gioia",1,1572
139,"practice_DGMB","fond3.jpg",1,532
139,"test_DGMB","latte4.jpg",1,780
139,"test_DGMB","disastro",0,2421
139,"test_DGMB","latte5.jpg",1,2910
139,"test_DGMB","buono",1,927
139,"test_DGMB","fond1.jpg",1,720
139,"test_DGMB","meraviglioso",1,759
139,"test_DGMB","fond5.jpg",1,621
139,"test_DGMB","bello",1,567
139,"test_DGMB","fond7.jpg",1,464
139,"test_DGMB","eccellente",1,501
139,"test_DGMB","fond2.jpg",1,457
139,"test_DGMB","amore",1,491
139,"test_DGMB","latte1.jpg",1,732
139,"test_DGMB","paradiso",1,886
139,"test_DGMB","fond4.jpg",1,1079
139,"test_DGMB","brutto",1,901
139,"test_DGMB","fond6.jpg",0,1801
139,"test_DGMB","terribile",1,3478
139,"test_DGMB","latte6.jpg",1,1672
139,"test_DGMB","male",1,1099
139,"test_DGMB","latte3.jpg",1,622
139,"test_DGMB","dolore",1,583
139,"test_DGMB","latte7.jpg",1,548
139,"test_DGMB","orribile",1,1200
139,"test_DGMB","latte4.jpg",1,454
139,"test_DGMB","piacere",0,1104
139,"test_DGMB","latte3.jpg",1,987
139,"test_DGMB","ridere",1,2191
139,"test_DGMB","latte1.jpg",1,1392
139,"test_DGMB","felicità",1,939
139,"test_DGMB","latte2.jpg",1,767
139,"test_DGMB","stupendo",1,1406
139,"test_DGMB","latte6.jpg",1,726
139,"test_DGMB","nocivo",1,1037
139,"test_DGMB","fond7.jpg",1,683
139,"test_DGMB","agonia",1,1225
139,"test_DGMB","latte5.jpg",1,941
139,"test_DGMB","nocivo",1,1286
139,"test_DGMB","latte7.jpg",1,638
139,"test_DGMB","gloria",1,3837
139,"practice_MGDB","orribile",1,947
139,"practice_MGDB","fond1.jpg",1,641
139,"practice_MGDB","eccellente",1,1544
139,"practice_MGDB","latte6.jpg",1,843
139,"practice_MGDB","nocivo",1,1433
139,"practice_MGDB","fond4.jpg",1,791
139,"practice_MGDB","ridere",1,3299
139,"practice_MGDB","latte2.jpg",0,960
139,"practice_MGDB","cattivo",1,3030
139,"practice_MGDB","fond2.jpg",1,1295
139,"practice_MGDB","amore",1,2215
139,"practice_MGDB","fond6.jpg",1,886
139,"practice_MGDB","bello",1,2005
139,"practice_MGDB","fond5.jpg",1,1185
139,"practice_MGDB","buono",1,1445
139,"practice_MGDB","fond7.jpg",1,1210
139,"practice_MGDB","brutto",1,1219
139,"practice_MGDB","fond3.jpg",1,518
139,"practice_MGDB","fastidioso",1,629
139,"practice_MGDB","latte3.jpg",1,657
139,"test_MGDB","fond2.jpg",1,1821
139,"test_MGDB","pace",1,1765
139,"test_MGDB","latte4.jpg",1,970
139,"test_MGDB","felicità",1,1931
139,"test_MGDB","latte5.jpg",1,699
139,"test_MGDB","schifo",1,788
139,"test_MGDB","latte7.jpg",1,2728
139,"test_MGDB","terribile",1,932
139,"test_MGDB","fond5.jpg",1,1028
139,"test_MGDB","disastro",1,1520
139,"test_MGDB","latte1.jpg",1,733
139,"test_MGDB","gioia",1,1551
139,"test_MGDB","fond3.jpg",1,649
139,"test_MGDB","odio",1,2771
139,"test_MGDB","latte1.jpg",1,1753
139,"test_MGDB","fallimento",1,1580
139,"test_MGDB","fond7.jpg",1,2238
139,"test_MGDB","male",1,2498
139,"test_MGDB","latte2.jpg",1,737
139,"test_MGDB","stupendo",1,770
139,"test_MGDB","fond1.jpg",1,715
139,"test_MGDB","agonia",1,2351
139,"test_MGDB","latte4.jpg",1,1033
139,"test_MGDB","piacere",1,1357
139,"test_MGDB","fond6.jpg",1,642
139,"test_MGDB","dolore",1,2305
139,"test_MGDB","fond4.jpg",1,2795
139,"test_MGDB","paradiso",1,1732
139,"test_MGDB","latte3.jpg",1,803
139,"test_MGDB","meraviglioso",1,602
139,"test_MGDB","latte7.jpg",1,497
139,"test_MGDB","nocivo",1,674
139,"test_MGDB","latte6.jpg",1,1425
139,"test_MGDB","gloria",1,1316
139,"test_MGDB","latte5.jpg",1,1554
139,"test_MGDB","brutto",1,941
139,"test_MGDB","latte1.jpg",1,784
139,"test_MGDB","gloria",1,956
139,"test_MGDB","fond2.jpg",1,674
139,"test_MGDB","meraviglioso",1,1590
140,"practice_DGMB","dolore",1,1076
140,"practice_DGMB","latte7.jpg",1,1234
140,"practice_DGMB","brutto",1,1013
140,"practice_DGMB","latte4.jpg",1,606
140,"practice_DGMB","meraviglioso",1,1005
140,"practice_DGMB","fond2.jpg",1,942
140,"practice_DGMB","cattivo",1,1567
140,"practice_DGMB","fond1.jpg",1,607
140,"practice_DGMB","gloria",1,822
140,"practice_DGMB","fond5.jpg",1,1122
140,"practice_DGMB","gioia",1,1200
140,"practice_DGMB","fond3.jpg",1,582
140,"practice_DGMB","eccellente",1,751
140,"practice_DGMB","latte6.jpg",1,550
140,"practice_DGMB","ridere",1,834
140,"practice_DGMB","latte3.jpg",1,665
140,"practice_DGMB","male",0,917
140,"practice_DGMB","latte1.jpg",1,2147
140,"practice_DGMB","bello",1,925
140,"practice_DGMB","latte2.jpg",1,758
140,"test_DGMB","latte5.jpg",1,946
140,"test_DGMB","disastro",1,886
140,"test_DGMB","fond7.jpg",1,671
140,"test_DGMB","amore",1,619
140,"test_DGMB","latte1.jpg",1,935
140,"test_DGMB","schifo",1,864
140,"test_DGMB","fond6.jpg",1,3075
140,"test_DGMB","fallimento",1,1404
140,"test_DGMB","fond4.jpg",1,698
140,"test_DGMB","terribile",1,795
140,"test_DGMB","fond5.jpg",1,769
140,"test_DGMB","nocivo",1,1539
140,"test_DGMB","fond4.jpg",1,701
140,"test_DGMB","pace",0,1063
140,"test_DGMB","fond1.jpg",0,906
140,"test_DGMB","buono",1,2158
140,"test_DGMB","latte5.jpg",1,602
140,"test_DGMB","orribile",1,1201
140,"test_DGMB","fond7.jpg",1,719
140,"test_DGMB","paradiso",1,734
140,"test_DGMB","latte2.jpg",1,1159
140,"test_DGMB","felicità",1,1493
140,"test_DGMB","fond6.jpg",1,589
140,"test_DGMB","piacere",1,754
140,"test_DGMB","latte3.jpg",1,936
140,"test_DGMB","agonia",1,1217
140,"test_DGMB","latte7.jpg",1,578
140,"test_DGMB","fastidioso",1,819
140,"test_DGMB","latte6.jpg",1,623
140,"test_DGMB","stupendo",1,843
140,"test_DGMB","latte4.jpg",1,1202
140,"test_DGMB","paradiso",1,968
140,"test_DGMB","fond3.jpg",1,648
140,"test_DGMB","odio",1,575
140,"test_DGMB","latte7.jpg",1,1041
140,"test_DGMB","buono",1,615
140,"test_DGMB","fond2.jpg",1,824
140,"test_DGMB","cattivo",1,924
140,"test_DGMB","fond6.jpg",0,1026
140,"test_DGMB","schifo",1,1302
140,"practice_MGDB","brutto",0,2132
140,"practice_MGDB","latte5.jpg",1,1356
140,"practice_MGDB","felicità",1,1263
140,"practice_MGDB","fond2.jpg",1,666
140,"practice_MGDB","fallimento",1,974
140,"practice_MGDB","fond6.jpg",1,543
140,"practice_MGDB","gioia",1,995
140,"practice_MGDB","fond7.jpg",1,553
140,"practice_MGDB","schifo",1,918
140,"practice_MGDB","latte2.jpg",1,844
140,"practice_MGDB","eccellente",1,747
140,"practice_MGDB","latte1.jpg",1,903
140,"practice_MGDB","agonia",1,930
140,"practice_MGDB","latte4.jpg",1,843
140,"practice_MGDB","orribile",1,1378
140,"practice_MGDB","fond4.jpg",1,562
140,"practice_MGDB","bello",1,1001
140,"practice_MGDB","latte7.jpg",1,703
140,"practice_MGDB","piacere",1,1187
140,"practice_MGDB","fond1.jpg",1,559
140,"test_MGDB","fond5.jpg",1,665
140,"test_MGDB","ridere",1,1253
140,"test_MGDB","fond3.jpg",1,573
140,"test_MGDB","fastidioso",1,1367
140,"test_MGDB","latte3.jpg",1,823
140,"test_MGDB","odio",1,1027
140,"test_MGDB","latte6.jpg",1,1119
140,"test_MGDB","stupendo",1,893
140,"test_MGDB","latte2.jpg",1,694
140,"test_MGDB","buono",1,703
140,"test_MGDB","latte4.jpg",1,635
140,"test_MGDB","gloria",1,807
140,"test_MGDB","latte6.jpg",1,696
140,"test_MGDB","amore",1,842
140,"test_MGDB","latte1.jpg",1,808
140,"test_MGDB","paradiso",1,911
140,"test_MGDB","fond5.jpg",1,514
140,"test_MGDB","cattivo",1,1207
140,"test_MGDB","fond4.jpg",1,759
140,"test_MGDB","pace",1,718
140,"test_MGDB","fond7.jpg",1,725
140,"test_MGDB","meraviglioso",1,747
140,"test_MGDB","fond2.jpg",1,583
140,"test_MGDB","dolore",1,979
140,"test_MGDB","latte7.jpg",1,679
140,"test_MGDB","terribile",1,734
140,"test_MGDB","latte5.jpg",1,719
140,"test_MGDB","disastro",1,1246
140,"test_MGDB","latte3.jpg",1,1382
140,"test_MGDB","nocivo",1,934
140,"test_MGDB","fond1.jpg",1,639
140,"test_MGDB","felicità",1,598
140,"test_MGDB","fond6.jpg",1,637
140,"test_MGDB","male",1,1148
140,"test_MGDB","fond3.jpg",1,767
140,"test_MGDB","cattivo",1,798
140,"test_MGDB","latte6.jpg",1,572
140,"test_MGDB","piacere",1,1062
140,"test_MGDB","fond2.jpg",1,1201
140,"test_MGDB","orribile",1,1023
141,"practice_MGDB","schifo",1,752
141,"practice_MGDB","latte3.jpg",1,1071
141,"practice_MGDB","gloria",1,594
141,"practice_MGDB","latte1.jpg",1,721
141,"practice_MGDB","brutto",1,600
141,"practice_MGDB","fond7.jpg",1,623
141,"practice_MGDB","orribile",1,1035
141,"practice_MGDB","latte5.jpg",1,465
141,"practice_MGDB","ridere",1,661
141,"practice_MGDB","latte7.jpg",1,577
141,"practice_MGDB","piacere",1,491
141,"practice_MGDB","fond1.jpg",1,541
141,"practice_MGDB","dolore",1,550
141,"practice_MGDB","fond6.jpg",1,666
141,"practice_MGDB","pace",1,623
141,"practice_MGDB","fond3.jpg",1,579
141,"practice_MGDB","agonia",1,1412
141,"practice_MGDB","latte4.jpg",1,669
141,"practice_MGDB","amore",1,585
141,"practice_MGDB","fond2.jpg",1,557
141,"test_MGDB","fond5.jpg",1,698
141,"test_MGDB","gioia",1,1548
141,"test_MGDB","latte6.jpg",1,470
141,"test_MGDB","stupendo",1,611
141,"test_MGDB","fond4.jpg",1,452
141,"test_MGDB","fallimento",1,630
141,"test_MGDB","latte2.jpg",1,618
141,"test_MGDB","bello",1,524
141,"test_MGDB","fond6.jpg",1,546
141,"test_MGDB","buono",1,863
141,"test_MGDB","latte5.jpg",1,466
141,"test_MGDB","felicità",1,623
141,"test_MGDB","latte2.jpg",1,451
141,"test_MGDB","fastidioso",1,749
141,"test_MGDB","latte7.jpg",0,1897
141,"test_MGDB","male",1,688
141,"test_MGDB","latte1.jpg",1,1202
141,"test_MGDB","paradiso",1,984
141,"test_MGDB","fond7.jpg",1,1835
141,"test_MGDB","odio",1,1310
141,"test_MGDB","latte6.jpg",1,681
141,"test_MGDB","terribile",1,799
141,"test_MGDB","latte4.jpg",1,822
141,"test_MGDB","cattivo",1,1495
141,"test_MGDB","fond1.jpg",0,775
141,"test_MGDB","nocivo",1,920
141,"test_MGDB","fond2.jpg",1,967
141,"test_MGDB","meraviglioso",1,669
141,"test_MGDB","latte3.jpg",1,1513
141,"test_MGDB","disastro",1,604
141,"test_MGDB","latte1.jpg",1,706
141,"test_MGDB","orribile",1,623
141,"test_MGDB","fond3.jpg",1,779
141,"test_MGDB","fastidioso",1,724
141,"test_MGDB","fond4.jpg",1,498
141,"test_MGDB","eccellente",1,589
141,"test_MGDB","fond5.jpg",0,457
141,"test_MGDB","piacere",1,1819
141,"test_MGDB","fond6.jpg",1,578
141,"test_MGDB","meraviglioso",1,1036
141,"practice_DGMB","buono",1,717
141,"practice_DGMB","latte4.jpg",1,707
141,"practice_DGMB","male",1,767
141,"practice_DGMB","fond3.jpg",1,760
141,"practice_DGMB","ridere",1,751
141,"practice_DGMB","latte2.jpg",1,733
141,"practice_DGMB","agonia",1,831
141,"practice_DGMB","latte1.jpg",1,1226
141,"practice_DGMB","piacere",1,1030
141,"practice_DGMB","fond7.jpg",1,769
141,"practice_DGMB","odio",1,851
141,"practice_DGMB","fond2.jpg",1,740
141,"practice_DGMB","brutto",1,605
141,"practice_DGMB","fond6.jpg",1,886
141,"practice_DGMB","amore",1,765
141,"practice_DGMB","fond4.jpg",1,494
141,"practice_DGMB","disastro",1,640
141,"practice_DGMB","latte7.jpg",0,535
141,"practice_DGMB","eccellente",1,1104
141,"practice_DGMB","latte5.jpg",1,812
141,"test_DGMB","latte3.jpg",1,595
141,"test_DGMB","gloria",1,671
141,"test_DGMB","fond5.jpg",0,582
141,"test_DGMB","gioia",1,2359
141,"test_DGMB","fond1.jpg",0,748
141,"test_DGMB","bello",1,1439
141,"test_DGMB","latte6.jpg",1,981
141,"test_DGMB","schifo",1,1870
141,"test_DGMB","fond7.jpg",1,704
141,"test_DGMB","nocivo",1,812
141,"test_DGMB","fond6.jpg",1,597
141,"test_DGMB","paradiso",1,804
141,"test_DGMB","fond2.jpg",1,541
141,"test_DGMB","cattivo",1,799
141,"test_DGMB","fond1.jpg",1,653
141,"test_DGMB","orribile",0,599
141,"test_DGMB","latte2.jpg",1,1198
141,"test_DGMB","meraviglioso",1,620
141,"test_DGMB","latte3.jpg",1,1824
141,"test_DGMB","dolore",1,1583
141,"test_DGMB","latte1.jpg",0,826
141,"test_DGMB","pace",1,1174
141,"test_DGMB","latte4.jpg",1,1071
141,"test_DGMB","felicità",1,1002
141,"test_DGMB","latte6.jpg",1,1328
141,"test_DGMB","terribile",0,1166
141,"test_DGMB","latte5.jpg",1,1695
141,"test_DGMB","fastidioso",0,854
141,"test_DGMB","fond5.jpg",1,888
141,"test_DGMB","stupendo",1,782
141,"test_DGMB","fond4.jpg",1,1154
141,"test_DGMB","fallimento",1,717
141,"test_DGMB","latte7.jpg",1,1044
141,"test_DGMB","dolore",1,722
141,"test_DGMB","latte1.jpg",1,673
141,"test_DGMB","gioia",1,989
141,"test_DGMB","fond3.jpg",1,672
141,"test_DGMB","terribile",1,1084
141,"test_DGMB","fond5.jpg",1,693
141,"test_DGMB","gloria",1,1271
142,"practice_MGDB","amore",1,633
142,"practice_MGDB","fond7.jpg",1,520
142,"practice_MGDB","gloria",1,727
142,"practice_MGDB","fond4.jpg",1,512
142,"practice_MGDB","buono",1,533
142,"practice_MGDB","latte1.jpg",1,494
142,"practice_MGDB","piacere",1,648
142,"practice_MGDB","fond1.jpg",1,649
142,"practice_MGDB","odio",1,515
142,"practice_MGDB","latte7.jpg",1,474
142,"practice_MGDB","agonia",1,622
142,"practice_MGDB","latte4.jpg",1,610
142,"practice_MGDB","nocivo",1,692
142,"practice_MGDB","latte3.jpg",0,589
142,"practice_MGDB","terribile",1,2065
142,"practice_MGDB","fond3.jpg",1,499
142,"practice_MGDB","ridere",1,469
142,"practice_MGDB","fond6.jpg",1,529
142,"practice_MGDB","orribile",1,1187
142,"practice_MGDB","fond5.jpg",1,462
142,"test_MGDB","fond2.jpg",1,571
142,"test_MGDB","schifo",1,629
142,"test_MGDB","latte5.jpg",1,537
142,"test_MGDB","dolore",1,546
142,"test_MGDB","latte2.jpg",1,462
142,"test_MGDB","gioia",1,675
142,"test_MGDB","latte6.jpg",1,586
142,"test_MGDB","paradiso",1,878
142,"test_MGDB","fond6.jpg",1,452
142,"test_MGDB","eccellente",1,558
142,"test_MGDB","latte3.jpg",1,597
142,"test_MGDB","cattivo",1,756
142,"test_MGDB","latte2.jpg",1,610
142,"test_MGDB","fastidioso",1,1572
142,"test_MGDB","fond4.jpg",1,444
142,"test_MGDB","felicità",1,547
142,"test_MGDB","fond5.jpg",1,519
142,"test_MGDB","bello",1,518
142,"test_MGDB","latte5.jpg",1,541
142,"test_MGDB","stupendo",1,567
142,"test_MGDB","latte6.jpg",1,440
142,"test_MGDB","meraviglioso",1,519
142,"test_MGDB","fond2.jpg",1,558
142,"test_MGDB","fallimento",1,693
142,"test_MGDB","latte4.jpg",1,550
142,"test_MGDB","disastro",1,1323
142,"test_MGDB","latte1.jpg",1,664
142,"test_MGDB","brutto",1,813
142,"test_MGDB","latte7.jpg",1,462
142,"test_MGDB","pace",1,607
142,"test_MGDB","fond1.jpg",1,617
142,"test_MGDB","meraviglioso",1,531
142,"test_MGDB","fond7.jpg",1,580
142,"test_MGDB","male",0,438
142,"test_MGDB","latte4.jpg",1,757
142,"test_MGDB","dolore",1,563
142,"test_MGDB","fond3.jpg",1,546
142,"test_MGDB","bello",1,463
142,"test_MGDB","fond1.jpg",1,499
142,"test_MGDB","terribile",1,1021
142,"practice_DGMB","paradiso",1,1600
142,"practice_DGMB","latte2.jpg",1,645
142,"practice_DGMB","brutto",1,692
142,"practice_DGMB","latte1.jpg",1,926
142,"practice_DGMB","disastro",1,660
142,"practice_DGMB","latte7.jpg",1,616
142,"practice_DGMB","bello",1,610
142,"practice_DGMB","fond5.jpg",1,555
142,"practice_DGMB","ridere",1,871
142,"practice_DGMB","latte6.jpg",1,934
142,"practice_DGMB","dolore",1,1663
142,"practice_DGMB","fond6.jpg",1,897
142,"practice_DGMB","fallimento",1,642
142,"practice_DGMB","fond1.jpg",1,609
142,"practice_DGMB","fastidioso",1,699
142,"practice_DGMB","latte4.jpg",1,599
142,"practice_DGMB","stupendo",1,765
142,"practice_DGMB","latte5.jpg",1,775
142,"practice_DGMB","amore",1,568
142,"practice_DGMB","fond4.jpg",1,713
142,"test_DGMB","latte3.jpg",1,1105
142,"test_DGMB","orribile",1,1717
142,"test_DGMB","fond2.jpg",1,562
142,"test_DGMB","terribile",1,609
142,"test_DGMB","fond3.jpg",1,826
142,"test_DGMB","male",1,750
142,"test_DGMB","fond7.jpg",1,602
142,"test_DGMB","agonia",1,553
142,"test_DGMB","fond4.jpg",1,480
142,"test_DGMB","meraviglioso",0,1159
142,"test_DGMB","fond6.jpg",1,445
142,"test_DGMB","gioia",1,572
142,"test_DGMB","fond7.jpg",1,397
142,"test_DGMB","odio",1,628
142,"test_DGMB","fond2.jpg",1,696
142,"test_DGMB","buono",1,642
142,"test_DGMB","latte2.jpg",1,609
142,"test_DGMB","felicità",1,727
142,"test_DGMB","fond1.jpg",1,1297
142,"test_DGMB","pace",1,561
142,"test_DGMB","latte3.jpg",1,584
142,"test_DGMB","nocivo",1,844
142,"test_DGMB","fond3.jpg",1,674
142,"test_DGMB","eccellente",1,871
142,"test_DGMB","latte1.jpg",1,554
142,"test_DGMB","gloria",1,631
142,"test_DGMB","latte6.jpg",1,1054
142,"test_DGMB","schifo",1,1670
142,"test_DGMB","latte5.jpg",1,993
142,"test_DGMB","piacere",1,725
142,"test_DGMB","latte7.jpg",1,774
142,"test_DGMB","cattivo",1,735
142,"test_DGMB","fond5.jpg",1,2928
142,"test_DGMB","paradiso",1,796
142,"test_DGMB","latte4.jpg",1,658
142,"test_DGMB","fallimento",1,1300
142,"test_DGMB","fond5.jpg",1,559
142,"test_DGMB","male",1,1238
142,"test_DGMB","latte4.jpg",0,580
142,"test_DGMB","eccellente",1,669
143,"practice_MGDB","brutto",1,1169
143,"practice_MGDB","latte1.jpg",1,801
143,"practice_MGDB","orribile",1,848
143,"practice_MGDB","fond5.jpg",1,457
143,"practice_MGDB","male",1,595
143,"practice_MGDB","latte6.jpg",1,586
143,"practice_MGDB","agonia",1,606
143,"practice_MGDB","fond3.jpg",1,2055
143,"practice_MGDB","dolore",1,607
143,"practice_MGDB","fond1.jpg",1,456
143,"practice_MGDB","eccellente",1,906
143,"practice_MGDB","fond4.jpg",1,541
143,"practice_MGDB","cattivo",1,2455
143,"practice_MGDB","latte5.jpg",1,614
143,"practice_MGDB","amore",1,511
143,"practice_MGDB","latte4.jpg",1,374
143,"practice_MGDB","meraviglioso",1,488
143,"practice_MGDB","fond2.jpg",0,354
143,"practice_MGDB","gioia",1,486
143,"practice_MGDB","latte3.jpg",1,560
143,"test_MGDB","fond7.jpg",1,637
143,"test_MGDB","fastidioso",1,548
143,"test_MGDB","fond6.jpg",1,344
143,"test_MGDB","paradiso",0,397
143,"test_MGDB","latte7.jpg",1,564
143,"test_MGDB","piacere",1,331
143,"test_MGDB","latte2.jpg",1,501
143,"test_MGDB","pace",1,511
143,"test_MGDB","latte1.jpg",1,426
143,"test_MGDB","bello",1,367
143,"test_MGDB","fond1.jpg",1,449
143,"test_MGDB","nocivo",1,355
143,"test_MGDB","fond4.jpg",1,538
143,"test_MGDB","gloria",1,524
143,"test_MGDB","latte2.jpg",1,418
143,"test_MGDB","felicità",0,421
143,"test_MGDB","fond2.jpg",1,617
143,"test_MGDB","buono",1,514
143,"test_MGDB","fond3.jpg",1,1153
143,"test_MGDB","ridere",1,1437
143,"test_MGDB","fond6.jpg",1,1346
143,"test_MGDB","schifo",1,501
143,"test_MGDB","latte6.jpg",1,802
143,"test_MGDB","stupendo",1,1224
143,"test_MGDB","fond7.jpg",1,619
143,"test_MGDB","bello",1,1421
143,"test_MGDB","latte7.jpg",1,384
143,"test_MGDB","odio",0,364
143,"test_MGDB","latte3.jpg",1,646
143,"test_MGDB","disastro",1,661
143,"test_MGDB","fond5.jpg",1,521
143,"test_MGDB","amore",1,552
143,"test_MGDB","latte5.jpg",1,831
143,"test_MGDB","terribile",1,2043
143,"test_MGDB","fond1.jpg",1,519
143,"test_MGDB","fallimento",1,510
143,"test_MGDB","latte4.jpg",1,618
143,"test_MGDB","orribile",1,2116
143,"test_MGDB","latte6.jpg",1,808
143,"test_MGDB","fastidioso",1,535
143,"practice_DGMB","gloria",1,894
143,"practice_DGMB","latte6.jpg",1,1162
143,"practice_DGMB","amore",1,1080
143,"practice_DGMB","fond2.jpg",1,1726
143,"practice_DGMB","ridere",1,1939
143,"practice_DGMB","fond5.jpg",1,826
143,"practice_DGMB","cattivo",1,599
143,"practice_DGMB","latte4.jpg",1,645
143,"practice_DGMB","eccellente",1,1060
143,"practice_DGMB","fond3.jpg",0,1271
143,"practice_DGMB","pace",1,1259
143,"practice_DGMB","fond4.jpg",1,1542
143,"practice_DGMB","disastro",1,790
143,"practice_DGMB","latte5.jpg",1,2026
143,"practice_DGMB","schifo",1,2988
143,"practice_DGMB","latte1.jpg",1,1156
143,"practice_DGMB","gioia",1,642
143,"practice_DGMB","fond7.jpg",1,753
143,"practice_DGMB","buono",1,573
143,"practice_DGMB","latte2.jpg",1,1247
143,"test_DGMB","latte7.jpg",1,1443
143,"test_DGMB","paradiso",1,2017
143,"test_DGMB","latte3.jpg",1,1240
143,"test_DGMB","male",1,574
143,"test_DGMB","latte5.jpg",1,431
143,"test_DGMB","brutto",1,588
143,"test_DGMB","latte2.jpg",1,344
143,"test_DGMB","bello",1,557
143,"test_DGMB","fond6.jpg",1,1907
143,"test_DGMB","agonia",1,910
143,"test_DGMB","fond1.jpg",0,825
143,"test_DGMB","felicità",1,1493
143,"test_DGMB","fond2.jpg",1,1533
143,"test_DGMB","fallimento",1,1405
143,"test_DGMB","fond4.jpg",0,534
143,"test_DGMB","piacere",1,919
143,"test_DGMB","latte4.jpg",1,2325
143,"test_DGMB","fastidioso",1,5970
143,"test_DGMB","fond1.jpg",1,968
143,"test_DGMB","stupendo",1,1023
143,"test_DGMB","latte7.jpg",1,1514
143,"test_DGMB","odio",1,1589
143,"test_DGMB","fond6.jpg",1,2544
143,"test_DGMB","meraviglioso",1,1734
143,"test_DGMB","latte3.jpg",1,982
143,"test_DGMB","terribile",1,6391
143,"test_DGMB","latte1.jpg",0,642
143,"test_DGMB","bello",1,2329
143,"test_DGMB","latte6.jpg",1,864
143,"test_DGMB","orribile",1,764
143,"test_DGMB","fond5.jpg",1,3114
143,"test_DGMB","nocivo",1,1027
143,"test_DGMB","latte1.jpg",1,1390
143,"test_DGMB","ridere",1,937
143,"test_DGMB","fond7.jpg",1,1362
143,"test_DGMB","dolore",1,1368
143,"test_DGMB","fond3.jpg",1,992
143,"test_DGMB","fallimento",1,1404
143,"test_DGMB","fond7.jpg",1,4476
143,"test_DGMB","schifo",1,834
144,"practice_MGDB","gioia",1,657
144,"practice_MGDB","latte6.jpg",1,1029
144,"practice_MGDB","bello",1,673
144,"practice_MGDB","fond1.jpg",1,511
144,"practice_MGDB","disastro",1,548
144,"practice_MGDB","fond7.jpg",1,552
144,"practice_MGDB","fallimento",1,876
144,"practice_MGDB","fond3.jpg",1,770
144,"practice_MGDB","buono",1,628
144,"practice_MGDB","latte2.jpg",1,504
144,"practice_MGDB","eccellente",1,524
144,"practice_MGDB","latte5.jpg",1,398
144,"practice_MGDB","piacere",1,469
144,"practice_MGDB","latte1.jpg",1,449
144,"practice_MGDB","paradiso",1,571
144,"practice_MGDB","latte7.jpg",1,468
144,"practice_MGDB","fastidioso",1,561
144,"practice_MGDB","fond2.jpg",1,400
144,"practice_MGDB","amore",1,647
144,"practice_MGDB","fond4.jpg",1,720
144,"test_MGDB","fond6.jpg",1,1586
144,"test_MGDB","gloria",1,589
144,"test_MGDB","fond5.jpg",1,857
144,"test_MGDB","meraviglioso",1,554
144,"test_MGDB","latte4.jpg",1,593
144,"test_MGDB","orribile",1,565
144,"test_MGDB","latte3.jpg",1,663
144,"test_MGDB","ridere",1,547
144,"test_MGDB","fond3.jpg",1,575
144,"test_MGDB","cattivo",1,673
144,"test_MGDB","fond1.jpg",1,535
144,"test_MGDB","stupendo",1,1265
144,"test_MGDB","latte5.jpg",1,612
144,"test_MGDB","nocivo",1,517
144,"test_MGDB","latte3.jpg",1,540
144,"test_MGDB","male",1,918
144,"test_MGDB","fond6.jpg",1,588
144,"test_MGDB","schifo",1,1041
144,"test_MGDB","fond4.jpg",1,839
144,"test_MGDB","pace",1,485
144,"test_MGDB","latte4.jpg",1,591
144,"test_MGDB","brutto",1,763
144,"test_MGDB","latte2.jpg",1,450
144,"test_MGDB","agonia",1,1003
144,"test_MGDB","fond2.jpg",1,826
144,"test_MGDB","felicità",1,846
144,"test_MGDB","fond7.jpg",1,1374
144,"test_MGDB","felicità",1,759
144,"test_MGDB","latte1.jpg",1,461
144,"test_MGDB","terribile",1,634
144,"test_MGDB","fond5.jpg",1,705
144,"test_MGDB","dolore",1,581
144,"test_MGDB","latte7.jpg",1,593
144,"test_MGDB","odio",1,717
144,"test_MGDB","latte6.jpg",1,644
144,"test_MGDB","bello",1,1259
144,"test_MGDB","latte6.jpg",1,997
144,"test_MGDB","nocivo",1,644
144,"test_MGDB","fond4.jpg",0,474
144,"test_MGDB","agonia",1,1327
144,"practice_DGMB","ridere",1,499
144,"practice_DGMB","fond4.jpg",1,352
144,"practice_DGMB","agonia",1,549
144,"practice_DGMB","latte2.jpg",1,465
144,"practice_DGMB","cattivo",0,389
144,"practice_DGMB","latte5.jpg",1,914
144,"practice_DGMB","gloria",1,1173
144,"practice_DGMB","latte4.jpg",1,966
144,"practice_DGMB","eccellente",1,668
144,"practice_DGMB","fond6.jpg",1,672
144,"practice_DGMB","meraviglioso",1,612
144,"practice_DGMB","fond3.jpg",1,406
144,"practice_DGMB","brutto",1,472
144,"practice_DGMB","latte1.jpg",1,719
144,"practice_DGMB","bello",1,558
144,"practice_DGMB","fond2.jpg",1,596
144,"practice_DGMB","paradiso",1,819
144,"practice_DGMB","latte7.jpg",1,514
144,"practice_DGMB","orribile",1,590
144,"practice_DGMB","fond7.jpg",1,634
144,"test_DGMB","fond1.jpg",1,401
144,"test_DGMB","odio",1,528
144,"test_DGMB","fond5.jpg",1,432
144,"test_DGMB","pace",1,494
144,"test_DGMB","latte3.jpg",1,480
144,"test_DGMB","amore",1,487
144,"test_DGMB","latte6.jpg",1,560
144,"test_DGMB","piacere",1,559
144,"test_DGMB","fond6.jpg",1,750
144,"test_DGMB","dolore",0,610
144,"test_DGMB","latte1.jpg",1,1667
144,"test_DGMB","gioia",1,550
144,"test_DGMB","latte7.jpg",1,530
144,"test_DGMB","fallimento",1,1068
144,"test_DGMB","fond7.jpg",1,559
144,"test_DGMB","fastidioso",1,670
144,"test_DGMB","fond4.jpg",1,586
144,"test_DGMB","nocivo",1,615
144,"test_DGMB","latte3.jpg",1,728
144,"test_DGMB","felicità",1,791
144,"test_DGMB","fond3.jpg",1,458
144,"test_DGMB","terribile",1,548
144,"test_DGMB","fond1.jpg",1,664
144,"test_DGMB","disastro",1,829
144,"test_DGMB","latte6.jpg",1,1432
144,"test_DGMB","male",1,867
144,"test_DGMB","latte4.jpg",1,495
144,"test_DGMB","buono",1,569
144,"test_DGMB","fond5.jpg",1,458
144,"test_DGMB","stupendo",1,708
144,"test_DGMB","fond2.jpg",1,544
144,"test_DGMB","schifo",1,676
144,"test_DGMB","fond5.jpg",1,491
144,"test_DGMB","ridere",1,581
144,"test_DGMB","latte5.jpg",1,585
144,"test_DGMB","schifo",1,629
144,"test_DGMB","latte2.jpg",1,425
144,"test_DGMB","terribile",1,694
144,"test_DGMB","latte5.jpg",1,447
144,"test_DGMB","piacere",1,894
145,"practice_DGMB","gloria",1,768
145,"practice_DGMB","latte4.jpg",1,1522
145,"practice_DGMB","disastro",1,831
145,"practice_DGMB","latte3.jpg",1,589
145,"practice_DGMB","odio",1,778
145,"practice_DGMB","latte5.jpg",1,494
145,"practice_DGMB","nocivo",1,567
145,"practice_DGMB","latte7.jpg",1,529
145,"practice_DGMB","terribile",1,490
145,"practice_DGMB","fond3.jpg",1,508
145,"practice_DGMB","piacere",1,569
145,"practice_DGMB","latte1.jpg",1,714
145,"practice_DGMB","cattivo",0,638
145,"practice_DGMB","fond5.jpg",1,733
145,"practice_DGMB","agonia",1,2486
145,"practice_DGMB","latte6.jpg",1,642
145,"practice_DGMB","bello",1,553
145,"practice_DGMB","fond6.jpg",1,816
145,"practice_DGMB","gioia",1,521
145,"practice_DGMB","fond4.jpg",1,552
145,"test_DGMB","fond7.jpg",1,575
145,"test_DGMB","felicità",1,601
145,"test_DGMB","latte2.jpg",1,623
145,"test_DGMB","stupendo",1,572
145,"test_DGMB","latte2.jpg",0,573
145,"test_DGMB","amore",1,895
145,"test_DGMB","fond1.jpg",1,656
145,"test_DGMB","orribile",1,809
145,"test_DGMB","fond2.jpg",0,466
145,"test_DGMB","eccellente",1,1127
145,"test_DGMB","fond6.jpg",1,911
145,"test_DGMB","dolore",1,715
145,"test_DGMB","latte4.jpg",1,706
145,"test_DGMB","pace",1,510
145,"test_DGMB","latte7.jpg",1,818
145,"test_DGMB","meraviglioso",0,523
145,"test_DGMB","latte3.jpg",1,1234
145,"test_DGMB","fastidioso",0,469
145,"test_DGMB","fond2.jpg",1,1042
145,"test_DGMB","ridere",1,1000
145,"test_DGMB","latte5.jpg",1,686
145,"test_DGMB","buono",0,861
145,"test_DGMB","latte6.jpg",1,801
145,"test_DGMB","paradiso",1,663
145,"test_DGMB","fond3.jpg",1,1195
145,"test_DGMB","male",1,583
145,"test_DGMB","fond1.jpg",1,515
145,"test_DGMB","paradiso",1,703
145,"test_DGMB","fond5.jpg",1,475
145,"test_DGMB","fallimento",0,503
145,"test_DGMB","fond4.jpg",1,540
145,"test_DGMB","meraviglioso",1,797
145,"test_DGMB","fond7.jpg",1,780
145,"test_DGMB","schifo",1,437
145,"test_DGMB","latte1.jpg",1,644
145,"test_DGMB","brutto",1,523
145,"test_DGMB","fond3.jpg",1,578
145,"test_DGMB","orribile",1,692
145,"test_DGMB","latte3.jpg",1,653
145,"test_DGMB","fallimento",1,614
145,"practice_MGDB","pace",1,705
145,"practice_MGDB","fond3.jpg",1,605
145,"practice_MGDB","agonia",1,660
145,"practice_MGDB","latte4.jpg",1,512
145,"practice_MGDB","gloria",1,501
145,"practice_MGDB","fond6.jpg",1,609
145,"practice_MGDB","buono",0,498
145,"practice_MGDB","latte5.jpg",1,599
145,"practice_MGDB","paradiso",1,422
145,"practice_MGDB","fond5.jpg",1,698
145,"practice_MGDB","stupendo",1,451
145,"practice_MGDB","fond2.jpg",1,1077
145,"practice_MGDB","felicità",1,627
145,"practice_MGDB","latte6.jpg",1,551
145,"practice_MGDB","cattivo",1,556
145,"practice_MGDB","fond4.jpg",1,578
145,"practice_MGDB","dolore",1,532
145,"practice_MGDB","fond1.jpg",1,462
145,"practice_MGDB","odio",1,447
145,"practice_MGDB","latte1.jpg",1,473
145,"test_MGDB","latte7.jpg",1,576
145,"test_MGDB","brutto",1,673
145,"test_MGDB","fond7.jpg",1,472
145,"test_MGDB","amore",1,532
145,"test_MGDB","fond7.jpg",1,590
145,"test_MGDB","ridere",0,546
145,"test_MGDB","fond1.jpg",0,526
145,"test_MGDB","bello",1,1037
145,"test_MGDB","fond2.jpg",1,707
145,"test_MGDB","gioia",1,872
145,"test_MGDB","latte3.jpg",1,686
145,"test_MGDB","nocivo",1,1053
145,"test_MGDB","latte2.jpg",1,653
145,"test_MGDB","fastidioso",1,623
145,"test_MGDB","latte2.jpg",1,579
145,"test_MGDB","terribile",1,653
145,"test_MGDB","fond4.jpg",1,854
145,"test_MGDB","orribile",1,503
145,"test_MGDB","fond6.jpg",1,427
145,"test_MGDB","schifo",1,472
145,"test_MGDB","latte7.jpg",1,463
145,"test_MGDB","fallimento",1,563
145,"test_MGDB","fond5.jpg",0,474
145,"test_MGDB","disastro",1,1383
145,"test_MGDB","latte4.jpg",1,745
145,"test_MGDB","eccellente",1,582
145,"test_MGDB","fond3.jpg",1,698
145,"test_MGDB","male",1,491
145,"test_MGDB","latte3.jpg",1,789
145,"test_MGDB","meraviglioso",1,769
145,"test_MGDB","latte1.jpg",1,434
145,"test_MGDB","male",0,390
145,"test_MGDB","latte5.jpg",1,658
145,"test_MGDB","dolore",1,532
145,"test_MGDB","fond1.jpg",1,430
145,"test_MGDB","piacere",1,522
145,"test_MGDB","latte6.jpg",1,545
145,"test_MGDB","gloria",1,494
145,"test_MGDB","latte5.jpg",1,511
145,"test_MGDB","gioia",1,460
146,"practice_DGMB","bello",1,1788
146,"practice_DGMB","latte1.jpg",1,1401
146,"practice_DGMB","amore",1,943
146,"practice_DGMB","fond2.jpg",1,1026
146,"practice_DGMB","piacere",1,974
146,"practice_DGMB","latte2.jpg",1,774
146,"practice_DGMB","ridere",1,1120
146,"practice_DGMB","fond7.jpg",1,1054
146,"practice_DGMB","cattivo",1,855
146,"practice_DGMB","latte4.jpg",0,840
146,"practice_DGMB","schifo",0,1374
146,"practice_DGMB","latte5.jpg",1,1871
146,"practice_DGMB","pace",1,1033
146,"practice_DGMB","fond4.jpg",1,871
146,"practice_DGMB","dolore",1,867
146,"practice_DGMB","fond1.jpg",1,1375
146,"practice_DGMB","stupendo",1,927
146,"practice_DGMB","fond5.jpg",1,1112
146,"practice_DGMB","fastidioso",1,1915
146,"practice_DGMB","latte7.jpg",1,776
146,"test_DGMB","latte6.jpg",1,1880
146,"test_DGMB","felicità",1,941
146,"test_DGMB","fond3.jpg",1,872
146,"test_DGMB","male",1,996
146,"test_DGMB","fond6.jpg",1,1914
146,"test_DGMB","disastro",1,852
146,"test_DGMB","fond7.jpg",1,741
146,"test_DGMB","gioia",1,767
146,"test_DGMB","latte3.jpg",1,912
146,"test_DGMB","orribile",1,1052
146,"test_DGMB","fond2.jpg",1,836
146,"test_DGMB","eccellente",1,1035
146,"test_DGMB","fond3.jpg",1,873
146,"test_DGMB","nocivo",1,877
146,"test_DGMB","fond1.jpg",1,699
146,"test_DGMB","paradiso",1,1013
146,"test_DGMB","fond5.jpg",1,669
146,"test_DGMB","terribile",1,849
146,"test_DGMB","latte3.jpg",0,667
146,"test_DGMB","agonia",1,871
146,"test_DGMB","latte2.jpg",1,1674
146,"test_DGMB","gloria",1,741
146,"test_DGMB","fond6.jpg",1,905
146,"test_DGMB","meraviglioso",1,1381
146,"test_DGMB","fond4.jpg",1,1008
146,"test_DGMB","fallimento",1,638
146,"test_DGMB","fond2.jpg",1,781
146,"test_DGMB","brutto",1,822
146,"test_DGMB","latte1.jpg",1,866
146,"test_DGMB","odio",1,806
146,"test_DGMB","latte7.jpg",1,854
146,"test_DGMB","buono",1,856
146,"test_DGMB","latte6.jpg",1,641
146,"test_DGMB","terribile",1,952
146,"test_DGMB","latte4.jpg",1,758
146,"test_DGMB","stupendo",1,789
146,"test_DGMB","latte5.jpg",1,1008
146,"test_DGMB","disastro",1,679
146,"test_DGMB","latte5.jpg",1,1293
146,"test_DGMB","paradiso",1,1022
146,"practice_MGDB","fastidioso",1,1156
146,"practice_MGDB","latte7.jpg",1,970
146,"practice_MGDB","buono",1,1707
146,"practice_MGDB","latte2.jpg",1,709
146,"practice_MGDB","schifo",1,1249
146,"practice_MGDB","fond5.jpg",1,1794
146,"practice_MGDB","brutto",1,948
146,"practice_MGDB","latte5.jpg",1,631
146,"practice_MGDB","fallimento",1,939
146,"practice_MGDB","fond4.jpg",1,527
146,"practice_MGDB","ridere",1,1134
146,"practice_MGDB","latte3.jpg",1,471
146,"practice_MGDB","disastro",1,739
146,"practice_MGDB","latte6.jpg",0,1591
146,"practice_MGDB","agonia",1,1090
146,"practice_MGDB","latte4.jpg",0,1475
146,"practice_MGDB","piacere",1,1294
146,"practice_MGDB","fond3.jpg",1,854
146,"practice_MGDB","felicità",1,759
146,"practice_MGDB","latte1.jpg",1,518
146,"test_MGDB","latte6.jpg",1,984
146,"test_MGDB","meraviglioso",1,836
146,"test_MGDB","latte4.jpg",1,515
146,"test_MGDB","paradiso",1,551
146,"test_MGDB","fond2.jpg",1,470
146,"test_MGDB","pace",1,658
146,"test_MGDB","fond6.jpg",1,662
146,"test_MGDB","gloria",1,1043
146,"test_MGDB","latte7.jpg",1,1136
146,"test_MGDB","gioia",1,873
146,"test_MGDB","fond7.jpg",1,504
146,"test_MGDB","nocivo",1,540
146,"test_MGDB","fond1.jpg",1,496
146,"test_MGDB","terribile",1,482
146,"test_MGDB","latte5.jpg",1,505
146,"test_MGDB","dolore",0,533
146,"test_MGDB","latte1.jpg",1,783
146,"test_MGDB","odio",1,635
146,"test_MGDB","fond3.jpg",1,618
146,"test_MGDB","eccellente",1,691
146,"test_MGDB","latte2.jpg",1,629
146,"test_MGDB","bello",1,520
146,"test_MGDB","latte3.jpg",1,487
146,"test_MGDB","amore",1,487
146,"test_MGDB","fond5.jpg",1,504
146,"test_MGDB","cattivo",1,501
146,"test_MGDB","fond7.jpg",1,513
146,"test_MGDB","male",1,469
146,"test_MGDB","latte1.jpg",1,666
146,"test_MGDB","orribile",0,502
146,"test_MGDB","fond4.jpg",1,938
146,"test_MGDB","terribile",1,499
146,"test_MGDB","fond2.jpg",1,407
146,"test_MGDB","stupendo",1,543
146,"test_MGDB","fond1.jpg",1,603
146,"test_MGDB","brutto",1,450
146,"test_MGDB","fond6.jpg",1,675
146,"test_MGDB","stupendo",1,639
146,"test_MGDB","fond6.jpg",1,582
146,"test_MGDB","bello",1,895
147,"practice_DGMB","schifo",1,2824
147,"practice_DGMB","latte2.jpg",1,1472
147,"practice_DGMB","eccellente",1,1851
147,"practice_DGMB","fond6.jpg",1,427
147,"practice_DGMB","fallimento",1,816
147,"practice_DGMB","fond4.jpg",1,841
147,"practice_DGMB","bello",1,2671
147,"practice_DGMB","latte4.jpg",1,3936
147,"practice_DGMB","gioia",1,1133
147,"practice_DGMB","latte1.jpg",0,1381
147,"practice_DGMB","ridere",1,862
147,"practice_DGMB","latte3.jpg",0,1137
147,"practice_DGMB","disastro",1,3274
147,"practice_DGMB","fond7.jpg",1,1634
147,"practice_DGMB","felicità",1,3197
147,"practice_DGMB","fond5.jpg",1,1592
147,"practice_DGMB","gloria",1,2394
147,"practice_DGMB","latte7.jpg",1,534
147,"practice_DGMB","brutto",1,1168
147,"practice_DGMB","fond1.jpg",1,865
147,"test_DGMB","fond3.jpg",1,1498
147,"test_DGMB","orribile",1,1987
147,"test_DGMB","latte6.jpg",1,2724
147,"test_DGMB","pace",1,960
147,"test_DGMB","fond2.jpg",1,1206
147,"test_DGMB","odio",1,980
147,"test_DGMB","fond6.jpg",1,2168
147,"test_DGMB","amore",1,2492
147,"test_DGMB","latte5.jpg",1,2723
147,"test_DGMB","meraviglioso",1,2167
147,"test_DGMB","fond5.jpg",1,1046
147,"test_DGMB","stupendo",1,1236
147,"test_DGMB","fond2.jpg",1,954
147,"test_DGMB","fastidioso",1,797
147,"test_DGMB","fond7.jpg",1,1108
147,"test_DGMB","buono",1,1615
147,"test_DGMB","fond1.jpg",1,663
147,"test_DGMB","cattivo",1,627
147,"test_DGMB","latte5.jpg",1,1215
147,"test_DGMB","dolore",1,752
147,"test_DGMB","latte4.jpg",1,727
147,"test_DGMB","piacere",1,1109
147,"test_DGMB","fond3.jpg",1,1209
147,"test_DGMB","terribile",1,991
147,"test_DGMB","latte3.jpg",1,970
147,"test_DGMB","nocivo",1,1259
147,"test_DGMB","latte6.jpg",1,998
147,"test_DGMB","paradiso",1,1341
147,"test_DGMB","fond4.jpg",1,1015
147,"test_DGMB","male",1,712
147,"test_DGMB","latte2.jpg",1,863
147,"test_DGMB","gloria",1,1163
147,"test_DGMB","latte1.jpg",0,2089
147,"test_DGMB","agonia",1,1197
147,"test_DGMB","latte7.jpg",0,979
147,"test_DGMB","terribile",1,1636
147,"test_DGMB","fond6.jpg",1,2514
147,"test_DGMB","schifo",1,579
147,"test_DGMB","latte3.jpg",1,1087
147,"test_DGMB","gioia",1,917
147,"practice_MGDB","dolore",1,914
147,"practice_MGDB","fond3.jpg",1,744
147,"practice_MGDB","eccellente",1,716
147,"practice_MGDB","fond4.jpg",1,715
147,"practice_MGDB","male",1,1383
147,"practice_MGDB","latte5.jpg",1,858
147,"practice_MGDB","odio",1,1715
147,"practice_MGDB","latte4.jpg",1,904
147,"practice_MGDB","stupendo",1,916
147,"practice_MGDB","latte1.jpg",1,674
147,"practice_MGDB","amore",1,702
147,"practice_MGDB","latte7.jpg",1,586
147,"practice_MGDB","buono",1,854
147,"practice_MGDB","fond2.jpg",1,599
147,"practice_MGDB","meraviglioso",1,902
147,"practice_MGDB","fond7.jpg",1,834
147,"practice_MGDB","terribile",1,1598
147,"practice_MGDB","latte2.jpg",1,619
147,"practice_MGDB","ridere",1,1309
147,"practice_MGDB","latte3.jpg",1,648
147,"test_MGDB","fond5.jpg",1,733
147,"test_MGDB","schifo",1,1974
147,"test_MGDB","latte6.jpg",1,574
147,"test_MGDB","fastidioso",1,759
147,"test_MGDB","fond6.jpg",1,750
147,"test_MGDB","pace",1,962
147,"test_MGDB","latte4.jpg",1,984
147,"test_MGDB","orribile",1,996
147,"test_MGDB","fond1.jpg",1,882
147,"test_MGDB","agonia",1,936
147,"test_MGDB","fond7.jpg",1,657
147,"test_MGDB","cattivo",1,635
147,"test_MGDB","fond5.jpg",1,450
147,"test_MGDB","bello",1,491
147,"test_MGDB","fond2.jpg",1,557
147,"test_MGDB","disastro",1,684
147,"test_MGDB","latte3.jpg",1,626
147,"test_MGDB","nocivo",1,855
147,"test_MGDB","fond1.jpg",1,744
147,"test_MGDB","felicità",1,524
147,"test_MGDB","latte5.jpg",1,746
147,"test_MGDB","brutto",1,767
147,"test_MGDB","fond6.jpg",1,824
147,"test_MGDB","piacere",1,828
147,"test_MGDB","latte2.jpg",1,1496
147,"test_MGDB","gloria",1,1136
147,"test_MGDB","fond3.jpg",1,1064
147,"test_MGDB","fallimento",1,748
147,"test_MGDB","latte1.jpg",1,648
147,"test_MGDB","paradiso",1,847
147,"test_MGDB","fond4.jpg",1,568
147,"test_MGDB","gioia",1,983
147,"test_MGDB","latte6.jpg",1,1410
147,"test_MGDB","ridere",1,643
147,"test_MGDB","latte7.jpg",1,865
147,"test_MGDB","paradiso",1,661
147,"test_MGDB","fond4.jpg",1,665
147,"test_MGDB","disastro",1,573
147,"test_MGDB","latte7.jpg",1,639
147,"test_MGDB","agonia",1,790
148,"practice_DGMB","eccellente",1,1392
148,"practice_DGMB","latte7.jpg",1,1117
148,"practice_DGMB","dolore",1,1611
148,"practice_DGMB","latte1.jpg",1,2171
148,"practice_DGMB","fallimento",1,843
148,"practice_DGMB","latte3.jpg",1,961
148,"practice_DGMB","odio",1,855
148,"practice_DGMB","fond4.jpg",1,856
148,"practice_DGMB","buono",1,1329
148,"practice_DGMB","fond7.jpg",1,858
148,"practice_DGMB","fastidioso",1,803
148,"practice_DGMB","latte2.jpg",1,721
148,"practice_DGMB","piacere",1,712
148,"practice_DGMB","fond6.jpg",1,735
148,"practice_DGMB","stupendo",1,736
148,"practice_DGMB","fond1.jpg",1,705
148,"practice_DGMB","felicità",1,773
148,"practice_DGMB","latte5.jpg",1,686
148,"practice_DGMB","bello",1,790
148,"practice_DGMB","latte6.jpg",1,1161
148,"test_DGMB","latte4.jpg",1,2294
148,"test_DGMB","disastro",1,765
148,"test_DGMB","latte4.jpg",1,710
148,"test_DGMB","paradiso",1,811
148,"test_DGMB","fond2.jpg",1,692
148,"test_DGMB","ridere",1,733
148,"test_DGMB","fond5.jpg",1,814
148,"test_DGMB","male",1,719
148,"test_DGMB","fond3.jpg",1,1062
148,"test_DGMB","amore",1,623
148,"test_DGMB","fond5.jpg",1,827
148,"test_DGMB","gioia",1,767
148,"test_DGMB","fond3.jpg",1,576
148,"test_DGMB","cattivo",1,658
148,"test_DGMB","fond1.jpg",1,694
148,"test_DGMB","pace",1,767
148,"test_DGMB","latte3.jpg",1,696
148,"test_DGMB","terribile",1,922
148,"test_DGMB","latte6.jpg",1,752
148,"test_DGMB","agonia",1,812
148,"test_DGMB","fond4.jpg",1,621
148,"test_DGMB","brutto",1,895
148,"test_DGMB","latte1.jpg",1,1144
148,"test_DGMB","orribile",1,659
148,"test_DGMB","latte2.jpg",1,663
148,"test_DGMB","schifo",1,715
148,"test_DGMB","latte5.jpg",1,578
148,"test_DGMB","meraviglioso",1,972
148,"test_DGMB","latte7.jpg",1,748
148,"test_DGMB","nocivo",1,737
148,"test_DGMB","latte7.jpg",1,666
148,"test_DGMB","gloria",1,822
148,"test_DGMB","fond7.jpg",1,914
148,"test_DGMB","disastro",1,765
148,"test_DGMB","fond2.jpg",1,806
148,"test_DGMB","felicità",1,693
148,"test_DGMB","fond6.jpg",1,1014
148,"test_DGMB","orribile",1,799
148,"test_DGMB","fond1.jpg",1,798
148,"test_DGMB","gioia",1,724
148,"practice_MGDB","felicità",1,1393
148,"practice_MGDB","fond3.jpg",1,2078
148,"practice_MGDB","eccellente",1,1995
148,"practice_MGDB","latte7.jpg",1,3215
148,"practice_MGDB","amore",1,1837
148,"practice_MGDB","latte3.jpg",1,2018
148,"practice_MGDB","meraviglioso",1,1457
148,"practice_MGDB","latte4.jpg",1,706
148,"practice_MGDB","orribile",1,1934
148,"practice_MGDB","fond4.jpg",1,765
148,"practice_MGDB","brutto",1,1156
148,"practice_MGDB","fond1.jpg",1,569
148,"practice_MGDB","terribile",1,523
148,"practice_MGDB","latte1.jpg",1,858
148,"practice_MGDB","stupendo",1,731
148,"practice_MGDB","fond5.jpg",1,973
148,"practice_MGDB","odio",1,1437
148,"practice_MGDB","latte6.jpg",1,1523
148,"practice_MGDB","fastidioso",1,977
148,"practice_MGDB","latte5.jpg",1,1577
148,"test_MGDB","fond2.jpg",1,1540
148,"test_MGDB","dolore",1,1004
148,"test_MGDB","latte2.jpg",1,834
148,"test_MGDB","ridere",1,847
148,"test_MGDB","latte2.jpg",1,775
148,"test_MGDB","pace",1,929
148,"test_MGDB","latte3.jpg",1,1026
148,"test_MGDB","nocivo",1,917
148,"test_MGDB","fond6.jpg",1,1899
148,"test_MGDB","buono",1,931
148,"test_MGDB","latte5.jpg",1,668
148,"test_MGDB","cattivo",1,840
148,"test_MGDB","fond7.jpg",1,815
148,"test_MGDB","male",1,896
148,"test_MGDB","latte1.jpg",1,785
148,"test_MGDB","fallimento",1,1149
148,"test_MGDB","fond5.jpg",1,760
148,"test_MGDB","piacere",1,831
148,"test_MGDB","fond6.jpg",1,1275
148,"test_MGDB","paradiso",1,814
148,"test_MGDB","latte7.jpg",0,743
148,"test_MGDB","gioia",1,1507
148,"test_MGDB","fond4.jpg",1,1030
148,"test_MGDB","bello",1,873
148,"test_MGDB","latte4.jpg",1,1520
148,"test_MGDB","agonia",1,989
148,"test_MGDB","fond3.jpg",1,1161
148,"test_MGDB","disastro",1,1055
148,"test_MGDB","fond2.jpg",1,911
148,"test_MGDB","schifo",1,875
148,"test_MGDB","latte6.jpg",1,1273
148,"test_MGDB","male",1,941
148,"test_MGDB","fond7.jpg",1,832
148,"test_MGDB","gloria",1,804
148,"test_MGDB","latte3.jpg",1,1522
148,"test_MGDB","orribile",1,880
148,"test_MGDB","fond1.jpg",1,911
148,"test_MGDB","bello",1,938
148,"test_MGDB","fond5.jpg",1,678
148,"test_MGDB","paradiso",1,1252
150,"practice_MGDB","gioia",1,761
150,"practice_MGDB","fond3.jpg",1,666
150,"practice_MGDB","fallimento",1,926
150,"practice_MGDB","latte5.jpg",1,679
150,"practice_MGDB","male",1,670
150,"practice_MGDB","latte3.jpg",1,730
150,"practice_MGDB","orribile",1,764
150,"practice_MGDB","fond5.jpg",1,762
150,"practice_MGDB","buono",1,745
150,"practice_MGDB","fond1.jpg",1,725
150,"practice_MGDB","meraviglioso",1,763
150,"practice_MGDB","fond6.jpg",1,738
150,"practice_MGDB","stupendo",1,635
150,"practice_MGDB","fond4.jpg",1,682
150,"practice_MGDB","nocivo",1,625
150,"practice_MGDB","fond2.jpg",1,613
150,"practice_MGDB","cattivo",1,582
150,"practice_MGDB","latte2.jpg",1,626
150,"practice_MGDB","odio",1,607
150,"practice_MGDB","latte6.jpg",1,616
150,"test_MGDB","latte7.jpg",1,521
150,"test_MGDB","amore",1,816
150,"test_MGDB","latte4.jpg",1,601
150,"test_MGDB","bello",1,568
150,"test_MGDB","latte1.jpg",1,609
150,"test_MGDB","piacere",1,563
150,"test_MGDB","fond7.jpg",1,450
150,"test_MGDB","disastro",1,500
150,"test_MGDB","fond3.jpg",1,560
150,"test_MGDB","pace",1,631
150,"test_MGDB","latte5.jpg",1,541
150,"test_MGDB","fastidioso",0,807
150,"test_MGDB","latte7.jpg",1,752
150,"test_MGDB","schifo",1,620
150,"test_MGDB","latte1.jpg",1,752
150,"test_MGDB","brutto",1,740
150,"test_MGDB","fond1.jpg",1,528
150,"test_MGDB","gloria",1,655
150,"test_MGDB","fond5.jpg",1,545
150,"test_MGDB","felicità",1,613
150,"test_MGDB","fond7.jpg",1,542
150,"test_MGDB","terribile",1,659
150,"test_MGDB","fond4.jpg",1,479
150,"test_MGDB","eccellente",1,590
150,"test_MGDB","fond2.jpg",1,538
150,"test_MGDB","paradiso",1,564
150,"test_MGDB","latte2.jpg",1,554
150,"test_MGDB","ridere",1,631
150,"test_MGDB","latte6.jpg",1,578
150,"test_MGDB","agonia",1,564
150,"test_MGDB","fond6.jpg",1,446
150,"test_MGDB","dolore",1,733
150,"test_MGDB","latte3.jpg",1,534
150,"test_MGDB","piacere",1,584
150,"test_MGDB","fond5.jpg",1,564
150,"test_MGDB","nocivo",1,531
150,"test_MGDB","latte4.jpg",1,469
150,"test_MGDB","ridere",1,497
150,"test_MGDB","latte4.jpg",1,482
150,"test_MGDB","agonia",1,602
150,"practice_DGMB","gioia",1,1433
150,"practice_DGMB","fond4.jpg",1,1134
150,"practice_DGMB","eccellente",1,1039
150,"practice_DGMB","fond1.jpg",1,749
150,"practice_DGMB","bello",1,713
150,"practice_DGMB","latte3.jpg",1,608
150,"practice_DGMB","orribile",1,727
150,"practice_DGMB","fond5.jpg",1,616
150,"practice_DGMB","gloria",1,754
150,"practice_DGMB","latte1.jpg",1,576
150,"practice_DGMB","fastidioso",1,890
150,"practice_DGMB","latte7.jpg",0,611
150,"practice_DGMB","pace",1,732
150,"practice_DGMB","fond3.jpg",1,1341
150,"practice_DGMB","ridere",1,1166
150,"practice_DGMB","latte5.jpg",1,726
150,"practice_DGMB","fallimento",1,837
150,"practice_DGMB","latte2.jpg",1,756
150,"practice_DGMB","male",1,655
150,"practice_DGMB","fond6.jpg",1,737
150,"test_DGMB","fond2.jpg",1,533
150,"test_DGMB","dolore",1,623
150,"test_DGMB","fond7.jpg",1,691
150,"test_DGMB","odio",1,669
150,"test_DGMB","latte4.jpg",1,649
150,"test_DGMB","meraviglioso",1,610
150,"test_DGMB","latte6.jpg",0,580
150,"test_DGMB","buono",1,877
150,"test_DGMB","fond6.jpg",1,1323
150,"test_DGMB","disastro",1,769
150,"test_DGMB","latte6.jpg",1,851
150,"test_DGMB","amore",1,788
150,"test_DGMB","latte4.jpg",1,751
150,"test_DGMB","paradiso",1,772
150,"test_DGMB","fond5.jpg",1,989
150,"test_DGMB","schifo",1,792
150,"test_DGMB","fond1.jpg",1,727
150,"test_DGMB","felicità",1,1086
150,"test_DGMB","latte5.jpg",1,550
150,"test_DGMB","brutto",1,635
150,"test_DGMB","fond2.jpg",1,1225
150,"test_DGMB","nocivo",1,701
150,"test_DGMB","fond7.jpg",0,896
150,"test_DGMB","terribile",1,874
150,"test_DGMB","latte2.jpg",1,688
150,"test_DGMB","stupendo",1,695
150,"test_DGMB","latte3.jpg",1,784
150,"test_DGMB","cattivo",0,828
150,"test_DGMB","fond4.jpg",1,1184
150,"test_DGMB","agonia",1,723
150,"test_DGMB","fond3.jpg",0,554
150,"test_DGMB","piacere",1,1070
150,"test_DGMB","latte1.jpg",1,697
150,"test_DGMB","orribile",1,987
150,"test_DGMB","latte7.jpg",1,798
150,"test_DGMB","fallimento",1,669
150,"test_DGMB","fond7.jpg",1,657
150,"test_DGMB","gioia",1,594
150,"test_DGMB","latte5.jpg",1,817
150,"test_DGMB","felicità",1,827
151,"practice_MGDB","eccellente",1,2649
151,"practice_MGDB","fond6.jpg",1,1031
151,"practice_MGDB","gloria",1,2427
151,"practice_MGDB","latte6.jpg",1,1124
151,"practice_MGDB","piacere",1,1298
151,"practice_MGDB","fond7.jpg",1,946
151,"practice_MGDB","fastidioso",1,1086
151,"practice_MGDB","fond5.jpg",1,679
151,"practice_MGDB","ridere",1,878
151,"practice_MGDB","latte7.jpg",1,1212
151,"practice_MGDB","pace",1,1101
151,"practice_MGDB","fond4.jpg",1,640
151,"practice_MGDB","disastro",1,999
151,"practice_MGDB","latte2.jpg",1,581
151,"practice_MGDB","odio",1,791
151,"practice_MGDB","fond3.jpg",1,746
151,"practice_MGDB","felicità",1,703
151,"practice_MGDB","latte3.jpg",1,1482
151,"practice_MGDB","buono",1,552
151,"practice_MGDB","latte4.jpg",1,583
151,"test_MGDB","latte5.jpg",1,1631
151,"test_MGDB","meraviglioso",0,1914
151,"test_MGDB","fond1.jpg",1,1079
151,"test_MGDB","bello",1,541
151,"test_MGDB","latte1.jpg",1,1241
151,"test_MGDB","male",1,695
151,"test_MGDB","latte6.jpg",1,592
151,"test_MGDB","brutto",1,1140
151,"test_MGDB","latte1.jpg",1,1200
151,"test_MGDB","stupendo",1,798
151,"test_MGDB","latte2.jpg",1,660
151,"test_MGDB","nocivo",1,1910
151,"test_MGDB","fond2.jpg",1,776
151,"test_MGDB","amore",1,705
151,"test_MGDB","fond3.jpg",1,701
151,"test_MGDB","terribile",1,855
151,"test_MGDB","fond4.jpg",1,871
151,"test_MGDB","fallimento",1,1427
151,"test_MGDB","fond2.jpg",1,670
151,"test_MGDB","schifo",1,842
151,"test_MGDB","fond1.jpg",1,649
151,"test_MGDB","cattivo",1,682
151,"test_MGDB","fond5.jpg",1,681
151,"test_MGDB","orribile",1,664
151,"test_MGDB","fond6.jpg",1,500
151,"test_MGDB","dolore",1,533
151,"test_MGDB","latte5.jpg",1,607
151,"test_MGDB","agonia",1,822
151,"test_MGDB","latte3.jpg",1,626
151,"test_MGDB","gioia",1,806
151,"test_MGDB","fond7.jpg",1,567
151,"test_MGDB","male",1,918
151,"test_MGDB","latte4.jpg",1,2140
151,"test_MGDB","paradiso",1,636
151,"test_MGDB","latte7.jpg",1,834
151,"test_MGDB","gioia",1,630
151,"test_MGDB","latte7.jpg",1,442
151,"test_MGDB","orribile",0,441
151,"test_MGDB","fond3.jpg",1,1152
151,"test_MGDB","stupendo",1,1380
151,"practice_DGMB","gloria",1,7385
151,"practice_DGMB","fond2.jpg",1,2979
151,"practice_DGMB","male",1,2153
151,"practice_DGMB","latte1.jpg",1,4917
151,"practice_DGMB","bello",1,1155
151,"practice_DGMB","fond4.jpg",1,3425
151,"practice_DGMB","odio",1,4158
151,"practice_DGMB","fond5.jpg",0,2647
151,"practice_DGMB","amore",1,2291
151,"practice_DGMB","fond1.jpg",1,1442
151,"practice_DGMB","fallimento",1,1424
151,"practice_DGMB","fond6.jpg",1,3434
151,"practice_DGMB","brutto",1,1235
151,"practice_DGMB","fond3.jpg",0,1600
151,"practice_DGMB","felicità",1,1030
151,"practice_DGMB","fond7.jpg",1,937
151,"practice_DGMB","terribile",1,1194
151,"practice_DGMB","fond4.jpg",1,2528
151,"practice_DGMB","meraviglioso",1,1492
151,"practice_DGMB","latte7.jpg",1,916
151,"test_DGMB","latte3.jpg",1,4308
151,"test_DGMB","eccellente",1,1266
151,"test_DGMB","latte6.jpg",1,1597
151,"test_DGMB","gioia",1,1338
151,"test_DGMB","fond7.jpg",1,2966
151,"test_DGMB","pace",1,2793
151,"test_DGMB","latte4.jpg",1,1698
151,"test_DGMB","orribile",1,2753
151,"test_DGMB","latte5.jpg",1,2722
151,"test_DGMB","dolore",1,1782
151,"test_DGMB","latte2.jpg",1,1712
151,"test_DGMB","cattivo",1,3187
151,"test_DGMB","latte3.jpg",1,1059
151,"test_DGMB","piacere",1,1012
151,"test_DGMB","latte5.jpg",1,989
151,"test_DGMB","disastro",1,1257
151,"test_DGMB","fond5.jpg",1,1041
151,"test_DGMB","fastidioso",1,1983
151,"test_DGMB","latte4.jpg",1,1753
151,"test_DGMB","nocivo",1,2028
151,"test_DGMB","fond1.jpg",1,894
151,"test_DGMB","ridere",1,959
151,"test_DGMB","latte6.jpg",1,1933
151,"test_DGMB","schifo",1,1316
151,"test_DGMB","fond2.jpg",1,1474
151,"test_DGMB","agonia",1,1021
151,"test_DGMB","latte2.jpg",1,1112
151,"test_DGMB","buono",1,1444
151,"test_DGMB","fond3.jpg",1,626
151,"test_DGMB","paradiso",1,734
151,"test_DGMB","fond6.jpg",1,591
151,"test_DGMB","stupendo",1,747
151,"test_DGMB","latte7.jpg",1,1143
151,"test_DGMB","bello",1,1027
151,"test_DGMB","latte1.jpg",1,998
151,"test_DGMB","dolore",1,828
151,"test_DGMB","latte2.jpg",1,712
151,"test_DGMB","fallimento",0,1148
151,"test_DGMB","fond6.jpg",1,2271
151,"test_DGMB","paradiso",1,1977
152,"practice_MGDB","gloria",1,684
152,"practice_MGDB","latte5.jpg",1,501
152,"practice_MGDB","stupendo",1,767
152,"practice_MGDB","fond5.jpg",1,800
152,"practice_MGDB","male",1,583
152,"practice_MGDB","fond7.jpg",1,603
152,"practice_MGDB","paradiso",1,666
152,"practice_MGDB","latte6.jpg",1,686
152,"practice_MGDB","felicità",1,1284
152,"practice_MGDB","fond1.jpg",1,730
152,"practice_MGDB","orribile",1,636
152,"practice_MGDB","fond4.jpg",1,570
152,"practice_MGDB","pace",1,1012
152,"practice_MGDB","latte7.jpg",1,565
152,"practice_MGDB","nocivo",1,740
152,"practice_MGDB","fond2.jpg",1,848
152,"practice_MGDB","odio",1,702
152,"practice_MGDB","latte4.jpg",1,586
152,"practice_MGDB","dolore",1,598
152,"practice_MGDB","fond3.jpg",1,517
152,"test_MGDB","latte1.jpg",1,739
152,"test_MGDB","terribile",1,900
152,"test_MGDB","fond6.jpg",1,944
152,"test_MGDB","cattivo",1,483
152,"test_MGDB","latte3.jpg",1,474
152,"test_MGDB","meraviglioso",1,447
152,"test_MGDB","latte2.jpg",1,400
152,"test_MGDB","buono",1,472
152,"test_MGDB","fond3.jpg",1,454
152,"test_MGDB","fastidioso",1,1216
152,"test_MGDB","fond1.jpg",1,489
152,"test_MGDB","eccellente",0,419
152,"test_MGDB","fond7.jpg",1,1039
152,"test_MGDB","ridere",1,781
152,"test_MGDB","fond6.jpg",1,553
152,"test_MGDB","schifo",1,1029
152,"test_MGDB","latte1.jpg",1,585
152,"test_MGDB","piacere",1,493
152,"test_MGDB","fond2.jpg",1,575
152,"test_MGDB","brutto",1,504
152,"test_MGDB","latte7.jpg",1,500
152,"test_MGDB","amore",1,518
152,"test_MGDB","latte5.jpg",1,453
152,"test_MGDB","bello",1,527
152,"test_MGDB","fond4.jpg",1,528
152,"test_MGDB","fallimento",1,583
152,"test_MGDB","latte6.jpg",1,508
152,"test_MGDB","gioia",1,1368
152,"test_MGDB","latte4.jpg",1,1400
152,"test_MGDB","agonia",1,1222
152,"test_MGDB","latte2.jpg",1,809
152,"test_MGDB","disastro",1,986
152,"test_MGDB","latte3.jpg",1,566
152,"test_MGDB","fastidioso",1,877
152,"test_MGDB","fond5.jpg",1,827
152,"test_MGDB","buono",1,583
152,"test_MGDB","latte2.jpg",1,587
152,"test_MGDB","gloria",1,1511
152,"test_MGDB","fond6.jpg",1,506
152,"test_MGDB","male",1,1199
152,"practice_DGMB","gloria",1,686
152,"practice_DGMB","latte3.jpg",1,791
152,"practice_DGMB","ridere",1,2411
152,"practice_DGMB","latte7.jpg",1,762
152,"practice_DGMB","schifo",1,1832
152,"practice_DGMB","fond5.jpg",1,962
152,"practice_DGMB","paradiso",1,1641
152,"practice_DGMB","latte6.jpg",1,942
152,"practice_DGMB","fallimento",1,703
152,"practice_DGMB","latte5.jpg",1,755
152,"practice_DGMB","amore",1,1615
152,"practice_DGMB","latte4.jpg",1,791
152,"practice_DGMB","odio",1,563
152,"practice_DGMB","fond6.jpg",1,906
152,"practice_DGMB","piacere",1,990
152,"practice_DGMB","fond1.jpg",1,529
152,"practice_DGMB","agonia",1,835
152,"practice_DGMB","fond3.jpg",1,2345
152,"practice_DGMB","felicità",1,1099
152,"practice_DGMB","latte2.jpg",1,742
152,"test_DGMB","fond4.jpg",1,1291
152,"test_DGMB","bello",1,683
152,"test_DGMB","latte1.jpg",1,650
152,"test_DGMB","gioia",1,1932
152,"test_DGMB","latte7.jpg",1,1011
152,"test_DGMB","disastro",1,780
152,"test_DGMB","fond7.jpg",1,776
152,"test_DGMB","dolore",0,929
152,"test_DGMB","latte1.jpg",1,546
152,"test_DGMB","meraviglioso",0,510
152,"test_DGMB","latte2.jpg",1,1506
152,"test_DGMB","nocivo",1,661
152,"test_DGMB","fond2.jpg",1,833
152,"test_DGMB","stupendo",1,1965
152,"test_DGMB","fond1.jpg",1,722
152,"test_DGMB","fastidioso",1,1441
152,"test_DGMB","fond3.jpg",1,2278
152,"test_DGMB","male",1,1331
152,"test_DGMB","fond5.jpg",1,859
152,"test_DGMB","brutto",1,1540
152,"test_DGMB","fond6.jpg",1,1159
152,"test_DGMB","eccellente",1,1357
152,"test_DGMB","latte5.jpg",1,754
152,"test_DGMB","terribile",1,862
152,"test_DGMB","fond7.jpg",1,1058
152,"test_DGMB","orribile",1,1011
152,"test_DGMB","fond4.jpg",1,876
152,"test_DGMB","pace",1,855
152,"test_DGMB","fond2.jpg",1,480
152,"test_DGMB","cattivo",0,1704
152,"test_DGMB","latte3.jpg",1,1338
152,"test_DGMB","buono",1,2323
152,"test_DGMB","fond6.jpg",1,767
152,"test_DGMB","amore",0,1981
152,"test_DGMB","latte6.jpg",1,1495
152,"test_DGMB","nocivo",1,1168
152,"test_DGMB","latte4.jpg",1,1144
152,"test_DGMB","pace",1,556
152,"test_DGMB","latte3.jpg",1,594
152,"test_DGMB","brutto",1,471
153,"practice_DGMB","gioia",1,1128
153,"practice_DGMB","latte2.jpg",1,1273
153,"practice_DGMB","brutto",1,1004
153,"practice_DGMB","fond4.jpg",1,690
153,"practice_DGMB","amore",1,556
153,"practice_DGMB","latte6.jpg",1,626
153,"practice_DGMB","felicità",1,791
153,"practice_DGMB","latte3.jpg",1,1050
153,"practice_DGMB","orribile",1,971
153,"practice_DGMB","fond5.jpg",1,508
153,"practice_DGMB","eccellente",1,945
153,"practice_DGMB","latte1.jpg",1,604
153,"practice_DGMB","male",1,795
153,"practice_DGMB","latte7.jpg",1,553
153,"practice_DGMB","pace",1,1622
153,"practice_DGMB","fond7.jpg",1,792
153,"practice_DGMB","disastro",1,668
153,"practice_DGMB","fond3.jpg",1,976
153,"practice_DGMB","stupendo",1,609
153,"practice_DGMB","latte5.jpg",1,619
153,"test_DGMB","fond6.jpg",1,857
153,"test_DGMB","bello",1,554
153,"test_DGMB","latte4.jpg",1,1721
153,"test_DGMB","ridere",1,1398
153,"test_DGMB","latte2.jpg",1,1236
153,"test_DGMB","buono",1,719
153,"test_DGMB","fond1.jpg",1,662
153,"test_DGMB","cattivo",1,647
153,"test_DGMB","fond2.jpg",1,617
153,"test_DGMB","fallimento",1,658
153,"test_DGMB","fond4.jpg",1,694
153,"test_DGMB","dolore",1,896
153,"test_DGMB","fond1.jpg",1,576
153,"test_DGMB","gloria",1,1586
153,"test_DGMB","latte5.jpg",1,733
153,"test_DGMB","paradiso",1,654
153,"test_DGMB","latte4.jpg",1,1391
153,"test_DGMB","nocivo",1,667
153,"test_DGMB","latte6.jpg",1,718
153,"test_DGMB","agonia",1,901
153,"test_DGMB","fond2.jpg",0,489
153,"test_DGMB","terribile",1,795
153,"test_DGMB","fond5.jpg",1,545
153,"test_DGMB","meraviglioso",1,549
153,"test_DGMB","latte7.jpg",1,562
153,"test_DGMB","odio",1,649
153,"test_DGMB","latte1.jpg",1,850
153,"test_DGMB","fastidioso",1,963
153,"test_DGMB","fond6.jpg",1,593
153,"test_DGMB","piacere",1,454
153,"test_DGMB","fond3.jpg",1,535
153,"test_DGMB","stupendo",1,489
153,"test_DGMB","fond7.jpg",1,586
153,"test_DGMB","schifo",1,695
153,"test_DGMB","fond2.jpg",1,824
153,"test_DGMB","pace",1,3300
153,"test_DGMB","latte3.jpg",1,697
153,"test_DGMB","fallimento",1,2563
153,"test_DGMB","latte2.jpg",1,702
153,"test_DGMB","orribile",1,587
153,"practice_MGDB","piacere",1,1800
153,"practice_MGDB","fond1.jpg",1,816
153,"practice_MGDB","nocivo",1,1745
153,"practice_MGDB","fond4.jpg",1,523
153,"practice_MGDB","paradiso",1,562
153,"practice_MGDB","fond7.jpg",1,617
153,"practice_MGDB","fastidioso",1,723
153,"practice_MGDB","latte5.jpg",1,537
153,"practice_MGDB","orribile",1,595
153,"practice_MGDB","fond2.jpg",1,594
153,"practice_MGDB","dolore",1,654
153,"practice_MGDB","latte1.jpg",1,495
153,"practice_MGDB","amore",1,553
153,"practice_MGDB","latte2.jpg",1,688
153,"practice_MGDB","fallimento",1,551
153,"practice_MGDB","fond6.jpg",1,954
153,"practice_MGDB","stupendo",1,790
153,"practice_MGDB","fond5.jpg",1,698
153,"practice_MGDB","bello",1,516
153,"practice_MGDB","latte4.jpg",1,419
153,"test_MGDB","fond3.jpg",1,1187
153,"test_MGDB","agonia",1,686
153,"test_MGDB","latte3.jpg",1,591
153,"test_MGDB","terribile",1,636
153,"test_MGDB","latte7.jpg",1,578
153,"test_MGDB","schifo",1,524
153,"test_MGDB","latte6.jpg",1,726
153,"test_MGDB","eccellente",1,580
153,"test_MGDB","latte1.jpg",1,584
153,"test_MGDB","odio",1,581
153,"test_MGDB","fond4.jpg",1,577
153,"test_MGDB","gioia",1,755
153,"test_MGDB","latte6.jpg",1,705
153,"test_MGDB","meraviglioso",1,557
153,"test_MGDB","fond6.jpg",1,460
153,"test_MGDB","gloria",1,670
153,"test_MGDB","fond2.jpg",1,498
153,"test_MGDB","brutto",1,635
153,"test_MGDB","fond1.jpg",1,482
153,"test_MGDB","cattivo",1,545
153,"test_MGDB","fond5.jpg",1,869
153,"test_MGDB","ridere",1,537
153,"test_MGDB","fond7.jpg",1,546
153,"test_MGDB","male",1,575
153,"test_MGDB","latte4.jpg",1,585
153,"test_MGDB","pace",1,621
153,"test_MGDB","latte2.jpg",1,1113
153,"test_MGDB","disastro",1,588
153,"test_MGDB","latte5.jpg",1,529
153,"test_MGDB","nocivo",1,671
153,"test_MGDB","latte3.jpg",1,598
153,"test_MGDB","felicità",1,597
153,"test_MGDB","latte7.jpg",1,612
153,"test_MGDB","buono",1,470
153,"test_MGDB","fond3.jpg",1,466
153,"test_MGDB","paradiso",1,598
153,"test_MGDB","fond3.jpg",1,533
153,"test_MGDB","fastidioso",1,911
153,"test_MGDB","latte7.jpg",1,514
153,"test_MGDB","felicità",1,543
154,"practice_DGMB","bello",1,1018
154,"practice_DGMB","fond7.jpg",1,1101
154,"practice_DGMB","terribile",1,750
154,"practice_DGMB","latte2.jpg",1,994
154,"practice_DGMB","eccellente",1,1038
154,"practice_DGMB","fond6.jpg",1,1316
154,"practice_DGMB","male",1,791
154,"practice_DGMB","latte6.jpg",1,1821
154,"practice_DGMB","agonia",1,1117
154,"practice_DGMB","fond4.jpg",1,1027
154,"practice_DGMB","cattivo",1,1271
154,"practice_DGMB","fond2.jpg",1,1658
154,"practice_DGMB","gioia",1,1074
154,"practice_DGMB","latte4.jpg",1,1024
154,"practice_DGMB","amore",1,739
154,"practice_DGMB","fond1.jpg",0,1103
154,"practice_DGMB","odio",1,1083
154,"practice_DGMB","latte5.jpg",0,2041
154,"practice_DGMB","buono",1,749
154,"practice_DGMB","latte3.jpg",0,689
154,"test_DGMB","fond3.jpg",1,1854
154,"test_DGMB","disastro",1,1310
154,"test_DGMB","fond5.jpg",1,865
154,"test_DGMB","schifo",1,813
154,"test_DGMB","latte7.jpg",1,942
154,"test_DGMB","nocivo",1,783
154,"test_DGMB","latte1.jpg",1,859
154,"test_DGMB","piacere",1,740
154,"test_DGMB","fond6.jpg",1,760
154,"test_DGMB","dolore",1,838
154,"test_DGMB","fond3.jpg",1,1077
154,"test_DGMB","meraviglioso",1,1011
154,"test_DGMB","fond2.jpg",1,844
154,"test_DGMB","paradiso",1,770
154,"test_DGMB","latte6.jpg",1,691
154,"test_DGMB","gloria",1,853
154,"test_DGMB","latte2.jpg",1,1062
154,"test_DGMB","orribile",1,1015
154,"test_DGMB","fond7.jpg",1,920
154,"test_DGMB","fastidioso",1,863
154,"test_DGMB","latte4.jpg",0,818
154,"test_DGMB","ridere",1,1451
154,"test_DGMB","fond4.jpg",0,1467
154,"test_DGMB","pace",1,1094
154,"test_DGMB","latte7.jpg",1,2071
154,"test_DGMB","fallimento",1,793
154,"test_DGMB","fond5.jpg",1,903
154,"test_DGMB","brutto",1,1275
154,"test_DGMB","latte1.jpg",1,969
154,"test_DGMB","stupendo",1,671
154,"test_DGMB","latte5.jpg",1,902
154,"test_DGMB","odio",1,735
154,"test_DGMB","fond1.jpg",1,1160
154,"test_DGMB","felicità",1,670
154,"test_DGMB","fond2.jpg",1,746
154,"test_DGMB","amore",1,614
154,"test_DGMB","latte3.jpg",1,735
154,"test_DGMB","schifo",1,753
154,"test_DGMB","latte4.jpg",1,847
154,"test_DGMB","meraviglioso",1,710
154,"practice_MGDB","dolore",1,731
154,"practice_MGDB","latte5.jpg",1,748
154,"practice_MGDB","piacere",1,672
154,"practice_MGDB","fond2.jpg",1,631
154,"practice_MGDB","amore",1,619
154,"practice_MGDB","fond4.jpg",1,663
154,"practice_MGDB","gioia",1,595
154,"practice_MGDB","fond3.jpg",1,1250
154,"practice_MGDB","fastidioso",1,843
154,"practice_MGDB","latte2.jpg",1,857
154,"practice_MGDB","male",1,794
154,"practice_MGDB","fond1.jpg",1,872
154,"practice_MGDB","fallimento",1,660
154,"practice_MGDB","latte1.jpg",1,808
154,"practice_MGDB","bello",1,479
154,"practice_MGDB","fond5.jpg",1,558
154,"practice_MGDB","paradiso",1,773
154,"practice_MGDB","fond7.jpg",1,614
154,"practice_MGDB","nocivo",1,704
154,"practice_MGDB","latte6.jpg",1,572
154,"test_MGDB","latte4.jpg",1,659
154,"test_MGDB","eccellente",1,645
154,"test_MGDB","fond6.jpg",1,518
154,"test_MGDB","meraviglioso",1,581
154,"test_MGDB","latte7.jpg",1,537
154,"test_MGDB","schifo",1,627
154,"test_MGDB","latte3.jpg",1,463
154,"test_MGDB","buono",1,587
154,"test_MGDB","fond2.jpg",1,487
154,"test_MGDB","gloria",1,519
154,"test_MGDB","fond4.jpg",1,589
154,"test_MGDB","disastro",1,714
154,"test_MGDB","latte1.jpg",1,864
154,"test_MGDB","stupendo",1,604
154,"test_MGDB","fond6.jpg",1,542
154,"test_MGDB","brutto",1,735
154,"test_MGDB","latte3.jpg",1,504
154,"test_MGDB","terribile",1,653
154,"test_MGDB","fond5.jpg",1,678
154,"test_MGDB","cattivo",1,765
154,"test_MGDB","latte7.jpg",1,694
154,"test_MGDB","orribile",1,624
154,"test_MGDB","latte5.jpg",1,580
154,"test_MGDB","agonia",1,877
154,"test_MGDB","fond7.jpg",1,620
154,"test_MGDB","ridere",1,613
154,"test_MGDB","fond3.jpg",1,543
154,"test_MGDB","odio",1,635
154,"test_MGDB","latte6.jpg",1,666
154,"test_MGDB","felicità",1,470
154,"test_MGDB","latte4.jpg",1,538
154,"test_MGDB","pace",1,700
154,"test_MGDB","fond1.jpg",1,496
154,"test_MGDB","felicità",1,617
154,"test_MGDB","latte2.jpg",1,549
154,"test_MGDB","fastidioso",1,794
154,"test_MGDB","latte5.jpg",1,560
154,"test_MGDB","nocivo",1,615
154,"test_MGDB","fond6.jpg",1,609
154,"test_MGDB","meraviglioso",1,586
155,"practice_DGMB","pace",1,1249
155,"practice_DGMB","latte7.jpg",1,1225
155,"practice_DGMB","paradiso",1,845
155,"practice_DGMB","fond4.jpg",1,750
155,"practice_DGMB","terribile",1,706
155,"practice_DGMB","latte5.jpg",1,1014
155,"practice_DGMB","eccellente",1,759
155,"practice_DGMB","fond7.jpg",1,837
155,"practice_DGMB","felicità",1,716
155,"practice_DGMB","fond5.jpg",1,538
155,"practice_DGMB","male",1,780
155,"practice_DGMB","latte3.jpg",1,632
155,"practice_DGMB","cattivo",1,676
155,"practice_DGMB","latte1.jpg",1,659
155,"practice_DGMB","orribile",1,948
155,"practice_DGMB","fond3.jpg",1,592
155,"practice_DGMB","bello",1,724
155,"practice_DGMB","latte2.jpg",1,562
155,"practice_DGMB","piacere",1,1402
155,"practice_DGMB","fond6.jpg",1,679
155,"test_DGMB","fond1.jpg",1,644
155,"test_DGMB","ridere",1,659
155,"test_DGMB","latte4.jpg",1,599
155,"test_DGMB","gioia",1,630
155,"test_DGMB","latte6.jpg",1,562
155,"test_DGMB","gloria",1,801
155,"test_DGMB","fond2.jpg",1,607
155,"test_DGMB","schifo",1,527
155,"test_DGMB","latte2.jpg",1,664
155,"test_DGMB","disastro",1,668
155,"test_DGMB","latte4.jpg",1,480
155,"test_DGMB","agonia",1,639
155,"test_DGMB","latte5.jpg",1,486
155,"test_DGMB","stupendo",1,557
155,"test_DGMB","latte7.jpg",1,500
155,"test_DGMB","buono",1,862
155,"test_DGMB","fond7.jpg",1,433
155,"test_DGMB","dolore",1,526
155,"test_DGMB","fond5.jpg",1,415
155,"test_DGMB","odio",1,569
155,"test_DGMB","latte3.jpg",1,731
155,"test_DGMB","meraviglioso",1,732
155,"test_DGMB","fond1.jpg",1,685
155,"test_DGMB","fastidioso",1,684
155,"test_DGMB","fond4.jpg",1,1722
155,"test_DGMB","brutto",1,600
155,"test_DGMB","latte1.jpg",1,919
155,"test_DGMB","nocivo",1,565
155,"test_DGMB","fond3.jpg",1,471
155,"test_DGMB","fallimento",1,627
155,"test_DGMB","latte6.jpg",0,759
155,"test_DGMB","amore",1,854
155,"test_DGMB","fond6.jpg",1,503
155,"test_DGMB","male",1,667
155,"test_DGMB","fond2.jpg",1,495
155,"test_DGMB","terribile",1,561
155,"test_DGMB","fond7.jpg",1,504
155,"test_DGMB","amore",1,716
155,"test_DGMB","latte5.jpg",1,475
155,"test_DGMB","ridere",1,751
155,"practice_MGDB","gioia",1,983
155,"practice_MGDB","fond3.jpg",1,994
155,"practice_MGDB","male",1,878
155,"practice_MGDB","latte3.jpg",1,708
155,"practice_MGDB","odio",1,944
155,"practice_MGDB","fond7.jpg",1,1316
155,"practice_MGDB","orribile",1,1199
155,"practice_MGDB","fond4.jpg",1,653
155,"practice_MGDB","nocivo",1,1494
155,"practice_MGDB","fond1.jpg",1,727
155,"practice_MGDB","brutto",1,757
155,"practice_MGDB","latte7.jpg",1,852
155,"practice_MGDB","piacere",1,597
155,"practice_MGDB","latte2.jpg",1,508
155,"practice_MGDB","terribile",1,792
155,"practice_MGDB","fond6.jpg",1,767
155,"practice_MGDB","amore",1,605
155,"practice_MGDB","latte4.jpg",1,1071
155,"practice_MGDB","cattivo",1,682
155,"practice_MGDB","latte5.jpg",1,721
155,"test_MGDB","fond2.jpg",1,664
155,"test_MGDB","fastidioso",1,644
155,"test_MGDB","fond5.jpg",1,446
155,"test_MGDB","dolore",1,581
155,"test_MGDB","fond6.jpg",1,633
155,"test_MGDB","paradiso",1,525
155,"test_MGDB","fond5.jpg",1,479
155,"test_MGDB","meraviglioso",1,574
155,"test_MGDB","latte6.jpg",1,447
155,"test_MGDB","schifo",1,623
155,"test_MGDB","latte1.jpg",1,611
155,"test_MGDB","ridere",1,660
155,"test_MGDB","latte4.jpg",1,424
155,"test_MGDB","pace",1,509
155,"test_MGDB","latte1.jpg",1,409
155,"test_MGDB","agonia",1,675
155,"test_MGDB","latte5.jpg",1,402
155,"test_MGDB","bello",1,521
155,"test_MGDB","latte3.jpg",1,479
155,"test_MGDB","fallimento",1,519
155,"test_MGDB","latte2.jpg",1,421
155,"test_MGDB","eccellente",1,575
155,"test_MGDB","latte6.jpg",1,529
155,"test_MGDB","disastro",1,507
155,"test_MGDB","fond4.jpg",1,439
155,"test_MGDB","fallimento",1,1109
155,"test_MGDB","fond1.jpg",1,481
155,"test_MGDB","buono",1,496
155,"test_MGDB","latte7.jpg",1,577
155,"test_MGDB","stupendo",1,652
155,"test_MGDB","fond7.jpg",1,477
155,"test_MGDB","felicità",1,724
155,"test_MGDB","latte3.jpg",1,722
155,"test_MGDB","gloria",1,577
155,"test_MGDB","fond2.jpg",1,402
155,"test_MGDB","piacere",1,658
155,"test_MGDB","fond3.jpg",1,462
155,"test_MGDB","buono",1,626
155,"test_MGDB","fond5.jpg",1,743
155,"test_MGDB","cattivo",1,691
156,"practice_DGMB","dolore",1,1179
156,"practice_DGMB","latte2.jpg",1,663
156,"practice_DGMB","fallimento",1,571
156,"practice_DGMB","fond5.jpg",1,532
156,"practice_DGMB","paradiso",1,446
156,"practice_DGMB","fond6.jpg",1,512
156,"practice_DGMB","eccellente",1,508
156,"practice_DGMB","fond1.jpg",1,464
156,"practice_DGMB","meraviglioso",1,469
156,"practice_DGMB","fond4.jpg",1,449
156,"practice_DGMB","terribile",1,563
156,"practice_DGMB","latte5.jpg",1,482
156,"practice_DGMB","male",1,417
156,"practice_DGMB","fond7.jpg",1,501
156,"practice_DGMB","buono",1,543
156,"practice_DGMB","latte7.jpg",1,547
156,"practice_DGMB","felicità",1,448
156,"practice_DGMB","latte6.jpg",1,1585
156,"practice_DGMB","gioia",1,524
156,"practice_DGMB","fond3.jpg",1,498
156,"test_DGMB","fond2.jpg",1,1209
156,"test_DGMB","pace",1,591
156,"test_DGMB","latte1.jpg",1,514
156,"test_DGMB","stupendo",1,503
156,"test_DGMB","latte4.jpg",1,587
156,"test_DGMB","piacere",1,488
156,"test_DGMB","fond3.jpg",1,921
156,"test_DGMB","gloria",1,408
156,"test_DGMB","fond2.jpg",1,434
156,"test_DGMB","amore",1,430
156,"test_DGMB","latte3.jpg",1,530
156,"test_DGMB","cattivo",1,364
156,"test_DGMB","latte7.jpg",1,518
156,"test_DGMB","nocivo",1,509
156,"test_DGMB","fond7.jpg",1,505
156,"test_DGMB","bello",1,470
156,"test_DGMB","latte5.jpg",1,546
156,"test_DGMB","ridere",1,518
156,"test_DGMB","fond6.jpg",1,365
156,"test_DGMB","pace",1,420
156,"test_DGMB","fond1.jpg",1,441
156,"test_DGMB","agonia",1,608
156,"test_DGMB","fond4.jpg",1,561
156,"test_DGMB","schifo",1,496
156,"test_DGMB","latte3.jpg",1,458
156,"test_DGMB","odio",1,452
156,"test_DGMB","latte6.jpg",1,453
156,"test_DGMB","orribile",1,455
156,"test_DGMB","latte1.jpg",1,409
156,"test_DGMB","brutto",1,451
156,"test_DGMB","latte4.jpg",1,396
156,"test_DGMB","eccellente",1,483
156,"test_DGMB","fond5.jpg",1,450
156,"test_DGMB","disastro",1,516
156,"test_DGMB","latte2.jpg",1,763
156,"test_DGMB","fastidioso",1,578
156,"test_DGMB","latte2.jpg",1,438
156,"test_DGMB","orribile",1,509
156,"test_DGMB","fond3.jpg",1,513
156,"test_DGMB","terribile",1,534
156,"practice_MGDB","ridere",1,1074
156,"practice_MGDB","fond5.jpg",1,720
156,"practice_MGDB","orribile",0,799
156,"practice_MGDB","fond4.jpg",1,958
156,"practice_MGDB","piacere",1,500
156,"practice_MGDB","fond7.jpg",1,512
156,"practice_MGDB","bello",1,525
156,"practice_MGDB","fond1.jpg",1,478
156,"practice_MGDB","pace",1,437
156,"practice_MGDB","fond2.jpg",1,484
156,"practice_MGDB","gioia",1,467
156,"practice_MGDB","latte7.jpg",1,472
156,"practice_MGDB","fastidioso",1,492
156,"practice_MGDB","latte5.jpg",1,798
156,"practice_MGDB","fallimento",1,668
156,"practice_MGDB","latte2.jpg",1,552
156,"practice_MGDB","dolore",1,925
156,"practice_MGDB","fond6.jpg",1,490
156,"practice_MGDB","odio",1,909
156,"practice_MGDB","fond3.jpg",1,440
156,"test_MGDB","latte3.jpg",1,1040
156,"test_MGDB","meraviglioso",1,526
156,"test_MGDB","latte4.jpg",1,399
156,"test_MGDB","terribile",1,599
156,"test_MGDB","fond7.jpg",1,765
156,"test_MGDB","disastro",1,468
156,"test_MGDB","fond1.jpg",1,440
156,"test_MGDB","agonia",0,448
156,"test_MGDB","fond4.jpg",1,505
156,"test_MGDB","schifo",1,430
156,"test_MGDB","fond5.jpg",1,362
156,"test_MGDB","cattivo",1,377
156,"test_MGDB","latte1.jpg",1,510
156,"test_MGDB","buono",1,362
156,"test_MGDB","fond2.jpg",1,497
156,"test_MGDB","eccellente",1,483
156,"test_MGDB","fond6.jpg",1,546
156,"test_MGDB","brutto",1,998
156,"test_MGDB","latte6.jpg",1,796
156,"test_MGDB","gloria",1,483
156,"test_MGDB","latte2.jpg",1,370
156,"test_MGDB","nocivo",1,404
156,"test_MGDB","fond3.jpg",0,386
156,"test_MGDB","male",1,744
156,"test_MGDB","latte1.jpg",1,595
156,"test_MGDB","stupendo",1,447
156,"test_MGDB","latte5.jpg",1,369
156,"test_MGDB","dolore",1,555
156,"test_MGDB","latte4.jpg",1,1242
156,"test_MGDB","paradiso",1,520
156,"test_MGDB","latte3.jpg",1,439
156,"test_MGDB","amore",1,622
156,"test_MGDB","latte7.jpg",1,378
156,"test_MGDB","odio",1,468
156,"test_MGDB","latte6.jpg",1,672
156,"test_MGDB","felicità",1,596
156,"test_MGDB","latte3.jpg",1,531
156,"test_MGDB","paradiso",1,493
156,"test_MGDB","fond1.jpg",1,462
156,"test_MGDB","felicità",1,531
157,"practice_MGDB","odio",1,941
157,"practice_MGDB","latte7.jpg",1,1265
157,"practice_MGDB","terribile",1,1060
157,"practice_MGDB","latte2.jpg",1,1087
157,"practice_MGDB","disastro",1,765
157,"practice_MGDB","fond1.jpg",1,711
157,"practice_MGDB","gioia",1,667
157,"practice_MGDB","fond2.jpg",1,855
157,"practice_MGDB","meraviglioso",1,1408
157,"practice_MGDB","latte5.jpg",1,912
157,"practice_MGDB","buono",1,820
157,"practice_MGDB","fond6.jpg",1,608
157,"practice_MGDB","felicità",1,743
157,"practice_MGDB","fond7.jpg",1,698
157,"practice_MGDB","nocivo",1,588
157,"practice_MGDB","fond3.jpg",1,640
157,"practice_MGDB","fastidioso",1,599
157,"practice_MGDB","fond5.jpg",1,462
157,"practice_MGDB","fallimento",1,567
157,"practice_MGDB","fond4.jpg",1,513
157,"test_MGDB","fond1.jpg",1,513
157,"test_MGDB","orribile",1,533
157,"test_MGDB","latte1.jpg",1,527
157,"test_MGDB","eccellente",1,582
157,"test_MGDB","latte4.jpg",1,594
157,"test_MGDB","male",1,542
157,"test_MGDB","fond5.jpg",1,514
157,"test_MGDB","piacere",1,471
157,"test_MGDB","fond6.jpg",1,526
157,"test_MGDB","schifo",1,533
157,"test_MGDB","latte3.jpg",1,606
157,"test_MGDB","amore",1,637
157,"test_MGDB","latte6.jpg",1,740
157,"test_MGDB","bello",1,541
157,"test_MGDB","fond4.jpg",1,474
157,"test_MGDB","dolore",1,502
157,"test_MGDB","latte3.jpg",1,538
157,"test_MGDB","paradiso",1,508
157,"test_MGDB","latte6.jpg",1,424
157,"test_MGDB","stupendo",1,517
157,"test_MGDB","fond7.jpg",1,459
157,"test_MGDB","agonia",1,541
157,"test_MGDB","latte1.jpg",1,514
157,"test_MGDB","gloria",1,526
157,"test_MGDB","fond2.jpg",1,488
157,"test_MGDB","brutto",1,567
157,"test_MGDB","latte2.jpg",1,408
157,"test_MGDB","pace",1,607
157,"test_MGDB","fond3.jpg",1,505
157,"test_MGDB","cattivo",1,501
157,"test_MGDB","latte7.jpg",1,433
157,"test_MGDB","fallimento",1,566
157,"test_MGDB","latte5.jpg",1,527
157,"test_MGDB","ridere",1,678
157,"test_MGDB","latte4.jpg",1,453
157,"test_MGDB","eccellente",0,543
157,"test_MGDB","fond1.jpg",1,683
157,"test_MGDB","stupendo",1,642
157,"test_MGDB","latte2.jpg",1,480
157,"test_MGDB","male",1,599
157,"practice_DGMB","fastidioso",1,1292
157,"practice_DGMB","latte3.jpg",1,660
157,"practice_DGMB","bello",1,590
157,"practice_DGMB","latte1.jpg",1,922
157,"practice_DGMB","gioia",1,520
157,"practice_DGMB","latte5.jpg",1,1111
157,"practice_DGMB","felicità",1,555
157,"practice_DGMB","latte4.jpg",1,658
157,"practice_DGMB","ridere",1,555
157,"practice_DGMB","fond4.jpg",1,1194
157,"practice_DGMB","paradiso",1,605
157,"practice_DGMB","fond1.jpg",1,447
157,"practice_DGMB","cattivo",1,574
157,"practice_DGMB","latte2.jpg",1,775
157,"practice_DGMB","eccellente",1,577
157,"practice_DGMB","fond5.jpg",1,642
157,"practice_DGMB","odio",1,617
157,"practice_DGMB","fond6.jpg",0,466
157,"practice_DGMB","terribile",1,1183
157,"practice_DGMB","fond3.jpg",1,506
157,"test_DGMB","latte7.jpg",1,1181
157,"test_DGMB","nocivo",1,798
157,"test_DGMB","latte6.jpg",1,612
157,"test_DGMB","gloria",1,518
157,"test_DGMB","latte2.jpg",1,973
157,"test_DGMB","disastro",1,910
157,"test_DGMB","fond7.jpg",1,497
157,"test_DGMB","orribile",1,723
157,"test_DGMB","fond2.jpg",1,362
157,"test_DGMB","amore",1,545
157,"test_DGMB","fond3.jpg",1,429
157,"test_DGMB","pace",1,481
157,"test_DGMB","latte3.jpg",1,536
157,"test_DGMB","stupendo",1,578
157,"test_DGMB","latte6.jpg",1,790
157,"test_DGMB","male",1,1242
157,"test_DGMB","latte1.jpg",1,624
157,"test_DGMB","meraviglioso",0,484
157,"test_DGMB","fond6.jpg",1,894
157,"test_DGMB","brutto",1,567
157,"test_DGMB","latte7.jpg",0,512
157,"test_DGMB","buono",1,645
157,"test_DGMB","fond4.jpg",1,854
157,"test_DGMB","schifo",1,487
157,"test_DGMB","latte4.jpg",1,537
157,"test_DGMB","piacere",1,539
157,"test_DGMB","fond5.jpg",1,583
157,"test_DGMB","agonia",1,707
157,"test_DGMB","fond2.jpg",1,663
157,"test_DGMB","dolore",1,523
157,"test_DGMB","fond7.jpg",1,458
157,"test_DGMB","fallimento",1,564
157,"test_DGMB","fond1.jpg",1,466
157,"test_DGMB","fallimento",1,671
157,"test_DGMB","latte5.jpg",1,910
157,"test_DGMB","gloria",1,586
157,"test_DGMB","latte5.jpg",1,574
157,"test_DGMB","stupendo",1,463
157,"test_DGMB","fond4.jpg",1,660
157,"test_DGMB","brutto",1,557
158,"practice_MGDB","bello",1,553
158,"practice_MGDB","fond1.jpg",1,528
158,"practice_MGDB","pace",1,607
158,"practice_MGDB","latte4.jpg",1,793
158,"practice_MGDB","gioia",1,445
158,"practice_MGDB","latte2.jpg",1,630
158,"practice_MGDB","dolore",1,482
158,"practice_MGDB","fond6.jpg",1,449
158,"practice_MGDB","ridere",1,595
158,"practice_MGDB","latte5.jpg",1,426
158,"practice_MGDB","orribile",1,463
158,"practice_MGDB","latte1.jpg",1,627
158,"practice_MGDB","agonia",1,639
158,"practice_MGDB","latte3.jpg",1,710
158,"practice_MGDB","stupendo",1,530
158,"practice_MGDB","fond3.jpg",1,459
158,"practice_MGDB","schifo",1,557
158,"practice_MGDB","fond2.jpg",1,436
158,"practice_MGDB","amore",1,507
158,"practice_MGDB","fond5.jpg",1,591
158,"test_MGDB","fond7.jpg",1,464
158,"test_MGDB","gloria",1,469
158,"test_MGDB","latte7.jpg",1,553
158,"test_MGDB","fastidioso",1,470
158,"test_MGDB","latte6.jpg",1,762
158,"test_MGDB","buono",1,425
158,"test_MGDB","fond4.jpg",1,461
158,"test_MGDB","cattivo",1,503
158,"test_MGDB","fond5.jpg",1,515
158,"test_MGDB","fallimento",1,543
158,"test_MGDB","fond1.jpg",1,420
158,"test_MGDB","eccellente",1,565
158,"test_MGDB","fond3.jpg",1,479
158,"test_MGDB","terribile",1,558
158,"test_MGDB","latte2.jpg",1,461
158,"test_MGDB","brutto",1,430
158,"test_MGDB","latte6.jpg",1,525
158,"test_MGDB","piacere",1,453
158,"test_MGDB","fond6.jpg",1,430
158,"test_MGDB","nocivo",0,483
158,"test_MGDB","latte1.jpg",1,586
158,"test_MGDB","paradiso",1,422
158,"test_MGDB","fond2.jpg",1,442
158,"test_MGDB","odio",1,425
158,"test_MGDB","fond4.jpg",1,358
158,"test_MGDB","disastro",1,373
158,"test_MGDB","latte4.jpg",1,479
158,"test_MGDB","male",1,558
158,"test_MGDB","fond7.jpg",1,421
158,"test_MGDB","meraviglioso",1,463
158,"test_MGDB","latte5.jpg",1,427
158,"test_MGDB","male",1,1175
158,"test_MGDB","fond4.jpg",1,408
158,"test_MGDB","felicità",1,511
158,"test_MGDB","latte3.jpg",1,582
158,"test_MGDB","fallimento",1,482
158,"test_MGDB","latte7.jpg",1,545
158,"test_MGDB","gioia",1,550
158,"test_MGDB","latte6.jpg",1,490
158,"test_MGDB","eccellente",1,380
158,"practice_DGMB","bello",1,643
158,"practice_DGMB","fond6.jpg",1,596
158,"practice_DGMB","piacere",1,571
158,"practice_DGMB","fond1.jpg",1,485
158,"practice_DGMB","male",1,508
158,"practice_DGMB","latte1.jpg",1,872
158,"practice_DGMB","odio",0,756
158,"practice_DGMB","fond7.jpg",1,1850
158,"practice_DGMB","felicità",1,831
158,"practice_DGMB","fond2.jpg",1,669
158,"practice_DGMB","meraviglioso",1,626
158,"practice_DGMB","fond4.jpg",1,886
158,"practice_DGMB","brutto",1,492
158,"practice_DGMB","latte3.jpg",1,470
158,"practice_DGMB","pace",0,898
158,"practice_DGMB","fond5.jpg",1,1254
158,"practice_DGMB","agonia",1,950
158,"practice_DGMB","fond3.jpg",1,765
158,"practice_DGMB","gloria",1,1051
158,"practice_DGMB","latte2.jpg",1,637
158,"test_DGMB","fond2.jpg",1,750
158,"test_DGMB","dolore",1,739
158,"test_DGMB","latte6.jpg",1,1214
158,"test_DGMB","nocivo",1,927
158,"test_DGMB","fond4.jpg",1,576
158,"test_DGMB","buono",1,858
158,"test_DGMB","latte5.jpg",1,730
158,"test_DGMB","cattivo",1,1036
158,"test_DGMB","fond6.jpg",1,706
158,"test_DGMB","ridere",1,862
158,"test_DGMB","latte4.jpg",1,618
158,"test_DGMB","fastidioso",0,707
158,"test_DGMB","fond5.jpg",1,1071
158,"test_DGMB","paradiso",0,851
158,"test_DGMB","latte7.jpg",1,964
158,"test_DGMB","schifo",1,770
158,"test_DGMB","latte6.jpg",1,964
158,"test_DGMB","disastro",1,538
158,"test_DGMB","latte1.jpg",1,614
158,"test_DGMB","orribile",1,544
158,"test_DGMB","latte5.jpg",1,540
158,"test_DGMB","gioia",1,566
158,"test_DGMB","fond3.jpg",1,503
158,"test_DGMB","eccellente",1,483
158,"test_DGMB","latte2.jpg",1,586
158,"test_DGMB","terribile",0,623
158,"test_DGMB","latte7.jpg",1,1267
158,"test_DGMB","fallimento",1,630
158,"test_DGMB","latte3.jpg",1,1130
158,"test_DGMB","brutto",1,507
158,"test_DGMB","fond7.jpg",1,585
158,"test_DGMB","amore",1,499
158,"test_DGMB","fond1.jpg",1,511
158,"test_DGMB","stupendo",1,524
158,"test_DGMB","fond3.jpg",1,546
158,"test_DGMB","felicità",1,607
158,"test_DGMB","latte4.jpg",1,608
158,"test_DGMB","eccellente",1,615
158,"test_DGMB","latte6.jpg",1,673
158,"test_DGMB","dolore",1,597
159,"practice_MGDB","terribile",1,776
159,"practice_MGDB","fond4.jpg",1,948
159,"practice_MGDB","odio",1,888
159,"practice_MGDB","fond2.jpg",1,937
159,"practice_MGDB","schifo",1,602
159,"practice_MGDB","latte1.jpg",1,505
159,"practice_MGDB","bello",1,645
159,"practice_MGDB","latte3.jpg",1,862
159,"practice_MGDB","agonia",1,1026
159,"practice_MGDB","fond3.jpg",1,1134
159,"practice_MGDB","pace",1,1502
159,"practice_MGDB","fond1.jpg",1,585
159,"practice_MGDB","paradiso",0,829
159,"practice_MGDB","fond7.jpg",1,569
159,"practice_MGDB","piacere",1,971
159,"practice_MGDB","fond5.jpg",1,676
159,"practice_MGDB","dolore",1,794
159,"practice_MGDB","latte4.jpg",1,553
159,"practice_MGDB","eccellente",1,1149
159,"practice_MGDB","latte7.jpg",1,465
159,"test_MGDB","fond6.jpg",1,673
159,"test_MGDB","gloria",1,613
159,"test_MGDB","latte6.jpg",1,558
159,"test_MGDB","felicità",1,685
159,"test_MGDB","latte5.jpg",0,839
159,"test_MGDB","buono",0,2125
159,"test_MGDB","fond3.jpg",1,601
159,"test_MGDB","fastidioso",1,1096
159,"test_MGDB","latte2.jpg",1,457
159,"test_MGDB","disastro",1,555
159,"test_MGDB","latte2.jpg",1,977
159,"test_MGDB","ridere",1,1155
159,"test_MGDB","latte6.jpg",1,1305
159,"test_MGDB","meraviglioso",1,668
159,"test_MGDB","latte3.jpg",1,464
159,"test_MGDB","stupendo",1,356
159,"test_MGDB","fond1.jpg",1,659
159,"test_MGDB","brutto",1,1125
159,"test_MGDB","fond2.jpg",1,413
159,"test_MGDB","nocivo",1,607
159,"test_MGDB","latte1.jpg",1,641
159,"test_MGDB","orribile",1,552
159,"test_MGDB","fond5.jpg",1,478
159,"test_MGDB","male",1,422
159,"test_MGDB","fond7.jpg",1,474
159,"test_MGDB","cattivo",1,566
159,"test_MGDB","fond6.jpg",1,1480
159,"test_MGDB","fallimento",1,557
159,"test_MGDB","fond4.jpg",1,628
159,"test_MGDB","gioia",1,552
159,"test_MGDB","latte7.jpg",1,703
159,"test_MGDB","amore",1,1163
159,"test_MGDB","latte5.jpg",1,345
159,"test_MGDB","paradiso",1,534
159,"test_MGDB","latte4.jpg",1,551
159,"test_MGDB","male",1,508
159,"test_MGDB","latte3.jpg",1,568
159,"test_MGDB","felicità",1,519
159,"test_MGDB","fond2.jpg",1,566
159,"test_MGDB","schifo",1,733
159,"practice_DGMB","gloria",1,1421
159,"practice_DGMB","fond3.jpg",1,936
159,"practice_DGMB","bello",1,665
159,"practice_DGMB","fond6.jpg",1,349
159,"practice_DGMB","schifo",1,682
159,"practice_DGMB","latte4.jpg",1,648
159,"practice_DGMB","brutto",1,1175
159,"practice_DGMB","fond1.jpg",1,528
159,"practice_DGMB","piacere",1,535
159,"practice_DGMB","latte1.jpg",1,608
159,"practice_DGMB","male",1,503
159,"practice_DGMB","latte6.jpg",1,603
159,"practice_DGMB","odio",1,626
159,"practice_DGMB","fond4.jpg",1,574
159,"practice_DGMB","felicità",1,832
159,"practice_DGMB","latte7.jpg",1,998
159,"practice_DGMB","fastidioso",1,549
159,"practice_DGMB","latte2.jpg",1,689
159,"practice_DGMB","pace",1,895
159,"practice_DGMB","fond5.jpg",1,345
159,"test_DGMB","fond2.jpg",1,569
159,"test_DGMB","buono",1,355
159,"test_DGMB","fond7.jpg",1,362
159,"test_DGMB","agonia",1,585
159,"test_DGMB","fond7.jpg",1,413
159,"test_DGMB","fallimento",1,543
159,"test_DGMB","fond2.jpg",1,443
159,"test_DGMB","dolore",1,523
159,"test_DGMB","latte3.jpg",0,409
159,"test_DGMB","disastro",1,835
159,"test_DGMB","fond3.jpg",1,530
159,"test_DGMB","meraviglioso",1,643
159,"test_DGMB","fond4.jpg",1,610
159,"test_DGMB","amore",1,700
159,"test_DGMB","latte5.jpg",1,672
159,"test_DGMB","gioia",1,540
159,"test_DGMB","latte4.jpg",0,744
159,"test_DGMB","stupendo",1,1372
159,"test_DGMB","fond6.jpg",1,476
159,"test_DGMB","paradiso",1,523
159,"test_DGMB","latte3.jpg",1,490
159,"test_DGMB","terribile",1,572
159,"test_DGMB","latte5.jpg",1,533
159,"test_DGMB","cattivo",1,631
159,"test_DGMB","latte6.jpg",1,414
159,"test_DGMB","eccellente",1,576
159,"test_DGMB","latte7.jpg",1,769
159,"test_DGMB","ridere",1,522
159,"test_DGMB","latte2.jpg",1,697
159,"test_DGMB","eccellente",1,779
159,"test_DGMB","fond1.jpg",1,527
159,"test_DGMB","nocivo",1,598
159,"test_DGMB","latte1.jpg",1,652
159,"test_DGMB","piacere",1,566
159,"test_DGMB","fond5.jpg",1,583
159,"test_DGMB","orribile",1,540
159,"test_DGMB","fond7.jpg",1,504
159,"test_DGMB","orribile",1,612
159,"test_DGMB","latte4.jpg",0,502
159,"test_DGMB","cattivo",1,2287
160,"practice_MGDB","orribile",1,1241
160,"practice_MGDB","fond1.jpg",1,1169
160,"practice_MGDB","piacere",1,951
160,"practice_MGDB","fond6.jpg",1,874
160,"practice_MGDB","paradiso",1,951
160,"practice_MGDB","fond3.jpg",1,1722
160,"practice_MGDB","buono",1,815
160,"practice_MGDB","fond4.jpg",1,1168
160,"practice_MGDB","male",1,774
160,"practice_MGDB","fond2.jpg",1,1096
160,"practice_MGDB","meraviglioso",1,808
160,"practice_MGDB","latte4.jpg",1,713
160,"practice_MGDB","odio",1,774
160,"practice_MGDB","fond7.jpg",1,751
160,"practice_MGDB","fallimento",1,803
160,"practice_MGDB","fond5.jpg",1,777
160,"practice_MGDB","eccellente",1,747
160,"practice_MGDB","latte5.jpg",1,630
160,"practice_MGDB","brutto",1,675
160,"practice_MGDB","fond3.jpg",1,593
160,"test_MGDB","latte7.jpg",1,774
160,"test_MGDB","stupendo",1,808
160,"test_MGDB","fond6.jpg",1,745
160,"test_MGDB","terribile",1,621
160,"test_MGDB","latte6.jpg",1,665
160,"test_MGDB","agonia",1,773
160,"test_MGDB","latte3.jpg",1,806
160,"test_MGDB","dolore",1,733
160,"test_MGDB","latte1.jpg",1,726
160,"test_MGDB","nocivo",1,813
160,"test_MGDB","fond1.jpg",1,694
160,"test_MGDB","gioia",1,695
160,"test_MGDB","latte2.jpg",1,584
160,"test_MGDB","felicità",1,725
160,"test_MGDB","latte5.jpg",1,622
160,"test_MGDB","schifo",1,674
160,"test_MGDB","latte6.jpg",1,601
160,"test_MGDB","gloria",1,664
160,"test_MGDB","fond4.jpg",1,804
160,"test_MGDB","pace",1,699
160,"test_MGDB","fond5.jpg",1,710
160,"test_MGDB","fastidioso",1,771
160,"test_MGDB","fond2.jpg",1,588
160,"test_MGDB","disastro",1,832
160,"test_MGDB","latte3.jpg",1,598
160,"test_MGDB","ridere",1,693
160,"test_MGDB","fond7.jpg",1,942
160,"test_MGDB","cattivo",1,623
160,"test_MGDB","latte4.jpg",1,620
160,"test_MGDB","amore",1,605
160,"test_MGDB","latte7.jpg",1,623
160,"test_MGDB","bello",1,795
160,"test_MGDB","latte1.jpg",1,713
160,"test_MGDB","stupendo",1,645
160,"test_MGDB","latte2.jpg",1,671
160,"test_MGDB","schifo",1,747
160,"test_MGDB","latte3.jpg",1,647
160,"test_MGDB","eccellente",1,830
160,"test_MGDB","fond2.jpg",1,585
160,"test_MGDB","brutto",1,630
160,"practice_DGMB","gioia",1,1903
160,"practice_DGMB","fond2.jpg",1,1849
160,"practice_DGMB","brutto",1,1063
160,"practice_DGMB","latte3.jpg",1,858
160,"practice_DGMB","fastidioso",1,995
160,"practice_DGMB","latte5.jpg",1,841
160,"practice_DGMB","dolore",1,928
160,"practice_DGMB","latte2.jpg",1,865
160,"practice_DGMB","pace",1,989
160,"practice_DGMB","fond5.jpg",1,864
160,"practice_DGMB","gloria",1,1204
160,"practice_DGMB","latte1.jpg",1,802
160,"practice_DGMB","piacere",1,1072
160,"practice_DGMB","fond6.jpg",1,1206
160,"practice_DGMB","terribile",1,1300
160,"practice_DGMB","latte4.jpg",1,847
160,"practice_DGMB","buono",1,1062
160,"practice_DGMB","latte7.jpg",1,881
160,"practice_DGMB","orribile",1,872
160,"practice_DGMB","fond7.jpg",1,862
160,"test_DGMB","fond4.jpg",1,784
160,"test_DGMB","amore",1,932
160,"test_DGMB","fond3.jpg",1,926
160,"test_DGMB","bello",1,820
160,"test_DGMB","fond1.jpg",1,831
160,"test_DGMB","fallimento",1,939
160,"test_DGMB","fond7.jpg",1,775
160,"test_DGMB","eccellente",1,920
160,"test_DGMB","fond2.jpg",1,966
160,"test_DGMB","felicità",1,1141
160,"test_DGMB","latte6.jpg",1,984
160,"test_DGMB","ridere",1,884
160,"test_DGMB","latte5.jpg",1,858
160,"test_DGMB","odio",1,819
160,"test_DGMB","latte7.jpg",1,1055
160,"test_DGMB","nocivo",1,776
160,"test_DGMB","latte4.jpg",1,809
160,"test_DGMB","schifo",1,842
160,"test_DGMB","fond1.jpg",1,697
160,"test_DGMB","male",1,682
160,"test_DGMB","fond6.jpg",1,617
160,"test_DGMB","cattivo",1,642
160,"test_DGMB","latte1.jpg",1,713
160,"test_DGMB","stupendo",1,837
160,"test_DGMB","latte3.jpg",1,867
160,"test_DGMB","agonia",1,1079
160,"test_DGMB","fond3.jpg",1,701
160,"test_DGMB","disastro",1,735
160,"test_DGMB","latte6.jpg",1,776
160,"test_DGMB","paradiso",1,1041
160,"test_DGMB","fond5.jpg",1,623
160,"test_DGMB","schifo",1,675
160,"test_DGMB","fond4.jpg",1,786
160,"test_DGMB","meraviglioso",1,1046
160,"test_DGMB","fond7.jpg",1,607
160,"test_DGMB","bello",1,734
160,"test_DGMB","latte2.jpg",1,655
160,"test_DGMB","fastidioso",1,728
160,"test_DGMB","latte4.jpg",1,746
160,"test_DGMB","stupendo",1,782
161,"practice_DGMB","disastro",1,1128
161,"practice_DGMB","latte4.jpg",1,769
161,"practice_DGMB","odio",1,578
161,"practice_DGMB","latte7.jpg",1,662
161,"practice_DGMB","stupendo",1,899
161,"practice_DGMB","latte1.jpg",1,638
161,"practice_DGMB","felicità",1,621
161,"practice_DGMB","fond4.jpg",1,505
161,"practice_DGMB","cattivo",1,598
161,"practice_DGMB","latte3.jpg",0,924
161,"practice_DGMB","male",1,2547
161,"practice_DGMB","latte2.jpg",1,852
161,"practice_DGMB","orribile",1,517
161,"practice_DGMB","fond5.jpg",1,580
161,"practice_DGMB","pace",1,774
161,"practice_DGMB","fond6.jpg",1,575
161,"practice_DGMB","meraviglioso",1,720
161,"practice_DGMB","latte6.jpg",1,607
161,"practice_DGMB","ridere",1,750
161,"practice_DGMB","latte5.jpg",1,666
161,"test_DGMB","fond2.jpg",1,737
161,"test_DGMB","piacere",1,619
161,"test_DGMB","fond3.jpg",1,487
161,"test_DGMB","gloria",1,542
161,"test_DGMB","latte6.jpg",1,546
161,"test_DGMB","eccellente",1,614
161,"test_DGMB","fond1.jpg",0,456
161,"test_DGMB","bello",1,1049
161,"test_DGMB","fond7.jpg",1,626
161,"test_DGMB","nocivo",1,646
161,"test_DGMB","latte4.jpg",1,544
161,"test_DGMB","gioia",1,572
161,"test_DGMB","fond5.jpg",1,1022
161,"test_DGMB","fastidioso",0,959
161,"test_DGMB","fond1.jpg",1,757
161,"test_DGMB","schifo",1,803
161,"test_DGMB","fond7.jpg",1,626
161,"test_DGMB","fallimento",1,694
161,"test_DGMB","fond3.jpg",1,1127
161,"test_DGMB","dolore",1,1046
161,"test_DGMB","fond6.jpg",1,758
161,"test_DGMB","terribile",1,1029
161,"test_DGMB","latte7.jpg",1,656
161,"test_DGMB","amore",1,746
161,"test_DGMB","latte3.jpg",1,702
161,"test_DGMB","paradiso",1,800
161,"test_DGMB","fond2.jpg",1,934
161,"test_DGMB","brutto",1,751
161,"test_DGMB","fond4.jpg",1,674
161,"test_DGMB","agonia",1,919
161,"test_DGMB","fond7.jpg",1,973
161,"test_DGMB","male",1,694
161,"test_DGMB","latte5.jpg",1,759
161,"test_DGMB","buono",1,630
161,"test_DGMB","latte1.jpg",0,562
161,"test_DGMB","amore",1,625
161,"test_DGMB","latte2.jpg",1,485
161,"test_DGMB","odio",1,1220
161,"test_DGMB","latte1.jpg",1,855
161,"test_DGMB","stupendo",1,864
161,"practice_MGDB","fastidioso",1,1137
161,"practice_MGDB","fond2.jpg",1,580
161,"practice_MGDB","orribile",1,638
161,"practice_MGDB","latte6.jpg",1,653
161,"practice_MGDB","paradiso",1,654
161,"practice_MGDB","fond7.jpg",1,568
161,"practice_MGDB","agonia",1,863
161,"practice_MGDB","latte5.jpg",1,634
161,"practice_MGDB","buono",1,670
161,"practice_MGDB","fond6.jpg",1,482
161,"practice_MGDB","odio",1,762
161,"practice_MGDB","latte4.jpg",1,544
161,"practice_MGDB","eccellente",1,604
161,"practice_MGDB","fond1.jpg",1,710
161,"practice_MGDB","nocivo",1,586
161,"practice_MGDB","fond5.jpg",1,574
161,"practice_MGDB","meraviglioso",1,624
161,"practice_MGDB","latte3.jpg",1,508
161,"practice_MGDB","disastro",1,856
161,"practice_MGDB","fond4.jpg",1,561
161,"test_MGDB","latte1.jpg",1,898
161,"test_MGDB","terribile",1,603
161,"test_MGDB","latte7.jpg",1,754
161,"test_MGDB","felicità",1,638
161,"test_MGDB","latte2.jpg",1,493
161,"test_MGDB","ridere",1,630
161,"test_MGDB","latte5.jpg",1,602
161,"test_MGDB","schifo",1,761
161,"test_MGDB","fond3.jpg",1,480
161,"test_MGDB","male",1,583
161,"test_MGDB","latte4.jpg",1,907
161,"test_MGDB","brutto",1,887
161,"test_MGDB","latte6.jpg",1,648
161,"test_MGDB","pace",1,727
161,"test_MGDB","fond1.jpg",1,592
161,"test_MGDB","gloria",1,1140
161,"test_MGDB","fond7.jpg",1,567
161,"test_MGDB","fallimento",1,926
161,"test_MGDB","latte1.jpg",1,743
161,"test_MGDB","piacere",1,643
161,"test_MGDB","fond2.jpg",1,546
161,"test_MGDB","cattivo",1,678
161,"test_MGDB","latte7.jpg",1,701
161,"test_MGDB","bello",1,582
161,"test_MGDB","latte3.jpg",1,683
161,"test_MGDB","dolore",1,601
161,"test_MGDB","fond3.jpg",1,544
161,"test_MGDB","amore",1,524
161,"test_MGDB","fond6.jpg",1,582
161,"test_MGDB","stupendo",0,826
161,"test_MGDB","latte2.jpg",1,1118
161,"test_MGDB","gioia",1,548
161,"test_MGDB","fond5.jpg",1,624
161,"test_MGDB","male",1,517
161,"test_MGDB","fond4.jpg",1,483
161,"test_MGDB","pace",1,690
161,"test_MGDB","latte7.jpg",1,732
161,"test_MGDB","paradiso",1,517
161,"test_MGDB","fond3.jpg",1,492
161,"test_MGDB","orribile",1,518
162,"practice_DGMB","brutto",1,1498
162,"practice_DGMB","fond5.jpg",1,1117
162,"practice_DGMB","paradiso",1,1627
162,"practice_DGMB","fond3.jpg",1,1094
162,"practice_DGMB","orribile",1,1342
162,"practice_DGMB","latte7.jpg",1,1697
162,"practice_DGMB","disastro",1,1081
162,"practice_DGMB","fond6.jpg",1,1175
162,"practice_DGMB","agonia",1,1392
162,"practice_DGMB","fond1.jpg",1,838
162,"practice_DGMB","ridere",1,1284
162,"practice_DGMB","fond4.jpg",1,1714
162,"practice_DGMB","dolore",1,676
162,"practice_DGMB","fond2.jpg",1,1291
162,"practice_DGMB","eccellente",1,1060
162,"practice_DGMB","latte3.jpg",1,927
162,"practice_DGMB","bello",1,1053
162,"practice_DGMB","latte1.jpg",1,2374
162,"practice_DGMB","schifo",1,2245
162,"practice_DGMB","latte6.jpg",1,937
162,"test_DGMB","latte4.jpg",1,1396
162,"test_DGMB","odio",1,1383
162,"test_DGMB","latte5.jpg",1,1105
162,"test_DGMB","meraviglioso",1,989
162,"test_DGMB","fond7.jpg",1,977
162,"test_DGMB","piacere",1,922
162,"test_DGMB","fond3.jpg",1,968
162,"test_DGMB","buono",1,1118
162,"test_DGMB","latte2.jpg",1,852
162,"test_DGMB","stupendo",1,862
162,"test_DGMB","latte3.jpg",1,873
162,"test_DGMB","pace",1,1213
162,"test_DGMB","latte2.jpg",1,845
162,"test_DGMB","amore",1,1396
162,"test_DGMB","fond1.jpg",1,673
162,"test_DGMB","fallimento",1,894
162,"test_DGMB","fond6.jpg",1,760
162,"test_DGMB","fastidioso",1,980
162,"test_DGMB","fond5.jpg",1,761
162,"test_DGMB","cattivo",1,1208
162,"test_DGMB","latte7.jpg",1,808
162,"test_DGMB","male",0,1470
162,"test_DGMB","fond4.jpg",1,2017
162,"test_DGMB","gloria",1,737
162,"test_DGMB","fond2.jpg",1,746
162,"test_DGMB","terribile",1,1126
162,"test_DGMB","latte4.jpg",1,1247
162,"test_DGMB","nocivo",1,829
162,"test_DGMB","latte6.jpg",1,744
162,"test_DGMB","felicità",1,636
162,"test_DGMB","fond7.jpg",1,627
162,"test_DGMB","gioia",1,935
162,"test_DGMB","latte5.jpg",1,832
162,"test_DGMB","gloria",1,644
162,"test_DGMB","latte1.jpg",1,746
162,"test_DGMB","bello",1,663
162,"test_DGMB","fond6.jpg",1,755
162,"test_DGMB","schifo",1,751
162,"test_DGMB","latte5.jpg",1,754
162,"test_DGMB","fastidioso",1,751
162,"practice_MGDB","male",1,758
162,"practice_MGDB","fond4.jpg",1,500
162,"practice_MGDB","terribile",1,758
162,"practice_MGDB","fond6.jpg",1,756
162,"practice_MGDB","schifo",1,555
162,"practice_MGDB","fond3.jpg",1,650
162,"practice_MGDB","nocivo",1,587
162,"practice_MGDB","latte2.jpg",1,623
162,"practice_MGDB","meraviglioso",1,620
162,"practice_MGDB","latte3.jpg",1,552
162,"practice_MGDB","gioia",1,572
162,"practice_MGDB","fond5.jpg",1,613
162,"practice_MGDB","paradiso",1,543
162,"practice_MGDB","fond1.jpg",1,595
162,"practice_MGDB","piacere",1,575
162,"practice_MGDB","latte5.jpg",1,529
162,"practice_MGDB","felicità",1,490
162,"practice_MGDB","latte6.jpg",1,532
162,"practice_MGDB","cattivo",1,662
162,"practice_MGDB","fond7.jpg",1,610
162,"test_MGDB","latte1.jpg",1,521
162,"test_MGDB","eccellente",1,496
162,"test_MGDB","latte4.jpg",1,490
162,"test_MGDB","agonia",1,668
162,"test_MGDB","latte7.jpg",1,552
162,"test_MGDB","fallimento",1,612
162,"test_MGDB","fond2.jpg",1,837
162,"test_MGDB","odio",1,548
162,"test_MGDB","latte7.jpg",1,600
162,"test_MGDB","fastidioso",0,1303
162,"test_MGDB","latte3.jpg",1,594
162,"test_MGDB","ridere",1,798
162,"test_MGDB","fond3.jpg",1,549
162,"test_MGDB","orribile",1,929
162,"test_MGDB","fond7.jpg",1,482
162,"test_MGDB","bello",1,625
162,"test_MGDB","latte2.jpg",1,573
162,"test_MGDB","disastro",1,695
162,"test_MGDB","fond1.jpg",1,560
162,"test_MGDB","dolore",1,663
162,"test_MGDB","latte5.jpg",1,587
162,"test_MGDB","brutto",1,631
162,"test_MGDB","fond4.jpg",1,790
162,"test_MGDB","gloria",1,882
162,"test_MGDB","latte6.jpg",1,448
162,"test_MGDB","amore",1,671
162,"test_MGDB","fond5.jpg",1,606
162,"test_MGDB","stupendo",1,669
162,"test_MGDB","fond2.jpg",1,529
162,"test_MGDB","terribile",1,746
162,"test_MGDB","latte4.jpg",1,558
162,"test_MGDB","buono",1,998
162,"test_MGDB","fond6.jpg",1,540
162,"test_MGDB","pace",1,589
162,"test_MGDB","latte1.jpg",1,577
162,"test_MGDB","bello",1,635
162,"test_MGDB","fond4.jpg",1,522
162,"test_MGDB","stupendo",1,1009
162,"test_MGDB","latte5.jpg",1,618
162,"test_MGDB","fastidioso",1,811
163,"practice_DGMB","meraviglioso",1,1449
163,"practice_DGMB","latte6.jpg",1,1522
163,"practice_DGMB","gloria",1,1023
163,"practice_DGMB","fond6.jpg",1,1467
163,"practice_DGMB","bello",1,998
163,"practice_DGMB","latte7.jpg",1,1156
163,"practice_DGMB","terribile",1,1215
163,"practice_DGMB","latte4.jpg",1,1560
163,"practice_DGMB","fallimento",1,917
163,"practice_DGMB","fond4.jpg",1,979
163,"practice_DGMB","ridere",1,1180
163,"practice_DGMB","latte3.jpg",1,1007
163,"practice_DGMB","dolore",1,1654
163,"practice_DGMB","latte2.jpg",1,886
163,"practice_DGMB","nocivo",1,2708
163,"practice_DGMB","fond1.jpg",1,965
163,"practice_DGMB","orribile",1,2747
163,"practice_DGMB","latte5.jpg",1,1044
163,"practice_DGMB","male",1,843
163,"practice_DGMB","fond7.jpg",1,841
163,"test_DGMB","fond5.jpg",1,863
163,"test_DGMB","buono",1,931
163,"test_DGMB","fond2.jpg",1,636
163,"test_DGMB","disastro",1,643
163,"test_DGMB","fond3.jpg",1,850
163,"test_DGMB","stupendo",1,1131
163,"test_DGMB","fond7.jpg",1,643
163,"test_DGMB","amore",1,682
163,"test_DGMB","latte1.jpg",1,729
163,"test_DGMB","pace",1,882
163,"test_DGMB","latte3.jpg",1,761
163,"test_DGMB","agonia",1,647
163,"test_DGMB","fond3.jpg",1,2857
163,"test_DGMB","odio",1,2359
163,"test_DGMB","latte5.jpg",1,851
163,"test_DGMB","schifo",1,988
163,"test_DGMB","latte4.jpg",1,1312
163,"test_DGMB","paradiso",1,835
163,"test_DGMB","fond4.jpg",1,601
163,"test_DGMB","brutto",0,776
163,"test_DGMB","fond2.jpg",1,585
163,"test_DGMB","gioia",0,998
163,"test_DGMB","fond5.jpg",1,1364
163,"test_DGMB","fastidioso",1,2001
163,"test_DGMB","latte7.jpg",1,790
163,"test_DGMB","eccellente",1,1026
163,"test_DGMB","latte2.jpg",1,861
163,"test_DGMB","piacere",1,1119
163,"test_DGMB","latte6.jpg",1,853
163,"test_DGMB","cattivo",1,982
163,"test_DGMB","latte1.jpg",1,2961
163,"test_DGMB","felicità",1,1037
163,"test_DGMB","fond6.jpg",1,1011
163,"test_DGMB","meraviglioso",1,628
163,"test_DGMB","fond1.jpg",1,664
163,"test_DGMB","amore",1,1388
163,"test_DGMB","latte1.jpg",1,1663
163,"test_DGMB","disastro",1,847
163,"test_DGMB","fond4.jpg",1,888
163,"test_DGMB","nocivo",1,1038
163,"practice_MGDB","orribile",1,971
163,"practice_MGDB","fond3.jpg",1,468
163,"practice_MGDB","fastidioso",1,712
163,"practice_MGDB","fond6.jpg",1,823
163,"practice_MGDB","agonia",1,715
163,"practice_MGDB","latte1.jpg",1,793
163,"practice_MGDB","paradiso",1,637
163,"practice_MGDB","latte3.jpg",1,428
163,"practice_MGDB","male",1,520
163,"practice_MGDB","latte6.jpg",1,2623
163,"practice_MGDB","schifo",1,646
163,"practice_MGDB","latte2.jpg",1,511
163,"practice_MGDB","gioia",1,515
163,"practice_MGDB","latte7.jpg",1,506
163,"practice_MGDB","buono",1,503
163,"practice_MGDB","latte4.jpg",1,483
163,"practice_MGDB","felicità",1,562
163,"practice_MGDB","latte5.jpg",1,513
163,"practice_MGDB","fallimento",0,405
163,"practice_MGDB","fond5.jpg",1,527
163,"test_MGDB","fond4.jpg",1,1139
163,"test_MGDB","piacere",1,1652
163,"test_MGDB","fond1.jpg",1,1451
163,"test_MGDB","brutto",1,532
163,"test_MGDB","latte1.jpg",1,421
163,"test_MGDB","stupendo",1,503
163,"test_MGDB","fond2.jpg",1,1155
163,"test_MGDB","bello",1,623
163,"test_MGDB","latte7.jpg",1,1171
163,"test_MGDB","ridere",1,1332
163,"test_MGDB","fond7.jpg",1,516
163,"test_MGDB","nocivo",1,595
163,"test_MGDB","fond7.jpg",1,402
163,"test_MGDB","gloria",0,633
163,"test_MGDB","fond1.jpg",1,1064
163,"test_MGDB","eccellente",1,883
163,"test_MGDB","fond2.jpg",1,682
163,"test_MGDB","pace",1,960
163,"test_MGDB","latte5.jpg",1,447
163,"test_MGDB","meraviglioso",1,686
163,"test_MGDB","fond3.jpg",1,487
163,"test_MGDB","amore",1,590
163,"test_MGDB","fond5.jpg",1,730
163,"test_MGDB","dolore",1,700
163,"test_MGDB","fond6.jpg",1,367
163,"test_MGDB","terribile",1,559
163,"test_MGDB","latte2.jpg",1,526
163,"test_MGDB","cattivo",1,645
163,"test_MGDB","latte3.jpg",1,614
163,"test_MGDB","disastro",1,1320
163,"test_MGDB","fond4.jpg",1,909
163,"test_MGDB","odio",1,457
163,"test_MGDB","latte4.jpg",1,602
163,"test_MGDB","amore",1,1682
163,"test_MGDB","fond6.jpg",1,630
163,"test_MGDB","nocivo",1,627
163,"test_MGDB","latte6.jpg",1,695
163,"test_MGDB","fallimento",1,808
163,"test_MGDB","latte2.jpg",1,449
163,"test_MGDB","stupendo",1,667
164,"practice_DGMB","felicità",1,523
164,"practice_DGMB","latte5.jpg",1,725
164,"practice_DGMB","eccellente",1,1116
164,"practice_DGMB","latte1.jpg",1,905
164,"practice_DGMB","cattivo",1,1277
164,"practice_DGMB","fond5.jpg",1,779
164,"practice_DGMB","dolore",1,876
164,"practice_DGMB","latte3.jpg",1,1411
164,"practice_DGMB","schifo",1,1099
164,"practice_DGMB","fond2.jpg",1,830
164,"practice_DGMB","orribile",1,1322
164,"practice_DGMB","latte4.jpg",1,1272
164,"practice_DGMB","gioia",1,883
164,"practice_DGMB","latte6.jpg",1,745
164,"practice_DGMB","brutto",1,909
164,"practice_DGMB","latte7.jpg",1,737
164,"practice_DGMB","nocivo",1,802
164,"practice_DGMB","fond3.jpg",1,681
164,"practice_DGMB","gloria",1,608
164,"practice_DGMB","fond6.jpg",1,561
164,"test_DGMB","latte2.jpg",1,1357
164,"test_DGMB","fastidioso",1,835
164,"test_DGMB","fond7.jpg",1,481
164,"test_DGMB","piacere",1,928
164,"test_DGMB","fond1.jpg",1,465
164,"test_DGMB","bello",1,502
164,"test_DGMB","latte3.jpg",1,466
164,"test_DGMB","stupendo",1,542
164,"test_DGMB","latte6.jpg",1,570
164,"test_DGMB","disastro",1,612
164,"test_DGMB","fond4.jpg",1,421
164,"test_DGMB","odio",1,2487
164,"test_DGMB","fond6.jpg",1,622
164,"test_DGMB","ridere",1,919
164,"test_DGMB","latte4.jpg",1,574
164,"test_DGMB","meraviglioso",0,711
164,"test_DGMB","fond5.jpg",1,1070
164,"test_DGMB","terribile",1,1657
164,"test_DGMB","latte5.jpg",1,1089
164,"test_DGMB","buono",1,607
164,"test_DGMB","fond2.jpg",1,617
164,"test_DGMB","male",1,1674
164,"test_DGMB","fond3.jpg",1,519
164,"test_DGMB","agonia",1,1415
164,"test_DGMB","fond7.jpg",1,623
164,"test_DGMB","fallimento",1,811
164,"test_DGMB","fond4.jpg",1,620
164,"test_DGMB","amore",1,726
164,"test_DGMB","fond1.jpg",1,647
164,"test_DGMB","paradiso",1,702
164,"test_DGMB","latte1.jpg",1,698
164,"test_DGMB","pace",1,931
164,"test_DGMB","latte7.jpg",1,644
164,"test_DGMB","gioia",1,1739
164,"test_DGMB","fond2.jpg",1,538
164,"test_DGMB","male",1,1284
164,"test_DGMB","latte2.jpg",1,1746
164,"test_DGMB","brutto",1,764
164,"test_DGMB","latte7.jpg",1,738
164,"test_DGMB","buono",1,628
164,"practice_MGDB","dolore",1,1072
164,"practice_MGDB","latte4.jpg",1,1302
164,"practice_MGDB","bello",1,902
164,"practice_MGDB","fond4.jpg",1,625
164,"practice_MGDB","pace",1,798
164,"practice_MGDB","fond5.jpg",1,700
164,"practice_MGDB","fallimento",1,1158
164,"practice_MGDB","fond7.jpg",1,564
164,"practice_MGDB","eccellente",1,915
164,"practice_MGDB","latte1.jpg",1,537
164,"practice_MGDB","agonia",1,619
164,"practice_MGDB","latte2.jpg",1,991
164,"practice_MGDB","gloria",1,986
164,"practice_MGDB","fond6.jpg",1,590
164,"practice_MGDB","felicità",1,1026
164,"practice_MGDB","fond3.jpg",1,1406
164,"practice_MGDB","gioia",1,643
164,"practice_MGDB","latte3.jpg",1,634
164,"practice_MGDB","stupendo",1,646
164,"practice_MGDB","fond1.jpg",1,504
164,"test_MGDB","latte5.jpg",1,927
164,"test_MGDB","odio",1,662
164,"test_MGDB","latte7.jpg",1,594
164,"test_MGDB","nocivo",1,1438
164,"test_MGDB","fond2.jpg",1,515
164,"test_MGDB","brutto",1,850
164,"test_MGDB","fond7.jpg",1,467
164,"test_MGDB","terribile",1,504
164,"test_MGDB","fond6.jpg",1,476
164,"test_MGDB","schifo",1,1083
164,"test_MGDB","latte6.jpg",1,617
164,"test_MGDB","piacere",1,507
164,"test_MGDB","latte6.jpg",1,415
164,"test_MGDB","buono",1,369
164,"test_MGDB","latte3.jpg",1,363
164,"test_MGDB","disastro",1,762
164,"test_MGDB","fond1.jpg",1,537
164,"test_MGDB","orribile",1,482
164,"test_MGDB","fond2.jpg",1,505
164,"test_MGDB","ridere",1,670
164,"test_MGDB","latte4.jpg",1,586
164,"test_MGDB","cattivo",1,1342
164,"test_MGDB","latte2.jpg",1,537
164,"test_MGDB","fastidioso",1,643
164,"test_MGDB","fond3.jpg",1,721
164,"test_MGDB","amore",1,488
164,"test_MGDB","fond4.jpg",1,594
164,"test_MGDB","male",1,894
164,"test_MGDB","fond5.jpg",1,567
164,"test_MGDB","schifo",1,470
164,"test_MGDB","latte1.jpg",1,626
164,"test_MGDB","paradiso",1,550
164,"test_MGDB","latte5.jpg",1,658
164,"test_MGDB","orribile",1,652
164,"test_MGDB","latte7.jpg",1,1557
164,"test_MGDB","meraviglioso",1,651
164,"test_MGDB","latte3.jpg",1,476
164,"test_MGDB","felicità",1,451
164,"test_MGDB","fond1.jpg",1,661
164,"test_MGDB","buono",1,710
165,"practice_MGDB","buono",1,1683
165,"practice_MGDB","fond6.jpg",1,946
165,"practice_MGDB","gioia",1,1246
165,"practice_MGDB","fond2.jpg",1,1070
165,"practice_MGDB","stupendo",1,1154
165,"practice_MGDB","fond3.jpg",1,1288
165,"practice_MGDB","gloria",1,902
165,"practice_MGDB","latte3.jpg",1,1305
165,"practice_MGDB","amore",1,1053
165,"practice_MGDB","fond5.jpg",1,981
165,"practice_MGDB","terribile",1,958
165,"practice_MGDB","latte1.jpg",1,1117
165,"practice_MGDB","piacere",1,939
165,"practice_MGDB","fond7.jpg",1,958
165,"practice_MGDB","male",1,1181
165,"practice_MGDB","latte2.jpg",1,920
165,"practice_MGDB","fastidioso",1,926
165,"practice_MGDB","fond1.jpg",1,879
165,"practice_MGDB","cattivo",1,782
165,"practice_MGDB","latte6.jpg",1,769
165,"test_MGDB","latte5.jpg",1,844
165,"test_MGDB","eccellente",1,763
165,"test_MGDB","latte4.jpg",1,929
165,"test_MGDB","dolore",1,735
165,"test_MGDB","fond4.jpg",1,825
165,"test_MGDB","paradiso",1,853
165,"test_MGDB","latte7.jpg",1,870
165,"test_MGDB","schifo",1,682
165,"test_MGDB","fond2.jpg",1,680
165,"test_MGDB","felicità",1,951
165,"test_MGDB","latte7.jpg",1,602
165,"test_MGDB","nocivo",1,714
165,"test_MGDB","fond7.jpg",1,800
165,"test_MGDB","meraviglioso",1,831
165,"test_MGDB","latte6.jpg",1,866
165,"test_MGDB","ridere",1,798
165,"test_MGDB","fond5.jpg",1,765
165,"test_MGDB","bello",1,1620
165,"test_MGDB","latte4.jpg",1,694
165,"test_MGDB","odio",1,704
165,"test_MGDB","latte2.jpg",1,875
165,"test_MGDB","pace",1,743
165,"test_MGDB","fond1.jpg",1,731
165,"test_MGDB","agonia",1,909
165,"test_MGDB","fond4.jpg",1,520
165,"test_MGDB","orribile",1,591
165,"test_MGDB","latte5.jpg",1,518
165,"test_MGDB","disastro",1,629
165,"test_MGDB","latte3.jpg",1,633
165,"test_MGDB","felicità",1,693
165,"test_MGDB","latte1.jpg",1,487
165,"test_MGDB","brutto",1,1142
165,"test_MGDB","fond6.jpg",1,425
165,"test_MGDB","pace",1,941
165,"test_MGDB","fond3.jpg",1,497
165,"test_MGDB","fallimento",1,707
165,"test_MGDB","latte1.jpg",1,577
165,"test_MGDB","dolore",1,891
165,"test_MGDB","fond2.jpg",1,572
165,"test_MGDB","nocivo",1,630
165,"practice_DGMB","agonia",1,4660
165,"practice_DGMB","fond6.jpg",1,1578
165,"practice_DGMB","paradiso",1,2186
165,"practice_DGMB","latte3.jpg",1,1268
165,"practice_DGMB","gioia",1,1422
165,"practice_DGMB","fond7.jpg",1,1009
165,"practice_DGMB","eccellente",1,1858
165,"practice_DGMB","fond4.jpg",1,1218
165,"practice_DGMB","fastidioso",1,1307
165,"practice_DGMB","fond1.jpg",1,926
165,"practice_DGMB","meraviglioso",1,1212
165,"practice_DGMB","latte6.jpg",1,756
165,"practice_DGMB","schifo",1,1411
165,"practice_DGMB","latte7.jpg",1,1699
165,"practice_DGMB","buono",1,1051
165,"practice_DGMB","fond5.jpg",1,932
165,"practice_DGMB","disastro",1,1045
165,"practice_DGMB","fond2.jpg",1,942
165,"practice_DGMB","felicità",1,1511
165,"practice_DGMB","fond3.jpg",1,1138
165,"test_DGMB","latte2.jpg",1,736
165,"test_DGMB","fallimento",1,889
165,"test_DGMB","latte1.jpg",1,682
165,"test_DGMB","terribile",1,633
165,"test_DGMB","fond6.jpg",1,695
165,"test_DGMB","odio",1,857
165,"test_DGMB","latte4.jpg",1,842
165,"test_DGMB","dolore",1,712
165,"test_DGMB","latte5.jpg",1,631
165,"test_DGMB","piacere",1,1163
165,"test_DGMB","latte2.jpg",1,1369
165,"test_DGMB","cattivo",1,1871
165,"test_DGMB","latte6.jpg",1,769
165,"test_DGMB","stupendo",1,1114
165,"test_DGMB","latte1.jpg",1,1040
165,"test_DGMB","ridere",1,1527
165,"test_DGMB","fond4.jpg",1,711
165,"test_DGMB","nocivo",1,1027
165,"test_DGMB","fond3.jpg",1,630
165,"test_DGMB","brutto",1,826
165,"test_DGMB","latte7.jpg",1,766
165,"test_DGMB","orribile",1,693
165,"test_DGMB","latte4.jpg",1,654
165,"test_DGMB","bello",1,760
165,"test_DGMB","fond5.jpg",1,590
165,"test_DGMB","pace",1,882
165,"test_DGMB","latte5.jpg",1,1089
165,"test_DGMB","male",1,679
165,"test_DGMB","latte3.jpg",1,589
165,"test_DGMB","odio",0,1058
165,"test_DGMB","fond1.jpg",1,2650
165,"test_DGMB","amore",1,750
165,"test_DGMB","latte3.jpg",1,746
165,"test_DGMB","orribile",1,958
165,"test_DGMB","fond7.jpg",1,932
165,"test_DGMB","gloria",1,870
165,"test_DGMB","fond2.jpg",1,1041
165,"test_DGMB","stupendo",1,1167
165,"test_DGMB","fond3.jpg",1,584
165,"test_DGMB","gloria",1,628
166,"practice_MGDB","terribile",1,875
166,"practice_MGDB","fond6.jpg",1,1065
166,"practice_MGDB","cattivo",1,701
166,"practice_MGDB","latte5.jpg",1,761
166,"practice_MGDB","stupendo",1,632
166,"practice_MGDB","fond7.jpg",1,646
166,"practice_MGDB","amore",1,765
166,"practice_MGDB","latte1.jpg",1,638
166,"practice_MGDB","disastro",1,613
166,"practice_MGDB","fond1.jpg",1,630
166,"practice_MGDB","dolore",1,579
166,"practice_MGDB","fond4.jpg",1,655
166,"practice_MGDB","gloria",1,600
166,"practice_MGDB","latte3.jpg",1,639
166,"practice_MGDB","gioia",1,662
166,"practice_MGDB","latte2.jpg",1,642
166,"practice_MGDB","male",1,585
166,"practice_MGDB","fond2.jpg",1,589
166,"practice_MGDB","odio",1,801
166,"practice_MGDB","latte4.jpg",1,648
166,"test_MGDB","fond5.jpg",1,671
166,"test_MGDB","fastidioso",1,603
166,"test_MGDB","fond3.jpg",1,594
166,"test_MGDB","paradiso",1,567
166,"test_MGDB","fond4.jpg",1,576
166,"test_MGDB","schifo",1,570
166,"test_MGDB","latte6.jpg",1,587
166,"test_MGDB","nocivo",1,543
166,"test_MGDB","latte7.jpg",1,604
166,"test_MGDB","orribile",1,578
166,"test_MGDB","latte6.jpg",1,695
166,"test_MGDB","fallimento",1,648
166,"test_MGDB","latte2.jpg",1,745
166,"test_MGDB","piacere",1,701
166,"test_MGDB","latte3.jpg",1,593
166,"test_MGDB","agonia",1,726
166,"test_MGDB","latte1.jpg",1,647
166,"test_MGDB","buono",1,766
166,"test_MGDB","latte7.jpg",1,719
166,"test_MGDB","bello",1,526
166,"test_MGDB","fond3.jpg",1,591
166,"test_MGDB","brutto",1,483
166,"test_MGDB","fond5.jpg",1,530
166,"test_MGDB","felicità",1,596
166,"test_MGDB","latte4.jpg",1,899
166,"test_MGDB","eccellente",1,708
166,"test_MGDB","latte5.jpg",1,560
166,"test_MGDB","cattivo",1,719
166,"test_MGDB","latte6.jpg",1,637
166,"test_MGDB","orribile",1,484
166,"test_MGDB","fond7.jpg",1,502
166,"test_MGDB","pace",1,551
166,"test_MGDB","fond2.jpg",1,702
166,"test_MGDB","meraviglioso",1,595
166,"test_MGDB","fond6.jpg",1,505
166,"test_MGDB","ridere",1,582
166,"test_MGDB","fond1.jpg",1,642
166,"test_MGDB","gloria",1,625
166,"test_MGDB","fond6.jpg",1,717
166,"test_MGDB","felicità",1,491
166,"practice_DGMB","felicità",1,1472
166,"practice_DGMB","fond3.jpg",1,1534
166,"practice_DGMB","gloria",1,1070
166,"practice_DGMB","latte7.jpg",1,825
166,"practice_DGMB","agonia",1,1205
166,"practice_DGMB","latte4.jpg",1,862
166,"practice_DGMB","terribile",1,775
166,"practice_DGMB","fond2.jpg",1,1240
166,"practice_DGMB","fastidioso",1,1174
166,"practice_DGMB","latte5.jpg",1,1303
166,"practice_DGMB","orribile",0,1127
166,"practice_DGMB","latte6.jpg",1,1504
166,"practice_DGMB","schifo",1,907
166,"practice_DGMB","latte3.jpg",1,814
166,"practice_DGMB","brutto",1,816
166,"practice_DGMB","latte1.jpg",1,681
166,"practice_DGMB","eccellente",1,880
166,"practice_DGMB","fond1.jpg",0,1038
166,"practice_DGMB","dolore",1,868
166,"practice_DGMB","latte2.jpg",1,1120
166,"test_DGMB","fond6.jpg",1,1369
166,"test_DGMB","nocivo",1,879
166,"test_DGMB","fond4.jpg",1,861
166,"test_DGMB","pace",1,822
166,"test_DGMB","fond7.jpg",1,746
166,"test_DGMB","piacere",1,1150
166,"test_DGMB","fond5.jpg",1,769
166,"test_DGMB","paradiso",1,963
166,"test_DGMB","fond7.jpg",1,985
166,"test_DGMB","male",1,893
166,"test_DGMB","fond6.jpg",1,901
166,"test_DGMB","bello",1,1023
166,"test_DGMB","fond3.jpg",1,826
166,"test_DGMB","meraviglioso",1,1102
166,"test_DGMB","fond2.jpg",1,801
166,"test_DGMB","cattivo",1,880
166,"test_DGMB","latte2.jpg",1,726
166,"test_DGMB","stupendo",1,1005
166,"test_DGMB","latte1.jpg",1,838
166,"test_DGMB","buono",1,692
166,"test_DGMB","latte4.jpg",1,646
166,"test_DGMB","gioia",1,692
166,"test_DGMB","latte3.jpg",1,622
166,"test_DGMB","fallimento",1,1063
166,"test_DGMB","latte6.jpg",1,723
166,"test_DGMB","amore",1,729
166,"test_DGMB","fond1.jpg",0,731
166,"test_DGMB","disastro",1,1188
166,"test_DGMB","latte7.jpg",1,1399
166,"test_DGMB","odio",1,805
166,"test_DGMB","latte5.jpg",1,766
166,"test_DGMB","fastidioso",1,757
166,"test_DGMB","latte3.jpg",1,883
166,"test_DGMB","ridere",1,794
166,"test_DGMB","fond5.jpg",1,752
166,"test_DGMB","cattivo",1,836
166,"test_DGMB","fond4.jpg",1,763
166,"test_DGMB","felicità",1,1081
166,"test_DGMB","fond4.jpg",1,671
166,"test_DGMB","buono",1,1171
167,"practice_MGDB","ridere",1,1022
167,"practice_MGDB","latte7.jpg",1,641
167,"practice_MGDB","buono",1,496
167,"practice_MGDB","fond3.jpg",1,522
167,"practice_MGDB","dolore",1,505
167,"practice_MGDB","fond4.jpg",1,597
167,"practice_MGDB","male",1,508
167,"practice_MGDB","fond7.jpg",1,464
167,"practice_MGDB","odio",1,493
167,"practice_MGDB","fond2.jpg",1,398
167,"practice_MGDB","schifo",1,581
167,"practice_MGDB","latte6.jpg",1,593
167,"practice_MGDB","paradiso",1,462
167,"practice_MGDB","latte5.jpg",1,434
167,"practice_MGDB","disastro",1,519
167,"practice_MGDB","latte3.jpg",1,469
167,"practice_MGDB","cattivo",1,546
167,"practice_MGDB","fond5.jpg",1,558
167,"practice_MGDB","pace",1,941
167,"practice_MGDB","fond1.jpg",1,489
167,"test_MGDB","fond6.jpg",1,945
167,"test_MGDB","fallimento",1,637
167,"test_MGDB","latte4.jpg",1,604
167,"test_MGDB","eccellente",1,531
167,"test_MGDB","latte1.jpg",1,380
167,"test_MGDB","nocivo",1,1062
167,"test_MGDB","latte2.jpg",1,481
167,"test_MGDB","terribile",1,641
167,"test_MGDB","latte1.jpg",1,511
167,"test_MGDB","brutto",1,612
167,"test_MGDB","fond3.jpg",1,1333
167,"test_MGDB","gloria",1,766
167,"test_MGDB","fond6.jpg",1,751
167,"test_MGDB","orribile",1,1211
167,"test_MGDB","latte6.jpg",1,507
167,"test_MGDB","gioia",1,400
167,"test_MGDB","fond2.jpg",1,431
167,"test_MGDB","agonia",1,883
167,"test_MGDB","fond5.jpg",1,466
167,"test_MGDB","fastidioso",0,606
167,"test_MGDB","latte7.jpg",1,639
167,"test_MGDB","stupendo",1,670
167,"test_MGDB","latte2.jpg",1,442
167,"test_MGDB","meraviglioso",1,818
167,"test_MGDB","latte3.jpg",1,370
167,"test_MGDB","felicità",1,533
167,"test_MGDB","fond1.jpg",1,470
167,"test_MGDB","amore",1,627
167,"test_MGDB","fond7.jpg",1,574
167,"test_MGDB","bello",1,792
167,"test_MGDB","fond4.jpg",1,575
167,"test_MGDB","disastro",1,624
167,"test_MGDB","latte5.jpg",1,540
167,"test_MGDB","cattivo",1,630
167,"test_MGDB","latte4.jpg",1,522
167,"test_MGDB","piacere",1,705
167,"test_MGDB","fond1.jpg",1,533
167,"test_MGDB","meraviglioso",1,831
167,"test_MGDB","latte2.jpg",1,1370
167,"test_MGDB","buono",1,563
167,"practice_DGMB","ridere",1,1237
167,"practice_DGMB","latte5.jpg",1,754
167,"practice_DGMB","eccellente",1,1086
167,"practice_DGMB","fond1.jpg",1,543
167,"practice_DGMB","gloria",1,755
167,"practice_DGMB","fond2.jpg",1,609
167,"practice_DGMB","pace",1,860
167,"practice_DGMB","fond6.jpg",1,543
167,"practice_DGMB","meraviglioso",1,1076
167,"practice_DGMB","fond4.jpg",1,722
167,"practice_DGMB","dolore",1,936
167,"practice_DGMB","latte6.jpg",1,809
167,"practice_DGMB","agonia",1,770
167,"practice_DGMB","latte1.jpg",1,428
167,"practice_DGMB","fastidioso",1,648
167,"practice_DGMB","latte2.jpg",1,434
167,"practice_DGMB","schifo",1,558
167,"practice_DGMB","fond3.jpg",0,917
167,"practice_DGMB","paradiso",1,1659
167,"practice_DGMB","latte4.jpg",1,1086
167,"test_DGMB","fond7.jpg",1,802
167,"test_DGMB","bello",1,465
167,"test_DGMB","fond5.jpg",1,597
167,"test_DGMB","amore",1,628
167,"test_DGMB","fond1.jpg",1,400
167,"test_DGMB","stupendo",1,575
167,"test_DGMB","fond3.jpg",1,856
167,"test_DGMB","gioia",1,570
167,"test_DGMB","fond5.jpg",1,595
167,"test_DGMB","brutto",1,679
167,"test_DGMB","fond2.jpg",1,566
167,"test_DGMB","orribile",1,837
167,"test_DGMB","latte3.jpg",1,819
167,"test_DGMB","odio",1,1125
167,"test_DGMB","latte7.jpg",1,770
167,"test_DGMB","piacere",1,1532
167,"test_DGMB","latte1.jpg",1,596
167,"test_DGMB","felicità",1,1195
167,"test_DGMB","latte2.jpg",1,721
167,"test_DGMB","terribile",1,552
167,"test_DGMB","latte4.jpg",1,622
167,"test_DGMB","nocivo",0,779
167,"test_DGMB","fond4.jpg",1,2782
167,"test_DGMB","fallimento",1,1549
167,"test_DGMB","fond6.jpg",1,887
167,"test_DGMB","buono",1,862
167,"test_DGMB","fond7.jpg",1,817
167,"test_DGMB","paradiso",1,779
167,"test_DGMB","latte3.jpg",1,535
167,"test_DGMB","buono",1,920
167,"test_DGMB","latte7.jpg",1,550
167,"test_DGMB","cattivo",1,443
167,"test_DGMB","latte6.jpg",1,402
167,"test_DGMB","male",1,1025
167,"test_DGMB","latte5.jpg",1,804
167,"test_DGMB","disastro",1,1235
167,"test_DGMB","fond7.jpg",1,521
167,"test_DGMB","odio",1,1152
167,"test_DGMB","latte4.jpg",1,822
167,"test_DGMB","brutto",1,1327
168,"practice_MGDB","felicità",1,560
168,"practice_MGDB","latte4.jpg",1,417
168,"practice_MGDB","terribile",1,579
168,"practice_MGDB","fond4.jpg",1,512
168,"practice_MGDB","dolore",1,1036
168,"practice_MGDB","fond1.jpg",1,418
168,"practice_MGDB","bello",1,604
168,"practice_MGDB","fond7.jpg",1,554
168,"practice_MGDB","amore",1,1407
168,"practice_MGDB","latte3.jpg",1,415
168,"practice_MGDB","schifo",1,569
168,"practice_MGDB","latte7.jpg",1,962
168,"practice_MGDB","male",1,617
168,"practice_MGDB","latte6.jpg",1,906
168,"practice_MGDB","orribile",1,774
168,"practice_MGDB","fond2.jpg",1,415
168,"practice_MGDB","ridere",1,529
168,"practice_MGDB","fond6.jpg",1,458
168,"practice_MGDB","fastidioso",1,1332
168,"practice_MGDB","latte2.jpg",1,509
168,"test_MGDB","fond5.jpg",1,603
168,"test_MGDB","piacere",1,1105
168,"test_MGDB","latte1.jpg",1,1437
168,"test_MGDB","stupendo",1,466
168,"test_MGDB","fond3.jpg",1,511
168,"test_MGDB","cattivo",1,419
168,"test_MGDB","fond6.jpg",1,383
168,"test_MGDB","fallimento",1,548
168,"test_MGDB","latte5.jpg",1,536
168,"test_MGDB","eccellente",1,482
168,"test_MGDB","fond4.jpg",1,609
168,"test_MGDB","pace",1,695
168,"test_MGDB","latte2.jpg",0,529
168,"test_MGDB","brutto",1,1835
168,"test_MGDB","fond7.jpg",1,760
168,"test_MGDB","agonia",1,1086
168,"test_MGDB","latte6.jpg",1,471
168,"test_MGDB","odio",1,563
168,"test_MGDB","fond3.jpg",1,442
168,"test_MGDB","gloria",1,913
168,"test_MGDB","latte1.jpg",1,416
168,"test_MGDB","nocivo",1,473
168,"test_MGDB","latte3.jpg",1,672
168,"test_MGDB","buono",1,1373
168,"test_MGDB","fond2.jpg",1,461
168,"test_MGDB","disastro",1,607
168,"test_MGDB","fond5.jpg",1,376
168,"test_MGDB","paradiso",1,570
168,"test_MGDB","fond1.jpg",1,476
168,"test_MGDB","dolore",1,555
168,"test_MGDB","latte4.jpg",1,497
168,"test_MGDB","meraviglioso",1,715
168,"test_MGDB","latte5.jpg",1,970
168,"test_MGDB","disastro",1,587
168,"test_MGDB","latte7.jpg",1,495
168,"test_MGDB","gioia",1,585
168,"test_MGDB","fond6.jpg",1,485
168,"test_MGDB","eccellente",1,628
168,"test_MGDB","latte2.jpg",0,488
168,"test_MGDB","stupendo",1,2383
168,"practice_DGMB","terribile",1,1731
168,"practice_DGMB","latte2.jpg",1,507
168,"practice_DGMB","cattivo",1,896
168,"practice_DGMB","latte7.jpg",1,449
168,"practice_DGMB","agonia",1,691
168,"practice_DGMB","fond6.jpg",1,460
168,"practice_DGMB","dolore",1,1342
168,"practice_DGMB","latte3.jpg",1,1105
168,"practice_DGMB","brutto",1,660
168,"practice_DGMB","latte1.jpg",1,1024
168,"practice_DGMB","felicità",1,1076
168,"practice_DGMB","fond3.jpg",1,442
168,"practice_DGMB","fastidioso",1,625
168,"practice_DGMB","fond4.jpg",1,981
168,"practice_DGMB","meraviglioso",1,1190
168,"practice_DGMB","latte4.jpg",1,697
168,"practice_DGMB","schifo",1,2354
168,"practice_DGMB","fond7.jpg",1,711
168,"practice_DGMB","buono",1,1627
168,"practice_DGMB","latte5.jpg",1,933
168,"test_DGMB","fond1.jpg",1,952
168,"test_DGMB","bello",1,692
168,"test_DGMB","fond2.jpg",1,637
168,"test_DGMB","paradiso",1,428
168,"test_DGMB","latte6.jpg",1,856
168,"test_DGMB","disastro",1,889
168,"test_DGMB","fond5.jpg",1,1154
168,"test_DGMB","fallimento",1,1478
168,"test_DGMB","fond3.jpg",1,1363
168,"test_DGMB","ridere",1,961
168,"test_DGMB","latte1.jpg",1,519
168,"test_DGMB","gloria",1,678
168,"test_DGMB","fond2.jpg",1,861
168,"test_DGMB","amore",1,1158
168,"test_DGMB","fond5.jpg",1,540
168,"test_DGMB","stupendo",1,533
168,"test_DGMB","fond6.jpg",1,375
168,"test_DGMB","nocivo",1,937
168,"test_DGMB","fond7.jpg",1,610
168,"test_DGMB","piacere",1,1059
168,"test_DGMB","latte3.jpg",1,2751
168,"test_DGMB","gioia",1,1360
168,"test_DGMB","fond1.jpg",1,1061
168,"test_DGMB","male",1,718
168,"test_DGMB","latte2.jpg",1,413
168,"test_DGMB","orribile",1,687
168,"test_DGMB","latte5.jpg",1,464
168,"test_DGMB","pace",1,629
168,"test_DGMB","fond4.jpg",1,432
168,"test_DGMB","odio",1,1309
168,"test_DGMB","latte7.jpg",1,1256
168,"test_DGMB","eccellente",1,1337
168,"test_DGMB","fond1.jpg",1,617
168,"test_DGMB","gloria",1,1083
168,"test_DGMB","latte6.jpg",1,585
168,"test_DGMB","fallimento",1,525
168,"test_DGMB","latte4.jpg",1,406
168,"test_DGMB","meraviglioso",1,710
168,"test_DGMB","latte4.jpg",1,569
168,"test_DGMB","nocivo",1,851
169,"practice_DGMB","fastidioso",1,1104
169,"practice_DGMB","fond3.jpg",1,604
169,"practice_DGMB","gioia",1,698
169,"practice_DGMB","fond1.jpg",1,486
169,"practice_DGMB","schifo",1,597
169,"practice_DGMB","latte6.jpg",1,532
169,"practice_DGMB","meraviglioso",1,590
169,"practice_DGMB","latte1.jpg",1,834
169,"practice_DGMB","dolore",1,430
169,"practice_DGMB","fond4.jpg",1,490
169,"practice_DGMB","stupendo",1,500
169,"practice_DGMB","fond6.jpg",1,480
169,"practice_DGMB","felicità",1,551
169,"practice_DGMB","fond7.jpg",1,390
169,"practice_DGMB","bello",1,499
169,"practice_DGMB","latte5.jpg",1,1007
169,"practice_DGMB","orribile",1,614
169,"practice_DGMB","latte7.jpg",1,463
169,"practice_DGMB","buono",1,739
169,"practice_DGMB","latte4.jpg",1,575
169,"test_DGMB","latte3.jpg",1,571
169,"test_DGMB","cattivo",1,637
169,"test_DGMB","latte2.jpg",1,460
169,"test_DGMB","ridere",1,502
169,"test_DGMB","fond2.jpg",1,682
169,"test_DGMB","brutto",1,608
169,"test_DGMB","latte2.jpg",1,498
169,"test_DGMB","odio",1,508
169,"test_DGMB","latte4.jpg",1,536
169,"test_DGMB","eccellente",1,490
169,"test_DGMB","fond5.jpg",1,731
169,"test_DGMB","terribile",1,573
169,"test_DGMB","latte3.jpg",1,510
169,"test_DGMB","agonia",1,618
169,"test_DGMB","fond1.jpg",0,414
169,"test_DGMB","piacere",1,824
169,"test_DGMB","fond6.jpg",1,404
169,"test_DGMB","male",1,523
169,"test_DGMB","fond3.jpg",1,634
169,"test_DGMB","gloria",0,430
169,"test_DGMB","fond2.jpg",1,794
169,"test_DGMB","paradiso",1,447
169,"test_DGMB","latte6.jpg",1,504
169,"test_DGMB","pace",1,469
169,"test_DGMB","fond4.jpg",1,601
169,"test_DGMB","fallimento",1,560
169,"test_DGMB","fond5.jpg",1,527
169,"test_DGMB","disastro",1,510
169,"test_DGMB","latte5.jpg",1,482
169,"test_DGMB","amore",1,529
169,"test_DGMB","latte7.jpg",1,539
169,"test_DGMB","paradiso",1,572
169,"test_DGMB","latte1.jpg",1,1486
169,"test_DGMB","nocivo",1,995
169,"test_DGMB","latte5.jpg",1,386
169,"test_DGMB","odio",1,454
169,"test_DGMB","fond7.jpg",1,440
169,"test_DGMB","disastro",0,487
169,"test_DGMB","fond4.jpg",1,793
169,"test_DGMB","amore",1,405
169,"practice_MGDB","fastidioso",1,735
169,"practice_MGDB","latte5.jpg",1,475
169,"practice_MGDB","felicità",1,903
169,"practice_MGDB","latte3.jpg",1,787
169,"practice_MGDB","dolore",1,639
169,"practice_MGDB","latte1.jpg",1,566
169,"practice_MGDB","nocivo",1,477
169,"practice_MGDB","latte4.jpg",1,964
169,"practice_MGDB","terribile",1,1018
169,"practice_MGDB","fond1.jpg",1,702
169,"practice_MGDB","disastro",1,567
169,"practice_MGDB","fond4.jpg",1,400
169,"practice_MGDB","eccellente",1,560
169,"practice_MGDB","fond5.jpg",1,566
169,"practice_MGDB","piacere",1,470
169,"practice_MGDB","fond7.jpg",1,378
169,"practice_MGDB","paradiso",1,572
169,"practice_MGDB","latte2.jpg",1,837
169,"practice_MGDB","fallimento",1,1204
169,"practice_MGDB","fond3.jpg",1,466
169,"test_MGDB","latte6.jpg",1,644
169,"test_MGDB","bello",1,419
169,"test_MGDB","fond6.jpg",1,543
169,"test_MGDB","agonia",1,603
169,"test_MGDB","latte7.jpg",1,450
169,"test_MGDB","meraviglioso",1,564
169,"test_MGDB","fond2.jpg",1,426
169,"test_MGDB","ridere",1,615
169,"test_MGDB","fond2.jpg",1,497
169,"test_MGDB","male",1,498
169,"test_MGDB","latte6.jpg",1,503
169,"test_MGDB","schifo",1,483
169,"test_MGDB","fond6.jpg",1,498
169,"test_MGDB","cattivo",1,492
169,"test_MGDB","fond1.jpg",1,445
169,"test_MGDB","amore",1,429
169,"test_MGDB","fond4.jpg",1,497
169,"test_MGDB","gloria",1,443
169,"test_MGDB","latte7.jpg",1,714
169,"test_MGDB","odio",1,518
169,"test_MGDB","latte4.jpg",1,653
169,"test_MGDB","gioia",1,478
169,"test_MGDB","latte3.jpg",1,445
169,"test_MGDB","orribile",1,700
169,"test_MGDB","fond5.jpg",1,384
169,"test_MGDB","buono",1,517
169,"test_MGDB","latte1.jpg",1,516
169,"test_MGDB","stupendo",1,555
169,"test_MGDB","fond3.jpg",1,473
169,"test_MGDB","pace",1,510
169,"test_MGDB","fond7.jpg",1,482
169,"test_MGDB","brutto",1,433
169,"test_MGDB","latte2.jpg",1,456
169,"test_MGDB","nocivo",1,562
169,"test_MGDB","latte5.jpg",1,417
169,"test_MGDB","fallimento",1,395
169,"test_MGDB","latte6.jpg",1,394
169,"test_MGDB","gloria",1,598
169,"test_MGDB","fond7.jpg",1,469
169,"test_MGDB","bello",0,466
170,"practice_DGMB","buono",1,2022
170,"practice_DGMB","latte6.jpg",1,936
170,"practice_DGMB","eccellente",1,666
170,"practice_DGMB","latte1.jpg",1,950
170,"practice_DGMB","stupendo",1,849
170,"practice_DGMB","fond1.jpg",1,1042
170,"practice_DGMB","bello",1,1185
170,"practice_DGMB","latte7.jpg",1,644
170,"practice_DGMB","paradiso",1,699
170,"practice_DGMB","fond4.jpg",0,647
170,"practice_DGMB","dolore",1,1845
170,"practice_DGMB","fond2.jpg",1,1066
170,"practice_DGMB","agonia",1,902
170,"practice_DGMB","fond6.jpg",1,1017
170,"practice_DGMB","pace",1,554
170,"practice_DGMB","fond5.jpg",1,625
170,"practice_DGMB","fallimento",1,861
170,"practice_DGMB","fond7.jpg",0,689
170,"practice_DGMB","piacere",1,587
170,"practice_DGMB","fond3.jpg",1,879
170,"test_DGMB","fond6.jpg",1,846
170,"test_DGMB","ridere",1,588
170,"test_DGMB","latte2.jpg",1,705
170,"test_DGMB","orribile",1,573
170,"test_DGMB","latte3.jpg",1,630
170,"test_DGMB","odio",1,698
170,"test_DGMB","latte4.jpg",1,646
170,"test_DGMB","gioia",1,1341
170,"test_DGMB","latte5.jpg",1,768
170,"test_DGMB","brutto",1,1423
170,"test_DGMB","fond5.jpg",1,1121
170,"test_DGMB","amore",1,656
170,"test_DGMB","fond4.jpg",1,1033
170,"test_DGMB","felicità",1,813
170,"test_DGMB","fond3.jpg",1,598
170,"test_DGMB","schifo",1,669
170,"test_DGMB","latte4.jpg",1,785
170,"test_DGMB","meraviglioso",1,2229
170,"test_DGMB","fond7.jpg",0,742
170,"test_DGMB","gloria",1,1591
170,"test_DGMB","fond1.jpg",1,1042
170,"test_DGMB","cattivo",1,616
170,"test_DGMB","fond2.jpg",1,562
170,"test_DGMB","fastidioso",1,2129
170,"test_DGMB","latte5.jpg",1,816
170,"test_DGMB","terribile",1,681
170,"test_DGMB","latte6.jpg",1,704
170,"test_DGMB","nocivo",1,660
170,"test_DGMB","fond4.jpg",1,680
170,"test_DGMB","disastro",1,638
170,"test_DGMB","latte2.jpg",1,797
170,"test_DGMB","eccellente",1,1172
170,"test_DGMB","latte3.jpg",1,741
170,"test_DGMB","male",1,918
170,"test_DGMB","latte1.jpg",1,676
170,"test_DGMB","amore",1,1035
170,"test_DGMB","latte7.jpg",1,737
170,"test_DGMB","orribile",1,570
170,"test_DGMB","latte1.jpg",1,796
170,"test_DGMB","disastro",1,882
170,"practice_MGDB","cattivo",1,1134
170,"practice_MGDB","fond3.jpg",1,697
170,"practice_MGDB","dolore",1,2771
170,"practice_MGDB","fond5.jpg",1,1897
170,"practice_MGDB","buono",1,1824
170,"practice_MGDB","fond1.jpg",1,650
170,"practice_MGDB","gloria",1,460
170,"practice_MGDB","latte4.jpg",1,1296
170,"practice_MGDB","stupendo",1,585
170,"practice_MGDB","latte1.jpg",1,533
170,"practice_MGDB","orribile",1,527
170,"practice_MGDB","fond4.jpg",1,632
170,"practice_MGDB","disastro",1,596
170,"practice_MGDB","fond7.jpg",1,467
170,"practice_MGDB","fallimento",1,520
170,"practice_MGDB","latte3.jpg",1,518
170,"practice_MGDB","agonia",1,518
170,"practice_MGDB","latte5.jpg",1,532
170,"practice_MGDB","ridere",1,710
170,"practice_MGDB","fond6.jpg",1,466
170,"test_MGDB","fond2.jpg",1,1359
170,"test_MGDB","brutto",1,637
170,"test_MGDB","fond6.jpg",1,484
170,"test_MGDB","nocivo",1,531
170,"test_MGDB","fond1.jpg",1,468
170,"test_MGDB","paradiso",1,625
170,"test_MGDB","latte7.jpg",1,653
170,"test_MGDB","felicità",1,494
170,"test_MGDB","latte2.jpg",1,512
170,"test_MGDB","odio",1,540
170,"test_MGDB","fond4.jpg",1,536
170,"test_MGDB","amore",1,506
170,"test_MGDB","latte6.jpg",0,503
170,"test_MGDB","eccellente",1,1771
170,"test_MGDB","latte6.jpg",1,970
170,"test_MGDB","terribile",1,987
170,"test_MGDB","fond5.jpg",1,967
170,"test_MGDB","piacere",1,837
170,"test_MGDB","latte2.jpg",1,1196
170,"test_MGDB","fastidioso",1,1943
170,"test_MGDB","fond3.jpg",1,1441
170,"test_MGDB","male",1,831
170,"test_MGDB","latte3.jpg",1,586
170,"test_MGDB","gioia",1,591
170,"test_MGDB","latte7.jpg",1,586
170,"test_MGDB","bello",1,487
170,"test_MGDB","fond7.jpg",1,601
170,"test_MGDB","meraviglioso",1,728
170,"test_MGDB","latte4.jpg",0,521
170,"test_MGDB","schifo",1,2288
170,"test_MGDB","latte1.jpg",1,543
170,"test_MGDB","fastidioso",1,603
170,"test_MGDB","fond2.jpg",1,1610
170,"test_MGDB","dolore",1,1839
170,"test_MGDB","latte5.jpg",1,828
170,"test_MGDB","pace",1,568
170,"test_MGDB","latte1.jpg",1,513
170,"test_MGDB","gloria",1,462
170,"test_MGDB","fond1.jpg",1,626
170,"test_MGDB","eccellente",1,614
171,"practice_DGMB","schifo",1,918
171,"practice_DGMB","fond3.jpg",1,964
171,"practice_DGMB","terribile",1,626
171,"practice_DGMB","fond1.jpg",1,1062
171,"practice_DGMB","felicità",1,1167
171,"practice_DGMB","fond6.jpg",1,1312
171,"practice_DGMB","pace",1,651
171,"practice_DGMB","latte5.jpg",1,548
171,"practice_DGMB","odio",1,497
171,"practice_DGMB","latte3.jpg",1,626
171,"practice_DGMB","ridere",1,1086
171,"practice_DGMB","latte1.jpg",1,1455
171,"practice_DGMB","paradiso",1,1023
171,"practice_DGMB","latte6.jpg",1,611
171,"practice_DGMB","stupendo",1,1180
171,"practice_DGMB","fond7.jpg",1,1055
171,"practice_DGMB","amore",1,1440
171,"practice_DGMB","fond2.jpg",1,638
171,"practice_DGMB","cattivo",1,1093
171,"practice_DGMB","latte2.jpg",1,669
171,"test_DGMB","fond5.jpg",1,1040
171,"test_DGMB","bello",1,806
171,"test_DGMB","fond4.jpg",1,479
171,"test_DGMB","dolore",1,526
171,"test_DGMB","latte7.jpg",1,472
171,"test_DGMB","fallimento",1,1652
171,"test_DGMB","fond7.jpg",1,532
171,"test_DGMB","meraviglioso",1,1734
171,"test_DGMB","latte4.jpg",1,541
171,"test_DGMB","gioia",1,991
171,"test_DGMB","latte7.jpg",1,610
171,"test_DGMB","eccellente",1,884
171,"test_DGMB","latte1.jpg",1,485
171,"test_DGMB","nocivo",1,620
171,"test_DGMB","latte2.jpg",1,1160
171,"test_DGMB","gloria",1,670
171,"test_DGMB","latte5.jpg",1,810
171,"test_DGMB","piacere",1,844
171,"test_DGMB","fond4.jpg",1,634
171,"test_DGMB","male",1,638
171,"test_DGMB","fond5.jpg",1,629
171,"test_DGMB","buono",1,849
171,"test_DGMB","fond6.jpg",1,738
171,"test_DGMB","orribile",1,2436
171,"test_DGMB","fond2.jpg",1,656
171,"test_DGMB","piacere",1,1041
171,"test_DGMB","fond1.jpg",1,471
171,"test_DGMB","ridere",1,604
171,"test_DGMB","latte3.jpg",1,421
171,"test_DGMB","fastidioso",1,695
171,"test_DGMB","fond3.jpg",1,832
171,"test_DGMB","agonia",1,740
171,"test_DGMB","latte4.jpg",1,832
171,"test_DGMB","disastro",1,1772
171,"test_DGMB","latte6.jpg",1,572
171,"test_DGMB","brutto",1,1309
171,"test_DGMB","fond7.jpg",1,456
171,"test_DGMB","schifo",1,770
171,"test_DGMB","latte5.jpg",1,1043
171,"test_DGMB","agonia",1,649
171,"practice_MGDB","schifo",1,1195
171,"practice_MGDB","latte3.jpg",1,609
171,"practice_MGDB","fastidioso",1,1167
171,"practice_MGDB","latte7.jpg",1,1152
171,"practice_MGDB","cattivo",1,1107
171,"practice_MGDB","latte2.jpg",1,559
171,"practice_MGDB","male",1,534
171,"practice_MGDB","fond2.jpg",1,583
171,"practice_MGDB","terribile",1,700
171,"practice_MGDB","latte6.jpg",1,456
171,"practice_MGDB","gloria",1,433
171,"practice_MGDB","latte1.jpg",1,584
171,"practice_MGDB","paradiso",1,597
171,"practice_MGDB","fond4.jpg",1,435
171,"practice_MGDB","eccellente",1,619
171,"practice_MGDB","fond6.jpg",1,575
171,"practice_MGDB","meraviglioso",1,720
171,"practice_MGDB","latte4.jpg",1,527
171,"practice_MGDB","fallimento",1,3790
171,"practice_MGDB","fond7.jpg",1,2909
171,"test_MGDB","latte5.jpg",1,1343
171,"test_MGDB","nocivo",1,607
171,"test_MGDB","latte7.jpg",1,609
171,"test_MGDB","disastro",1,1410
171,"test_MGDB","latte4.jpg",1,1106
171,"test_MGDB","felicità",1,2518
171,"test_MGDB","latte6.jpg",1,1426
171,"test_MGDB","ridere",1,1725
171,"test_MGDB","latte1.jpg",1,1146
171,"test_MGDB","pace",1,1973
171,"test_MGDB","latte2.jpg",1,2101
171,"test_MGDB","bello",1,6700
171,"test_MGDB","fond1.jpg",1,2988
171,"test_MGDB","gioia",1,1885
171,"test_MGDB","fond5.jpg",1,649
171,"test_MGDB","brutto",1,979
171,"test_MGDB","fond3.jpg",1,478
171,"test_MGDB","odio",1,846
171,"test_MGDB","latte5.jpg",1,567
171,"test_MGDB","orribile",1,958
171,"test_MGDB","fond4.jpg",1,692
171,"test_MGDB","dolore",1,2189
171,"test_MGDB","fond6.jpg",1,1039
171,"test_MGDB","agonia",1,757
171,"test_MGDB","fond1.jpg",1,532
171,"test_MGDB","amore",1,1149
171,"test_MGDB","fond7.jpg",1,689
171,"test_MGDB","stupendo",1,1375
171,"test_MGDB","fond3.jpg",1,976
171,"test_MGDB","schifo",1,1049
171,"test_MGDB","latte3.jpg",1,665
171,"test_MGDB","dolore",1,1110
171,"test_MGDB","latte4.jpg",1,801
171,"test_MGDB","piacere",1,1032
171,"test_MGDB","fond5.jpg",1,1278
171,"test_MGDB","buono",1,2435
171,"test_MGDB","fond2.jpg",1,2015
171,"test_MGDB","felicità",1,1367
171,"test_MGDB","fond6.jpg",1,599
171,"test_MGDB","paradiso",1,1206
172,"practice_DGMB","fallimento",1,1451
172,"practice_DGMB","latte3.jpg",1,907
172,"practice_DGMB","dolore",1,735
172,"practice_DGMB","latte5.jpg",1,1168
172,"practice_DGMB","pace",1,774
172,"practice_DGMB","latte7.jpg",1,727
172,"practice_DGMB","gioia",1,846
172,"practice_DGMB","fond3.jpg",1,695
172,"practice_DGMB","fastidioso",1,960
172,"practice_DGMB","latte1.jpg",1,895
172,"practice_DGMB","schifo",1,848
172,"practice_DGMB","fond5.jpg",1,793
172,"practice_DGMB","cattivo",1,901
172,"practice_DGMB","latte2.jpg",1,585
172,"practice_DGMB","nocivo",1,573
172,"practice_DGMB","fond2.jpg",0,526
172,"practice_DGMB","agonia",1,1477
172,"practice_DGMB","latte4.jpg",0,739
172,"practice_DGMB","paradiso",1,1812
172,"practice_DGMB","latte6.jpg",1,1140
172,"test_DGMB","fond1.jpg",1,1541
172,"test_DGMB","orribile",1,1333
172,"test_DGMB","fond6.jpg",1,782
172,"test_DGMB","brutto",1,623
172,"test_DGMB","fond7.jpg",1,931
172,"test_DGMB","male",1,796
172,"test_DGMB","fond4.jpg",1,707
172,"test_DGMB","amore",1,847
172,"test_DGMB","fond4.jpg",1,640
172,"test_DGMB","odio",1,783
172,"test_DGMB","fond3.jpg",1,706
172,"test_DGMB","eccellente",1,751
172,"test_DGMB","latte7.jpg",1,674
172,"test_DGMB","terribile",1,743
172,"test_DGMB","latte4.jpg",1,1778
172,"test_DGMB","buono",1,1218
172,"test_DGMB","fond7.jpg",1,546
172,"test_DGMB","gloria",1,527
172,"test_DGMB","latte3.jpg",1,632
172,"test_DGMB","meraviglioso",1,1973
172,"test_DGMB","fond6.jpg",1,564
172,"test_DGMB","felicità",1,499
172,"test_DGMB","latte6.jpg",1,743
172,"test_DGMB","disastro",1,1307
172,"test_DGMB","fond1.jpg",1,662
172,"test_DGMB","piacere",1,1051
172,"test_DGMB","latte2.jpg",1,851
172,"test_DGMB","ridere",1,900
172,"test_DGMB","fond5.jpg",1,920
172,"test_DGMB","disastro",1,647
172,"test_DGMB","latte1.jpg",0,816
172,"test_DGMB","bello",1,1001
172,"test_DGMB","latte5.jpg",1,687
172,"test_DGMB","male",1,2278
172,"test_DGMB","latte2.jpg",1,1002
172,"test_DGMB","stupendo",1,721
172,"test_DGMB","fond2.jpg",1,704
172,"test_DGMB","amore",1,2027
172,"test_DGMB","fond6.jpg",1,589
172,"test_DGMB","piacere",1,497
172,"practice_MGDB","buono",1,856
172,"practice_MGDB","latte2.jpg",1,531
172,"practice_MGDB","fastidioso",1,741
172,"practice_MGDB","latte1.jpg",1,753
172,"practice_MGDB","ridere",1,733
172,"practice_MGDB","latte4.jpg",1,422
172,"practice_MGDB","stupendo",1,539
172,"practice_MGDB","latte3.jpg",1,463
172,"practice_MGDB","felicità",1,643
172,"practice_MGDB","latte6.jpg",1,530
172,"practice_MGDB","eccellente",1,1340
172,"practice_MGDB","latte5.jpg",1,503
172,"practice_MGDB","odio",1,579
172,"practice_MGDB","fond3.jpg",1,583
172,"practice_MGDB","orribile",1,548
172,"practice_MGDB","fond1.jpg",1,480
172,"practice_MGDB","bello",1,671
172,"practice_MGDB","fond2.jpg",1,610
172,"practice_MGDB","dolore",1,748
172,"practice_MGDB","fond5.jpg",1,672
172,"test_MGDB","latte7.jpg",1,693
172,"test_MGDB","male",1,622
172,"test_MGDB","latte5.jpg",1,794
172,"test_MGDB","gloria",1,495
172,"test_MGDB","latte2.jpg",1,440
172,"test_MGDB","brutto",1,559
172,"test_MGDB","fond7.jpg",0,470
172,"test_MGDB","schifo",1,1259
172,"test_MGDB","fond4.jpg",1,918
172,"test_MGDB","piacere",1,812
172,"test_MGDB","fond6.jpg",1,2405
172,"test_MGDB","gioia",1,857
172,"test_MGDB","latte1.jpg",1,554
172,"test_MGDB","amore",1,415
172,"test_MGDB","fond1.jpg",0,424
172,"test_MGDB","nocivo",1,813
172,"test_MGDB","fond6.jpg",1,1166
172,"test_MGDB","agonia",1,1436
172,"test_MGDB","latte6.jpg",1,682
172,"test_MGDB","fallimento",1,664
172,"test_MGDB","fond3.jpg",0,500
172,"test_MGDB","terribile",1,1934
172,"test_MGDB","latte3.jpg",1,1149
172,"test_MGDB","disastro",1,721
172,"test_MGDB","fond5.jpg",0,655
172,"test_MGDB","cattivo",1,1897
172,"test_MGDB","fond4.jpg",1,1872
172,"test_MGDB","paradiso",1,1387
172,"test_MGDB","fond2.jpg",1,774
172,"test_MGDB","agonia",1,1079
172,"test_MGDB","latte7.jpg",1,629
172,"test_MGDB","pace",1,1177
172,"test_MGDB","latte4.jpg",1,586
172,"test_MGDB","meraviglioso",0,870
172,"test_MGDB","fond7.jpg",1,2274
172,"test_MGDB","nocivo",1,627
172,"test_MGDB","fond2.jpg",1,496
172,"test_MGDB","amore",1,1049
172,"test_MGDB","latte7.jpg",1,1250
172,"test_MGDB","meraviglioso",1,579
173,"practice_MGDB","dolore",1,1444
173,"practice_MGDB","fond7.jpg",1,692
173,"practice_MGDB","disastro",1,942
173,"practice_MGDB","fond1.jpg",1,577
173,"practice_MGDB","piacere",1,547
173,"practice_MGDB","fond2.jpg",1,511
173,"practice_MGDB","brutto",1,539
173,"practice_MGDB","latte1.jpg",1,519
173,"practice_MGDB","gloria",1,583
173,"practice_MGDB","latte3.jpg",1,427
173,"practice_MGDB","bello",1,495
173,"practice_MGDB","latte2.jpg",1,433
173,"practice_MGDB","stupendo",1,525
173,"practice_MGDB","latte7.jpg",1,543
173,"practice_MGDB","gioia",1,531
173,"practice_MGDB","fond5.jpg",1,493
173,"practice_MGDB","agonia",1,982
173,"practice_MGDB","fond6.jpg",1,1034
173,"practice_MGDB","meraviglioso",1,1390
173,"practice_MGDB","fond4.jpg",1,576
173,"test_MGDB","latte6.jpg",1,664
173,"test_MGDB","buono",1,645
173,"test_MGDB","fond3.jpg",1,958
173,"test_MGDB","felicità",1,964
173,"test_MGDB","latte4.jpg",1,498
173,"test_MGDB","eccellente",1,476
173,"test_MGDB","fond2.jpg",1,435
173,"test_MGDB","schifo",1,610
173,"test_MGDB","fond6.jpg",1,484
173,"test_MGDB","cattivo",1,883
173,"test_MGDB","latte5.jpg",1,449
173,"test_MGDB","fallimento",1,507
173,"test_MGDB","latte4.jpg",1,807
173,"test_MGDB","terribile",1,702
173,"test_MGDB","latte5.jpg",1,402
173,"test_MGDB","amore",1,729
173,"test_MGDB","fond5.jpg",1,490
173,"test_MGDB","fastidioso",1,1012
173,"test_MGDB","latte3.jpg",1,661
173,"test_MGDB","pace",1,702
173,"test_MGDB","fond7.jpg",1,570
173,"test_MGDB","nocivo",1,636
173,"test_MGDB","latte2.jpg",1,499
173,"test_MGDB","ridere",1,604
173,"test_MGDB","fond1.jpg",1,502
173,"test_MGDB","orribile",1,503
173,"test_MGDB","fond3.jpg",1,516
173,"test_MGDB","odio",1,515
173,"test_MGDB","fond4.jpg",1,426
173,"test_MGDB","paradiso",1,510
173,"test_MGDB","fond7.jpg",1,434
173,"test_MGDB","paradiso",1,775
173,"test_MGDB","latte1.jpg",1,392
173,"test_MGDB","male",1,413
173,"test_MGDB","latte7.jpg",1,398
173,"test_MGDB","felicità",1,542
173,"test_MGDB","latte6.jpg",1,378
173,"test_MGDB","disastro",1,364
173,"test_MGDB","latte1.jpg",1,421
173,"test_MGDB","dolore",1,479
173,"practice_DGMB","meraviglioso",1,1262
173,"practice_DGMB","fond5.jpg",1,961
173,"practice_DGMB","bello",0,1127
173,"practice_DGMB","latte3.jpg",1,1744
173,"practice_DGMB","buono",1,767
173,"practice_DGMB","fond2.jpg",1,1721
173,"practice_DGMB","terribile",1,1430
173,"practice_DGMB","latte4.jpg",1,841
173,"practice_DGMB","ridere",1,639
173,"practice_DGMB","fond4.jpg",1,2118
173,"practice_DGMB","stupendo",1,1818
173,"practice_DGMB","latte1.jpg",1,2106
173,"practice_DGMB","piacere",1,556
173,"practice_DGMB","fond6.jpg",1,1147
173,"practice_DGMB","orribile",1,1406
173,"practice_DGMB","latte6.jpg",1,1782
173,"practice_DGMB","disastro",1,2206
173,"practice_DGMB","latte7.jpg",1,4626
173,"practice_DGMB","amore",1,1102
173,"practice_DGMB","latte2.jpg",1,1393
173,"test_DGMB","latte5.jpg",1,1515
173,"test_DGMB","brutto",1,1301
173,"test_DGMB","latte4.jpg",1,1808
173,"test_DGMB","fastidioso",1,646
173,"test_DGMB","fond1.jpg",1,1111
173,"test_DGMB","eccellente",1,618
173,"test_DGMB","fond3.jpg",1,590
173,"test_DGMB","gioia",1,467
173,"test_DGMB","fond7.jpg",1,519
173,"test_DGMB","pace",1,462
173,"test_DGMB","latte6.jpg",1,642
173,"test_DGMB","agonia",1,649
173,"test_DGMB","fond7.jpg",1,946
173,"test_DGMB","paradiso",1,310
173,"test_DGMB","latte7.jpg",1,522
173,"test_DGMB","felicità",1,970
173,"test_DGMB","latte5.jpg",1,779
173,"test_DGMB","gloria",0,1740
173,"test_DGMB","fond3.jpg",0,30
173,"test_DGMB","ridere",1,1283
173,"test_DGMB","fond2.jpg",1,1521
173,"test_DGMB","schifo",1,927
173,"test_DGMB","fond1.jpg",1,1032
173,"test_DGMB","nocivo",1,667
173,"test_DGMB","fond4.jpg",1,1095
173,"test_DGMB","odio",1,624
173,"test_DGMB","latte1.jpg",1,1876
173,"test_DGMB","gloria",1,2294
173,"test_DGMB","latte2.jpg",1,733
173,"test_DGMB","cattivo",0,575
173,"test_DGMB","fond6.jpg",1,1400
173,"test_DGMB","male",1,878
173,"test_DGMB","fond5.jpg",0,492
173,"test_DGMB","dolore",1,3438
173,"test_DGMB","latte3.jpg",1,2192
173,"test_DGMB","fallimento",1,842
173,"test_DGMB","latte7.jpg",1,800
173,"test_DGMB","disastro",1,639
173,"test_DGMB","fond7.jpg",1,1326
173,"test_DGMB","nocivo",1,1012
