id	order	test	blocknum	trialnum	correct	latency
1	1	1	3	1	1	812
1	1	1	3	2	1	687
1	1	1	3	3	1	723
1	1	1	3	4	1	619
1	1	1	3	5	1	657
1	1	1	3	6	1	580
1	1	1	3	7	1	596
1	1	1	3	8	1	687
1	1	1	3	9	1	618
1	1	1	3	10	1	936
1	1	1	3	11	1	480
1	1	1	3	12	1	557
1	1	1	3	13	1	848
1	1	1	3	14	1	744
1	1	1	3	15	1	727
1	1	1	3	16	1	527
1	1	1	3	17	1	551
1	1	1	3	18	1	522
1	1	1	3	19	1	724
1	1	1	3	20	1	513
1	1	1	3	21	1	488
1	1	1	3	22	1	457
1	1	1	3	23	1	634
1	1	1	3	24	1	600
1	1	1	3	25	1	492
1	1	1	3	26	1	610
1	1	1	3	27	1	618
1	1	1	3	28	1	681
1	1	1	3	29	1	503
1	1	1	3	30	1	577
1	1	1	3	31	1	714
1	1	1	3	32	1	516
1	1	1	3	33	1	506
1	1	1	3	34	1	1019
1	1	1	3	35	1	616
1	1	1	3	36	1	907
1	1	1	3	37	1	606
1	1	1	3	38	1	484
1	1	1	3	39	1	506
1	1	1	3	40	1	887
1	1	1	3	41	1	536
1	1	1	3	42	1	575
1	1	1	3	43	1	569
1	1	1	3	44	1	575
1	1	1	3	45	1	688
1	1	1	3	46	1	750
1	1	1	3	47	1	372
1	1	1	3	48	1	526
1	1	2	4	1	1	576
1	1	2	4	2	1	486
1	1	2	4	3	1	495
1	1	2	4	4	1	580
1	1	2	4	5	1	529
1	1	2	4	6	1	609
1	1	2	4	7	1	515
1	1	2	4	8	1	491
1	1	2	4	9	1	555
1	1	2	4	10	1	563
1	1	2	4	11	1	555
1	1	2	4	12	1	553
1	1	2	4	13	1	507
1	1	2	4	14	1	553
1	1	2	4	15	1	617
1	1	2	4	16	1	573
1	1	2	4	17	1	593
1	1	2	4	18	1	499
1	1	2	4	19	1	543
1	1	2	4	20	1	715
1	1	2	4	21	1	569
1	1	2	4	22	1	522
1	1	2	4	23	1	566
1	1	2	4	24	1	947
1	1	2	4	25	1	447
1	1	2	4	26	1	531
1	1	2	4	27	1	718
1	1	2	4	28	1	505
1	1	2	4	29	1	645
1	1	2	4	30	1	583
1	1	2	4	31	0	1793
1	1	2	4	32	1	607
1	1	2	4	33	1	1115
1	1	2	4	34	1	705
1	1	2	4	35	1	552
1	1	2	4	36	1	573
1	1	2	4	37	1	499
1	1	2	4	38	1	547
1	1	2	4	39	1	650
1	1	2	4	40	1	532
1	1	2	4	41	1	612
1	1	2	4	42	1	674
1	1	2	4	43	1	620
1	1	2	4	44	1	510
1	1	2	4	45	1	620
1	1	2	4	46	1	616
1	1	2	4	47	1	477
1	1	2	4	48	1	633
1	1	1	6	1	1	693
1	1	1	6	2	1	1023
1	1	1	6	3	1	579
1	1	1	6	4	1	1463
1	1	1	6	5	1	891
1	1	1	6	6	0	1668
1	1	1	6	7	1	1388
1	1	1	6	8	0	1517
1	1	1	6	9	1	1403
1	1	1	6	10	1	1259
1	1	1	6	11	1	1090
1	1	1	6	12	0	1517
1	1	1	6	13	1	682
1	1	1	6	14	0	1484
1	1	1	6	15	1	1162
1	1	1	6	16	1	847
1	1	1	6	17	1	678
1	1	1	6	18	1	1224
1	1	1	6	19	1	819
1	1	1	6	20	1	883
1	1	1	6	21	1	866
1	1	1	6	22	1	574
1	1	1	6	23	1	685
1	1	1	6	24	0	1126
1	1	1	6	25	1	565
1	1	1	6	26	1	613
1	1	1	6	27	1	663
1	1	1	6	28	1	1558
1	1	1	6	29	1	555
1	1	1	6	30	0	1181
1	1	1	6	31	1	745
1	1	1	6	32	1	554
1	1	1	6	33	1	804
1	1	1	6	34	1	858
1	1	1	6	35	1	595
1	1	1	6	36	1	689
1	1	1	6	37	1	817
1	1	1	6	38	0	1406
1	1	1	6	39	0	2335
1	1	1	6	40	0	1970
1	1	1	6	41	1	1378
1	1	1	6	42	1	1143
1	1	1	6	43	1	1116
1	1	1	6	44	1	680
1	1	1	6	45	1	690
1	1	1	6	46	1	874
1	1	1	6	47	1	847
1	1	1	6	48	1	702
1	1	2	7	1	1	905
1	1	2	7	2	1	887
1	1	2	7	3	1	548
1	1	2	7	4	1	1160
1	1	2	7	5	1	954
1	1	2	7	6	1	844
1	1	2	7	7	1	607
1	1	2	7	8	1	688
1	1	2	7	9	1	551
1	1	2	7	10	1	855
1	1	2	7	11	1	576
1	1	2	7	12	1	993
1	1	2	7	13	1	607
1	1	2	7	14	1	633
1	1	2	7	15	1	601
1	1	2	7	16	1	625
1	1	2	7	17	1	663
1	1	2	7	18	1	609
1	1	2	7	19	1	659
1	1	2	7	20	1	806
1	1	2	7	21	1	566
1	1	2	7	22	1	706
1	1	2	7	23	1	804
1	1	2	7	24	1	672
1	1	2	7	25	1	578
1	1	2	7	26	1	1117
1	1	2	7	27	1	827
1	1	2	7	28	0	916
1	1	2	7	29	1	1000
1	1	2	7	30	1	773
1	1	2	7	31	1	594
1	1	2	7	32	1	1891
1	1	2	7	33	1	767
1	1	2	7	34	1	666
1	1	2	7	35	1	641
1	1	2	7	36	1	527
1	1	2	7	37	1	660
1	1	2	7	38	1	566
1	1	2	7	39	1	638
1	1	2	7	40	0	1196
1	1	2	7	41	1	1212
1	1	2	7	42	1	767
1	1	2	7	43	1	1135
1	1	2	7	44	1	1205
1	1	2	7	45	1	1970
1	1	2	7	46	0	1609
1	1	2	7	47	1	647
1	1	2	7	48	1	770
2	1	1	3	1	1	831
2	1	1	3	2	1	567
2	1	1	3	3	1	502
2	1	1	3	4	1	414
2	1	1	3	5	0	818
2	1	1	3	6	1	946
2	1	1	3	7	1	635
2	1	1	3	8	1	917
2	1	1	3	9	0	917
2	1	1	3	10	1	571
2	1	1	3	11	1	742
2	1	1	3	12	1	641
2	1	1	3	13	1	583
2	1	1	3	14	1	570
2	1	1	3	15	1	442
2	1	1	3	16	1	407
2	1	1	3	17	0	816
2	1	1	3	18	1	612
2	1	1	3	19	1	742
2	1	1	3	20	1	530
2	1	1	3	21	1	553
2	1	1	3	22	1	401
2	1	1	3	23	1	358
2	1	1	3	24	0	1475
2	1	1	3	25	1	899
2	1	1	3	26	1	584
2	1	1	3	27	1	1171
2	1	1	3	28	1	676
2	1	1	3	29	1	530
2	1	1	3	30	1	541
2	1	1	3	31	1	789
2	1	1	3	32	1	649
2	1	1	3	33	0	819
2	1	1	3	34	0	1194
2	1	1	3	35	1	1236
2	1	1	3	36	1	1043
2	1	1	3	37	0	1031
2	1	1	3	38	1	771
2	1	1	3	39	1	621
2	1	1	3	40	1	676
2	1	1	3	41	1	509
2	1	1	3	42	1	981
2	1	1	3	43	1	528
2	1	1	3	44	1	811
2	1	1	3	45	1	606
2	1	1	3	46	1	1100
2	1	1	3	47	1	761
2	1	1	3	48	1	853
2	1	2	4	1	1	639
2	1	2	4	2	1	472
2	1	2	4	3	1	485
2	1	2	4	4	1	562
2	1	2	4	5	1	471
2	1	2	4	6	1	443
2	1	2	4	7	1	440
2	1	2	4	8	1	528
2	1	2	4	9	0	748
2	1	2	4	10	1	717
2	1	2	4	11	1	543
2	1	2	4	12	1	428
2	1	2	4	13	1	413
2	1	2	4	14	1	1046
2	1	2	4	15	1	772
2	1	2	4	16	1	527
2	1	2	4	17	1	441
2	1	2	4	18	1	528
2	1	2	4	19	1	550
2	1	2	4	20	1	490
2	1	2	4	21	1	636
2	1	2	4	22	1	564
2	1	2	4	23	1	597
2	1	2	4	24	1	663
2	1	2	4	25	1	510
2	1	2	4	26	1	1071
2	1	2	4	27	1	594
2	1	2	4	28	1	905
2	1	2	4	29	1	704
2	1	2	4	30	1	457
2	1	2	4	31	1	870
2	1	2	4	32	1	482
2	1	2	4	33	1	583
2	1	2	4	34	1	501
2	1	2	4	35	0	1388
2	1	2	4	36	0	1115
2	1	2	4	37	1	719
2	1	2	4	38	1	963
2	1	2	4	39	1	553
2	1	2	4	40	1	442
2	1	2	4	41	0	1161
2	1	2	4	42	1	1384
2	1	2	4	43	1	543
2	1	2	4	44	1	798
2	1	2	4	45	1	910
2	1	2	4	46	1	441
2	1	2	4	47	1	513
2	1	2	4	48	0	980
2	1	1	6	1	1	2360
2	1	1	6	2	1	1234
2	1	1	6	3	1	659
2	1	1	6	4	1	761
2	1	1	6	5	1	580
2	1	1	6	6	1	923
2	1	1	6	7	1	895
2	1	1	6	8	0	951
2	1	1	6	9	1	1925
2	1	1	6	10	1	1255
2	1	1	6	11	0	1390
2	1	1	6	12	1	855
2	1	1	6	13	1	650
2	1	1	6	14	1	653
2	1	1	6	15	1	865
2	1	1	6	16	0	995
2	1	1	6	17	1	1565
2	1	1	6	18	1	896
2	1	1	6	19	1	757
2	1	1	6	20	1	774
2	1	1	6	21	1	911
2	1	1	6	22	1	580
2	1	1	6	23	1	1181
2	1	1	6	24	0	1104
2	1	1	6	25	1	894
2	1	1	6	26	1	894
2	1	1	6	27	1	715
2	1	1	6	28	1	950
2	1	1	6	29	1	900
2	1	1	6	30	1	747
2	1	1	6	31	1	1114
2	1	1	6	32	1	800
2	1	1	6	33	1	448
2	1	1	6	34	1	978
2	1	1	6	35	1	772
2	1	1	6	36	0	1322
2	1	1	6	37	1	1578
2	1	1	6	38	0	1429
2	1	1	6	39	1	1223
2	1	1	6	40	1	1362
2	1	1	6	41	1	840
2	1	1	6	42	1	500
2	1	1	6	43	1	924
2	1	1	6	44	1	1228
2	1	1	6	45	1	592
2	1	1	6	46	1	666
2	1	1	6	47	1	639
2	1	1	6	48	1	853
2	1	2	7	1	1	674
2	1	2	7	2	1	625
2	1	2	7	3	1	1294
2	1	2	7	4	1	1754
2	1	2	7	5	1	1373
2	1	2	7	6	1	678
2	1	2	7	7	1	510
2	1	2	7	8	0	1539
2	1	2	7	9	1	1306
2	1	2	7	10	1	486
2	1	2	7	11	1	645
2	1	2	7	12	1	880
2	1	2	7	13	1	663
2	1	2	7	14	1	472
2	1	2	7	15	1	596
2	1	2	7	16	1	866
2	1	2	7	17	1	612
2	1	2	7	18	0	883
2	1	2	7	19	1	740
2	1	2	7	20	1	459
2	1	2	7	21	1	522
2	1	2	7	22	1	609
2	1	2	7	23	1	952
2	1	2	7	24	1	619
2	1	2	7	25	1	552
2	1	2	7	26	1	660
2	1	2	7	27	1	550
2	1	2	7	28	1	706
2	1	2	7	29	1	1225
2	1	2	7	30	1	625
2	1	2	7	31	1	681
2	1	2	7	32	1	1250
2	1	2	7	33	1	899
2	1	2	7	34	1	1061
2	1	2	7	35	1	717
2	1	2	7	36	1	1009
2	1	2	7	37	1	871
2	1	2	7	38	1	868
2	1	2	7	39	0	811
2	1	2	7	40	1	1111
2	1	2	7	41	1	485
2	1	2	7	42	1	1027
2	1	2	7	43	1	619
2	1	2	7	44	1	1509
2	1	2	7	45	1	475
2	1	2	7	46	1	461
2	1	2	7	47	1	1179
2	1	2	7	48	0	1294
3	1	1	3	1	1	682
3	1	1	3	2	1	483
3	1	1	3	3	1	500
3	1	1	3	4	1	546
3	1	1	3	5	1	451
3	1	1	3	6	1	419
3	1	1	3	7	1	492
3	1	1	3	8	1	512
3	1	1	3	9	1	426
3	1	1	3	10	1	624
3	1	1	3	11	1	931
3	1	1	3	12	1	599
3	1	1	3	13	0	655
3	1	1	3	14	0	763
3	1	1	3	15	1	639
3	1	1	3	16	1	517
3	1	1	3	17	1	524
3	1	1	3	18	1	480
3	1	1	3	19	1	523
3	1	1	3	20	1	545
3	1	1	3	21	1	420
3	1	1	3	22	1	423
3	1	1	3	23	1	361
3	1	1	3	24	1	548
3	1	1	3	25	1	437
3	1	1	3	26	1	502
3	1	1	3	27	1	491
3	1	1	3	28	1	691
3	1	1	3	29	1	427
3	1	1	3	30	1	712
3	1	1	3	31	1	519
3	1	1	3	32	1	472
3	1	1	3	33	1	446
3	1	1	3	34	1	566
3	1	1	3	35	1	501
3	1	1	3	36	1	548
3	1	1	3	37	1	492
3	1	1	3	38	1	620
3	1	1	3	39	1	369
3	1	1	3	40	1	503
3	1	1	3	41	1	496
3	1	1	3	42	1	473
3	1	1	3	43	1	517
3	1	1	3	44	1	484
3	1	1	3	45	1	404
3	1	1	3	46	1	474
3	1	1	3	47	1	378
3	1	1	3	48	0	727
3	1	2	4	1	1	487
3	1	2	4	2	1	503
3	1	2	4	3	1	636
3	1	2	4	4	1	525
3	1	2	4	5	1	425
3	1	2	4	6	1	431
3	1	2	4	7	1	422
3	1	2	4	8	1	470
3	1	2	4	9	1	543
3	1	2	4	10	1	499
3	1	2	4	11	1	421
3	1	2	4	12	1	525
3	1	2	4	13	1	422
3	1	2	4	14	1	775
3	1	2	4	15	1	569
3	1	2	4	16	0	882
3	1	2	4	17	0	1032
3	1	2	4	18	1	485
3	1	2	4	19	1	556
3	1	2	4	20	1	532
3	1	2	4	21	1	638
3	1	2	4	22	1	503
3	1	2	4	23	1	525
3	1	2	4	24	1	548
3	1	2	4	25	1	561
3	1	2	4	26	1	550
3	1	2	4	27	0	1027
3	1	2	4	28	1	463
3	1	2	4	29	1	475
3	1	2	4	30	1	505
3	1	2	4	31	0	975
3	1	2	4	32	1	541
3	1	2	4	33	1	1303
3	1	2	4	34	1	414
3	1	2	4	35	1	518
3	1	2	4	36	1	525
3	1	2	4	37	1	385
3	1	2	4	38	1	467
3	1	2	4	39	1	590
3	1	2	4	40	1	404
3	1	2	4	41	1	615
3	1	2	4	42	0	935
3	1	2	4	43	1	480
3	1	2	4	44	1	887
3	1	2	4	45	1	435
3	1	2	4	46	1	513
3	1	2	4	47	0	911
3	1	2	4	48	1	494
3	1	1	6	1	1	941
3	1	1	6	2	1	737
3	1	1	6	3	1	590
3	1	1	6	4	1	777
3	1	1	6	5	1	487
3	1	1	6	6	1	574
3	1	1	6	7	1	537
3	1	1	6	8	1	687
3	1	1	6	9	1	491
3	1	1	6	10	0	915
3	1	1	6	11	1	569
3	1	1	6	12	1	960
3	1	1	6	13	1	439
3	1	1	6	14	1	572
3	1	1	6	15	1	521
3	1	1	6	16	1	764
3	1	1	6	17	1	598
3	1	1	6	18	1	607
3	1	1	6	19	1	935
3	1	1	6	20	1	506
3	1	1	6	21	1	541
3	1	1	6	22	1	539
3	1	1	6	23	1	622
3	1	1	6	24	1	720
3	1	1	6	25	1	405
3	1	1	6	26	1	645
3	1	1	6	27	0	848
3	1	1	6	28	1	585
3	1	1	6	29	1	467
3	1	1	6	30	1	394
3	1	1	6	31	0	1359
3	1	1	6	32	1	468
3	1	1	6	33	1	384
3	1	1	6	34	1	480
3	1	1	6	35	0	904
3	1	1	6	36	1	611
3	1	1	6	37	1	538
3	1	1	6	38	1	649
3	1	1	6	39	1	432
3	1	1	6	40	0	901
3	1	1	6	41	1	398
3	1	1	6	42	1	580
3	1	1	6	43	0	1259
3	1	1	6	44	1	614
3	1	1	6	45	1	516
3	1	1	6	46	1	498
3	1	1	6	47	0	783
3	1	1	6	48	1	466
3	1	2	7	1	1	540
3	1	2	7	2	0	809
3	1	2	7	3	1	483
3	1	2	7	4	1	611
3	1	2	7	5	1	429
3	1	2	7	6	1	490
3	1	2	7	7	1	451
3	1	2	7	8	0	730
3	1	2	7	9	1	475
3	1	2	7	10	1	586
3	1	2	7	11	1	426
3	1	2	7	12	1	654
3	1	2	7	13	1	423
3	1	2	7	14	1	651
3	1	2	7	15	1	588
3	1	2	7	16	0	1241
3	1	2	7	17	1	536
3	1	2	7	18	0	912
3	1	2	7	19	0	1233
3	1	2	7	20	1	584
3	1	2	7	21	1	506
3	1	2	7	22	1	569
3	1	2	7	23	0	1060
3	1	2	7	24	1	685
3	1	2	7	25	1	614
3	1	2	7	26	1	612
3	1	2	7	27	0	906
3	1	2	7	28	1	556
3	1	2	7	29	1	752
3	1	2	7	30	1	526
3	1	2	7	31	1	620
3	1	2	7	32	1	478
3	1	2	7	33	1	577
3	1	2	7	34	1	513
3	1	2	7	35	0	1191
3	1	2	7	36	0	1217
3	1	2	7	37	0	1122
3	1	2	7	38	1	589
3	1	2	7	39	0	1113
3	1	2	7	40	1	662
3	1	2	7	41	1	559
3	1	2	7	42	1	726
3	1	2	7	43	0	930
3	1	2	7	44	1	794
3	1	2	7	45	1	507
3	1	2	7	46	1	665
3	1	2	7	47	1	685
3	1	2	7	48	1	1085
4	1	1	3	1	1	668
4	1	1	3	2	1	1083
4	1	1	3	3	1	626
4	1	1	3	4	1	661
4	1	1	3	5	1	617
4	1	1	3	6	1	558
4	1	1	3	7	1	611
4	1	1	3	8	1	669
4	1	1	3	9	1	602
4	1	1	3	10	0	944
4	1	1	3	11	1	514
4	1	1	3	12	1	1172
4	1	1	3	13	1	592
4	1	1	3	14	1	643
4	1	1	3	15	1	659
4	1	1	3	16	1	533
4	1	1	3	17	1	548
4	1	1	3	18	1	561
4	1	1	3	19	1	1381
4	1	1	3	20	1	659
4	1	1	3	21	1	574
4	1	1	3	22	1	591
4	1	1	3	23	1	575
4	1	1	3	24	1	647
4	1	1	3	25	1	638
4	1	1	3	26	1	534
4	1	1	3	27	1	1061
4	1	1	3	28	1	1613
4	1	1	3	29	1	1030
4	1	1	3	30	1	604
4	1	1	3	31	1	996
4	1	1	3	32	1	815
4	1	1	3	33	1	646
4	1	1	3	34	1	755
4	1	1	3	35	1	1159
4	1	1	3	36	1	1195
4	1	1	3	37	1	532
4	1	1	3	38	1	668
4	1	1	3	39	1	411
4	1	1	3	40	1	534
4	1	1	3	41	1	538
4	1	1	3	42	1	518
4	1	1	3	43	1	601
4	1	1	3	44	1	737
4	1	1	3	45	1	571
4	1	1	3	46	1	668
4	1	1	3	47	1	639
4	1	1	3	48	1	630
4	1	2	4	1	1	667
4	1	2	4	2	1	531
4	1	2	4	3	1	498
4	1	2	4	4	1	718
4	1	2	4	5	1	492
4	1	2	4	6	1	576
4	1	2	4	7	1	459
4	1	2	4	8	1	495
4	1	2	4	9	1	459
4	1	2	4	10	1	585
4	1	2	4	11	1	471
4	1	2	4	12	1	644
4	1	2	4	13	1	469
4	1	2	4	14	1	478
4	1	2	4	15	1	587
4	1	2	4	16	1	557
4	1	2	4	17	1	733
4	1	2	4	18	1	565
4	1	2	4	19	1	567
4	1	2	4	20	1	613
4	1	2	4	21	1	536
4	1	2	4	22	1	633
4	1	2	4	23	1	471
4	1	2	4	24	1	682
4	1	2	4	25	1	576
4	1	2	4	26	1	554
4	1	2	4	27	1	510
4	1	2	4	28	1	520
4	1	2	4	29	0	1089
4	1	2	4	30	1	1011
4	1	2	4	31	1	469
4	1	2	4	32	1	464
4	1	2	4	33	1	564
4	1	2	4	34	1	631
4	1	2	4	35	1	658
4	1	2	4	36	1	531
4	1	2	4	37	1	561
4	1	2	4	38	1	644
4	1	2	4	39	1	751
4	1	2	4	40	1	578
4	1	2	4	41	1	489
4	1	2	4	42	1	546
4	1	2	4	43	1	540
4	1	2	4	44	1	454
4	1	2	4	45	1	524
4	1	2	4	46	1	551
4	1	2	4	47	1	519
4	1	2	4	48	1	762
4	1	1	6	1	1	963
4	1	1	6	2	0	1620
4	1	1	6	3	1	801
4	1	1	6	4	1	978
4	1	1	6	5	1	764
4	1	1	6	6	0	1161
4	1	1	6	7	1	1671
4	1	1	6	8	0	1176
4	1	1	6	9	1	3081
4	1	1	6	10	1	1989
4	1	1	6	11	1	2679
4	1	1	6	12	0	1140
4	1	1	6	13	1	676
4	1	1	6	14	1	634
4	1	1	6	15	1	1265
4	1	1	6	16	1	759
4	1	1	6	17	1	898
4	1	1	6	18	1	574
4	1	1	6	19	1	819
4	1	1	6	20	0	2154
4	1	1	6	21	1	1197
4	1	1	6	22	1	1086
4	1	1	6	23	1	1204
4	1	1	6	24	1	1335
4	1	1	6	25	1	1812
4	1	1	6	26	1	1067
4	1	1	6	27	1	923
4	1	1	6	28	1	1628
4	1	1	6	29	1	861
4	1	1	6	30	1	1100
4	1	1	6	31	1	1264
4	1	1	6	32	0	1365
4	1	1	6	33	1	2878
4	1	1	6	34	0	1141
4	1	1	6	35	1	906
4	1	1	6	36	1	1191
4	1	1	6	37	1	697
4	1	1	6	38	1	922
4	1	1	6	39	1	753
4	1	1	6	40	0	1162
4	1	1	6	41	1	879
4	1	1	6	42	1	924
4	1	1	6	43	1	780
4	1	1	6	44	1	914
4	1	1	6	45	1	688
4	1	1	6	46	1	612
4	1	1	6	47	1	941
4	1	1	6	48	1	588
4	1	2	7	1	1	816
4	1	2	7	2	0	914
4	1	2	7	3	1	730
4	1	2	7	4	1	1006
4	1	2	7	5	1	1286
4	1	2	7	6	1	1031
4	1	2	7	7	1	753
4	1	2	7	8	0	1324
4	1	2	7	9	1	732
4	1	2	7	10	1	927
4	1	2	7	11	1	828
4	1	2	7	12	1	1516
4	1	2	7	13	1	641
4	1	2	7	14	0	1078
4	1	2	7	15	1	583
4	1	2	7	16	1	902
4	1	2	7	17	1	651
4	1	2	7	18	1	871
4	1	2	7	19	1	726
4	1	2	7	20	1	1015
4	1	2	7	21	1	649
4	1	2	7	22	1	505
4	1	2	7	23	1	699
4	1	2	7	24	1	630
4	1	2	7	25	1	897
4	1	2	7	26	1	882
4	1	2	7	27	1	604
4	1	2	7	28	1	699
4	1	2	7	29	1	1651
4	1	2	7	30	1	727
4	1	2	7	31	1	884
4	1	2	7	32	1	914
4	1	2	7	33	1	579
4	1	2	7	34	0	1157
4	1	2	7	35	1	727
4	1	2	7	36	1	935
4	1	2	7	37	1	553
4	1	2	7	38	1	538
4	1	2	7	39	1	679
4	1	2	7	40	1	1394
4	1	2	7	41	1	816
4	1	2	7	42	1	1027
4	1	2	7	43	1	614
4	1	2	7	44	1	607
4	1	2	7	45	1	530
4	1	2	7	46	0	943
4	1	2	7	47	1	876
4	1	2	7	48	1	1272
5	1	1	3	1	1	1459
5	1	1	3	2	1	905
5	1	1	3	3	1	883
5	1	1	3	4	1	845
5	1	1	3	5	1	1144
5	1	1	3	6	1	2482
5	1	1	3	7	1	2199
5	1	1	3	8	1	1268
5	1	1	3	9	1	1770
5	1	1	3	10	1	1238
5	1	1	3	11	1	1415
5	1	1	3	12	1	969
5	1	1	3	13	1	1853
5	1	1	3	14	1	1552
5	1	1	3	15	1	1592
5	1	1	3	16	1	1256
5	1	1	3	17	1	856
5	1	1	3	18	1	1146
5	1	1	3	19	1	1154
5	1	1	3	20	1	1143
5	1	1	3	21	1	1139
5	1	1	3	22	1	857
5	1	1	3	23	1	652
5	1	1	3	24	1	1538
5	1	1	3	25	1	1239
5	1	1	3	26	1	858
5	1	1	3	27	1	1213
5	1	1	3	28	1	2006
5	1	1	3	29	1	1089
5	1	1	3	30	1	721
5	1	1	3	31	1	1321
5	1	1	3	32	1	992
5	1	1	3	33	1	1106
5	1	1	3	34	1	979
5	1	1	3	35	1	1445
5	1	1	3	36	1	1538
5	1	1	3	37	1	952
5	1	1	3	38	1	906
5	1	1	3	39	1	788
5	1	1	3	40	1	815
5	1	1	3	41	1	1022
5	1	1	3	42	1	1239
5	1	1	3	43	1	968
5	1	1	3	44	1	1153
5	1	1	3	45	1	895
5	1	1	3	46	1	880
5	1	1	3	47	1	924
5	1	1	3	48	1	1216
5	1	2	4	1	1	860
5	1	2	4	2	1	784
5	1	2	4	3	1	770
5	1	2	4	4	1	633
5	1	2	4	5	1	667
5	1	2	4	6	1	682
5	1	2	4	7	1	639
5	1	2	4	8	1	761
5	1	2	4	9	1	855
5	1	2	4	10	1	745
5	1	2	4	11	1	827
5	1	2	4	12	1	772
5	1	2	4	13	1	691
5	1	2	4	14	1	776
5	1	2	4	15	1	826
5	1	2	4	16	1	838
5	1	2	4	17	1	952
5	1	2	4	18	1	798
5	1	2	4	19	1	992
5	1	2	4	20	1	944
5	1	2	4	21	1	851
5	1	2	4	22	1	1181
5	1	2	4	23	1	858
5	1	2	4	24	1	1161
5	1	2	4	25	1	797
5	1	2	4	26	1	762
5	1	2	4	27	1	1306
5	1	2	4	28	1	909
5	1	2	4	29	1	1017
5	1	2	4	30	1	820
5	1	2	4	31	1	846
5	1	2	4	32	1	676
5	1	2	4	33	1	715
5	1	2	4	34	1	981
5	1	2	4	35	1	1119
5	1	2	4	36	1	728
5	1	2	4	37	1	840
5	1	2	4	38	1	764
5	1	2	4	39	1	993
5	1	2	4	40	1	770
5	1	2	4	41	1	841
5	1	2	4	42	1	830
5	1	2	4	43	1	746
5	1	2	4	44	1	912
5	1	2	4	45	1	840
5	1	2	4	46	1	748
5	1	2	4	47	1	788
5	1	2	4	48	1	1116
5	1	1	6	1	1	3487
5	1	1	6	2	1	1636
5	1	1	6	3	1	3839
5	1	1	6	4	1	1663
5	1	1	6	5	1	1650
5	1	1	6	6	1	1284
5	1	1	6	7	1	1543
5	1	1	6	8	1	1099
5	1	1	6	9	1	1817
5	1	1	6	10	1	1408
5	1	1	6	11	0	3149
5	1	1	6	12	1	1705
5	1	1	6	13	1	1268
5	1	1	6	14	1	1058
5	1	1	6	15	1	1557
5	1	1	6	16	1	1569
5	1	1	6	17	1	1320
5	1	1	6	18	1	1237
5	1	1	6	19	1	1168
5	1	1	6	20	1	1099
5	1	1	6	21	1	1365
5	1	1	6	22	1	941
5	1	1	6	23	1	3254
5	1	1	6	24	1	1114
5	1	1	6	25	1	1405
5	1	1	6	26	1	966
5	1	1	6	27	1	1174
5	1	1	6	28	1	953
5	1	1	6	29	1	964
5	1	1	6	30	1	1130
5	1	1	6	31	1	1485
5	1	1	6	32	1	949
5	1	1	6	33	1	1200
5	1	1	6	34	1	887
5	1	1	6	35	0	2009
5	1	1	6	36	1	1093
5	1	1	6	37	1	947
5	1	1	6	38	1	911
5	1	1	6	39	1	1634
5	1	1	6	40	1	1094
5	1	1	6	41	1	1100
5	1	1	6	42	1	1270
5	1	1	6	43	1	2441
5	1	1	6	44	1	996
5	1	1	6	45	1	870
5	1	1	6	46	1	991
5	1	1	6	47	1	1434
5	1	1	6	48	1	940
5	1	2	7	1	1	955
5	1	2	7	2	1	912
5	1	2	7	3	1	949
5	1	2	7	4	1	941
5	1	2	7	5	1	1255
5	1	2	7	6	1	1034
5	1	2	7	7	1	1161
5	1	2	7	8	1	938
5	1	2	7	9	1	1061
5	1	2	7	10	1	1100
5	1	2	7	11	1	1077
5	1	2	7	12	1	1085
5	1	2	7	13	1	1017
5	1	2	7	14	1	1174
5	1	2	7	15	1	915
5	1	2	7	16	1	1048
5	1	2	7	17	1	873
5	1	2	7	18	1	1090
5	1	2	7	19	1	1255
5	1	2	7	20	1	1212
5	1	2	7	21	1	1032
5	1	2	7	22	1	1118
5	1	2	7	23	1	1220
5	1	2	7	24	1	1130
5	1	2	7	25	1	980
5	1	2	7	26	1	1047
5	1	2	7	27	1	1541
5	1	2	7	28	1	830
5	1	2	7	29	1	1623
5	1	2	7	30	1	1145
5	1	2	7	31	1	1868
5	1	2	7	32	1	974
5	1	2	7	33	1	1489
5	1	2	7	34	1	856
5	1	2	7	35	1	1270
5	1	2	7	36	1	991
5	1	2	7	37	1	1229
5	1	2	7	38	1	1047
5	1	2	7	39	1	978
5	1	2	7	40	1	908
5	1	2	7	41	1	1272
5	1	2	7	42	1	868
5	1	2	7	43	1	1400
5	1	2	7	44	1	1176
5	1	2	7	45	1	997
5	1	2	7	46	1	1007
5	1	2	7	47	1	1130
5	1	2	7	48	1	884
6	1	1	3	1	1	834
6	1	1	3	2	1	775
6	1	1	3	3	1	999
6	1	1	3	4	1	931
6	1	1	3	5	1	864
6	1	1	3	6	1	1019
6	1	1	3	7	1	637
6	1	1	3	8	1	709
6	1	1	3	9	1	1047
6	1	1	3	10	1	751
6	1	1	3	11	1	636
6	1	1	3	12	1	836
6	1	1	3	13	1	613
6	1	1	3	14	1	710
6	1	1	3	15	1	559
6	1	1	3	16	1	619
6	1	1	3	17	1	589
6	1	1	3	18	1	600
6	1	1	3	19	1	500
6	1	1	3	20	1	533
6	1	1	3	21	1	741
6	1	1	3	22	1	542
6	1	1	3	23	1	501
6	1	1	3	24	1	1896
6	1	1	3	25	1	659
6	1	1	3	26	1	905
6	1	1	3	27	1	943
6	1	1	3	28	1	877
6	1	1	3	29	1	702
6	1	1	3	30	1	1009
6	1	1	3	31	1	1553
6	1	1	3	32	1	545
6	1	1	3	33	1	463
6	1	1	3	34	1	961
6	1	1	3	35	1	594
6	1	1	3	36	1	658
6	1	1	3	37	1	612
6	1	1	3	38	1	818
6	1	1	3	39	1	494
6	1	1	3	40	1	861
6	1	1	3	41	1	739
6	1	1	3	42	1	750
6	1	1	3	43	1	705
6	1	1	3	44	1	612
6	1	1	3	45	1	1084
6	1	1	3	46	1	736
6	1	1	3	47	1	842
6	1	1	3	48	1	734
6	1	2	4	1	1	624
6	1	2	4	2	1	780
6	1	2	4	3	1	644
6	1	2	4	4	1	703
6	1	2	4	5	1	454
6	1	2	4	6	1	563
6	1	2	4	7	1	526
6	1	2	4	8	1	482
6	1	2	4	9	1	515
6	1	2	4	10	0	1167
6	1	2	4	11	1	783
6	1	2	4	12	1	676
6	1	2	4	13	1	547
6	1	2	4	14	1	797
6	1	2	4	15	1	680
6	1	2	4	16	1	651
6	1	2	4	17	1	560
6	1	2	4	18	1	577
6	1	2	4	19	1	597
6	1	2	4	20	1	1041
6	1	2	4	21	1	1033
6	1	2	4	22	1	860
6	1	2	4	23	1	851
6	1	2	4	24	1	1574
6	1	2	4	25	1	512
6	1	2	4	26	1	632
6	1	2	4	27	1	832
6	1	2	4	28	1	594
6	1	2	4	29	1	547
6	1	2	4	30	1	578
6	1	2	4	31	1	863
6	1	2	4	32	1	768
6	1	2	4	33	1	421
6	1	2	4	34	1	553
6	1	2	4	35	1	655
6	1	2	4	36	1	648
6	1	2	4	37	1	486
6	1	2	4	38	1	855
6	1	2	4	39	1	523
6	1	2	4	40	1	562
6	1	2	4	41	1	706
6	1	2	4	42	1	1013
6	1	2	4	43	1	834
6	1	2	4	44	1	710
6	1	2	4	45	1	824
6	1	2	4	46	1	1017
6	1	2	4	47	1	824
6	1	2	4	48	1	626
6	1	1	6	1	1	1105
6	1	1	6	2	1	1447
6	1	1	6	3	1	739
6	1	1	6	4	1	872
6	1	1	6	5	1	586
6	1	1	6	6	1	1612
6	1	1	6	7	1	807
6	1	1	6	8	1	1036
6	1	1	6	9	1	960
6	1	1	6	10	1	773
6	1	1	6	11	1	595
6	1	1	6	12	1	756
6	1	1	6	13	1	478
6	1	1	6	14	1	924
6	1	1	6	15	1	772
6	1	1	6	16	1	743
6	1	1	6	17	1	755
6	1	1	6	18	1	600
6	1	1	6	19	1	722
6	1	1	6	20	1	547
6	1	1	6	21	1	868
6	1	1	6	22	1	1014
6	1	1	6	23	1	766
6	1	1	6	24	1	905
6	1	1	6	25	1	820
6	1	1	6	26	0	1236
6	1	1	6	27	1	630
6	1	1	6	28	1	1175
6	1	1	6	29	1	904
6	1	1	6	30	1	818
6	1	1	6	31	1	840
6	1	1	6	32	0	1274
6	1	1	6	33	1	2007
6	1	1	6	34	1	1318
6	1	1	6	35	1	615
6	1	1	6	36	1	656
6	1	1	6	37	1	1218
6	1	1	6	38	0	1303
6	1	1	6	39	1	850
6	1	1	6	40	1	1532
6	1	1	6	41	1	685
6	1	1	6	42	1	573
6	1	1	6	43	1	1911
6	1	1	6	44	1	1856
6	1	1	6	45	1	612
6	1	1	6	46	1	628
6	1	1	6	47	1	670
6	1	1	6	48	1	846
6	1	2	7	1	1	733
6	1	2	7	2	1	686
6	1	2	7	3	1	684
6	1	2	7	4	1	1294
6	1	2	7	5	1	544
6	1	2	7	6	1	586
6	1	2	7	7	1	554
6	1	2	7	8	1	657
6	1	2	7	9	1	665
6	1	2	7	10	1	743
6	1	2	7	11	1	766
6	1	2	7	12	1	1780
6	1	2	7	13	1	589
6	1	2	7	14	1	696
6	1	2	7	15	1	490
6	1	2	7	16	1	604
6	1	2	7	17	1	784
6	1	2	7	18	1	619
6	1	2	7	19	1	689
6	1	2	7	20	1	590
6	1	2	7	21	1	586
6	1	2	7	22	1	639
6	1	2	7	23	1	600
6	1	2	7	24	1	1169
6	1	2	7	25	1	561
6	1	2	7	26	1	801
6	1	2	7	27	1	515
6	1	2	7	28	1	691
6	1	2	7	29	1	705
6	1	2	7	30	1	640
6	1	2	7	31	1	826
6	1	2	7	32	1	612
6	1	2	7	33	1	751
6	1	2	7	34	1	846
6	1	2	7	35	1	946
6	1	2	7	36	1	701
6	1	2	7	37	1	841
6	1	2	7	38	1	812
6	1	2	7	39	1	986
6	1	2	7	40	1	735
6	1	2	7	41	1	730
6	1	2	7	42	1	683
6	1	2	7	43	1	821
6	1	2	7	44	1	693
6	1	2	7	45	1	639
6	1	2	7	46	1	658
6	1	2	7	47	1	692
6	1	2	7	48	1	1040
7	1	1	3	1	1	575
7	1	1	3	2	1	564
7	1	1	3	3	1	647
7	1	1	3	4	1	913
7	1	1	3	5	1	591
7	1	1	3	6	1	756
7	1	1	3	7	1	744
7	1	1	3	8	1	701
7	1	1	3	9	1	630
7	1	1	3	10	0	1471
7	1	1	3	11	1	970
7	1	1	3	12	1	682
7	1	1	3	13	1	606
7	1	1	3	14	1	722
7	1	1	3	15	1	798
7	1	1	3	16	1	765
7	1	1	3	17	1	579
7	1	1	3	18	1	664
7	1	1	3	19	1	719
7	1	1	3	20	1	768
7	1	1	3	21	1	771
7	1	1	3	22	1	720
7	1	1	3	23	1	771
7	1	1	3	24	1	641
7	1	1	3	25	1	775
7	1	1	3	26	1	713
7	1	1	3	27	1	1574
7	1	1	3	28	1	1098
7	1	1	3	29	1	1171
7	1	1	3	30	1	603
7	1	1	3	31	1	1223
7	1	1	3	32	1	793
7	1	1	3	33	1	693
7	1	1	3	34	1	645
7	1	1	3	35	1	848
7	1	1	3	36	1	2953
7	1	1	3	37	1	781
7	1	1	3	38	1	864
7	1	1	3	39	1	1078
7	1	1	3	40	1	776
7	1	1	3	41	1	753
7	1	1	3	42	1	887
7	1	1	3	43	1	762
7	1	1	3	44	1	684
7	1	1	3	45	1	729
7	1	1	3	46	1	738
7	1	1	3	47	1	723
7	1	1	3	48	1	683
7	1	2	4	1	1	2219
7	1	2	4	2	1	669
7	1	2	4	3	1	726
7	1	2	4	4	1	935
7	1	2	4	5	1	574
7	1	2	4	6	1	832
7	1	2	4	7	1	724
7	1	2	4	8	1	708
7	1	2	4	9	1	637
7	1	2	4	10	1	661
7	1	2	4	11	1	728
7	1	2	4	12	1	635
7	1	2	4	13	1	672
7	1	2	4	14	1	688
7	1	2	4	15	1	736
7	1	2	4	16	1	775
7	1	2	4	17	0	1315
7	1	2	4	18	1	567
7	1	2	4	19	1	822
7	1	2	4	20	1	1446
7	1	2	4	21	1	805
7	1	2	4	22	1	813
7	1	2	4	23	1	664
7	1	2	4	24	1	612
7	1	2	4	25	1	619
7	1	2	4	26	1	697
7	1	2	4	27	1	930
7	1	2	4	28	1	753
7	1	2	4	29	1	994
7	1	2	4	30	1	762
7	1	2	4	31	1	831
7	1	2	4	32	1	855
7	1	2	4	33	1	776
7	1	2	4	34	1	634
7	1	2	4	35	0	1409
7	1	2	4	36	1	2872
7	1	2	4	37	1	689
7	1	2	4	38	1	603
7	1	2	4	39	1	650
7	1	2	4	40	1	583
7	1	2	4	41	1	736
7	1	2	4	42	1	893
7	1	2	4	43	1	526
7	1	2	4	44	1	632
7	1	2	4	45	1	697
7	1	2	4	46	1	597
7	1	2	4	47	1	616
7	1	2	4	48	1	651
7	1	1	6	1	1	841
7	1	1	6	2	1	575
7	1	1	6	3	1	779
7	1	1	6	4	1	822
7	1	1	6	5	1	713
7	1	1	6	6	1	803
7	1	1	6	7	1	728
7	1	1	6	8	1	939
7	1	1	6	9	1	751
7	1	1	6	10	1	674
7	1	1	6	11	1	637
7	1	1	6	12	1	914
7	1	1	6	13	0	1154
7	1	1	6	14	1	771
7	1	1	6	15	1	656
7	1	1	6	16	0	1125
7	1	1	6	17	1	794
7	1	1	6	18	1	641
7	1	1	6	19	1	653
7	1	1	6	20	1	601
7	1	1	6	21	1	768
7	1	1	6	22	1	705
7	1	1	6	23	1	659
7	1	1	6	24	0	1156
7	1	1	6	25	1	693
7	1	1	6	26	1	821
7	1	1	6	27	0	1047
7	1	1	6	28	0	1305
7	1	1	6	29	0	1254
7	1	1	6	30	1	2416
7	1	1	6	31	1	732
7	1	1	6	32	0	1279
7	1	1	6	33	1	860
7	1	1	6	34	1	728
7	1	1	6	35	1	767
7	1	1	6	36	1	876
7	1	1	6	37	0	1096
7	1	1	6	38	1	665
7	1	1	6	39	1	588
7	1	1	6	40	1	635
7	1	1	6	41	1	567
7	1	1	6	42	1	1902
7	1	1	6	43	1	669
7	1	1	6	44	1	700
7	1	1	6	45	1	561
7	1	1	6	46	1	590
7	1	1	6	47	1	716
7	1	1	6	48	0	1100
7	1	2	7	1	0	1363
7	1	2	7	2	1	864
7	1	2	7	3	1	770
7	1	2	7	4	0	1004
7	1	2	7	5	1	1454
7	1	2	7	6	1	775
7	1	2	7	7	1	539
7	1	2	7	8	0	1476
7	1	2	7	9	1	631
7	1	2	7	10	1	736
7	1	2	7	11	1	707
7	1	2	7	12	1	568
7	1	2	7	13	0	854
7	1	2	7	14	1	1005
7	1	2	7	15	1	1082
7	1	2	7	16	1	818
7	1	2	7	17	1	1163
7	1	2	7	18	1	619
7	1	2	7	19	1	722
7	1	2	7	20	1	545
7	1	2	7	21	0	800
7	1	2	7	22	1	758
7	1	2	7	23	0	973
7	1	2	7	24	1	822
7	1	2	7	25	1	605
7	1	2	7	26	1	561
7	1	2	7	27	1	589
7	1	2	7	28	1	687
7	1	2	7	29	1	559
7	1	2	7	30	1	548
7	1	2	7	31	1	737
7	1	2	7	32	1	974
7	1	2	7	33	0	981
7	1	2	7	34	1	2188
7	1	2	7	35	1	728
7	1	2	7	36	1	833
7	1	2	7	37	1	644
7	1	2	7	38	1	591
7	1	2	7	39	1	848
7	1	2	7	40	1	622
7	1	2	7	41	0	890
7	1	2	7	42	1	818
7	1	2	7	43	1	628
7	1	2	7	44	1	826
7	1	2	7	45	1	610
7	1	2	7	46	1	739
7	1	2	7	47	0	1073
7	1	2	7	48	1	559
8	2	1	3	1	1	1256
8	2	1	3	2	0	1391
8	2	1	3	3	1	710
8	2	1	3	4	1	1242
8	2	1	3	5	1	1217
8	2	1	3	6	1	906
8	2	1	3	7	1	769
8	2	1	3	8	1	734
8	2	1	3	9	1	611
8	2	1	3	10	0	1370
8	2	1	3	11	1	553
8	2	1	3	12	1	1216
8	2	1	3	13	1	666
8	2	1	3	14	1	1509
8	2	1	3	15	1	787
8	2	1	3	16	1	1552
8	2	1	3	17	1	682
8	2	1	3	18	1	2099
8	2	1	3	19	1	636
8	2	1	3	20	1	1097
8	2	1	3	21	1	522
8	2	1	3	22	1	1745
8	2	1	3	23	1	640
8	2	1	3	24	1	690
8	2	1	3	25	1	489
8	2	1	3	26	1	604
8	2	1	3	27	1	495
8	2	1	3	28	1	599
8	2	1	3	29	0	1286
8	2	1	3	30	1	1933
8	2	1	3	31	1	879
8	2	1	3	32	1	561
8	2	1	3	33	1	546
8	2	1	3	34	1	576
8	2	1	3	35	1	640
8	2	1	3	36	1	797
8	2	1	3	37	0	1925
8	2	1	3	38	1	1556
8	2	1	3	39	1	730
8	2	1	3	40	1	617
8	2	1	3	41	1	437
8	2	1	3	42	1	775
8	2	1	3	43	1	490
8	2	1	3	44	1	1161
8	2	1	3	45	1	359
8	2	1	3	46	1	638
8	2	1	3	47	1	616
8	2	1	3	48	0	1363
8	2	2	4	1	1	866
8	2	2	4	2	1	760
8	2	2	4	3	1	611
8	2	2	4	4	1	1593
8	2	2	4	5	1	868
8	2	2	4	6	0	1165
8	2	2	4	7	1	535
8	2	2	4	8	0	1113
8	2	2	4	9	1	634
8	2	2	4	10	1	478
8	2	2	4	11	1	586
8	2	2	4	12	1	708
8	2	2	4	13	1	517
8	2	2	4	14	1	557
8	2	2	4	15	1	961
8	2	2	4	16	1	1001
8	2	2	4	17	1	680
8	2	2	4	18	1	509
8	2	2	4	19	1	532
8	2	2	4	20	1	462
8	2	2	4	21	1	521
8	2	2	4	22	1	561
8	2	2	4	23	1	559
8	2	2	4	24	1	774
8	2	2	4	25	1	584
8	2	2	4	26	1	598
8	2	2	4	27	1	502
8	2	2	4	28	1	1457
8	2	2	4	29	1	945
8	2	2	4	30	1	803
8	2	2	4	31	1	535
8	2	2	4	32	0	896
8	2	2	4	33	1	580
8	2	2	4	34	1	1677
8	2	2	4	35	1	668
8	2	2	4	36	1	438
8	2	2	4	37	1	669
8	2	2	4	38	0	1314
8	2	2	4	39	1	854
8	2	2	4	40	1	1273
8	2	2	4	41	1	1094
8	2	2	4	42	0	1607
8	2	2	4	43	1	844
8	2	2	4	44	1	1097
8	2	2	4	45	1	502
8	2	2	4	46	0	1300
8	2	2	4	47	1	1380
8	2	2	4	48	1	2012
8	2	1	6	1	1	831
8	2	1	6	2	1	714
8	2	1	6	3	1	784
8	2	1	6	4	1	437
8	2	1	6	5	1	777
8	2	1	6	6	1	976
8	2	1	6	7	0	1071
8	2	1	6	8	1	1290
8	2	1	6	9	1	665
8	2	1	6	10	1	609
8	2	1	6	11	1	557
8	2	1	6	12	1	584
8	2	1	6	13	1	599
8	2	1	6	14	1	556
8	2	1	6	15	1	515
8	2	1	6	16	1	530
8	2	1	6	17	1	440
8	2	1	6	18	1	530
8	2	1	6	19	1	481
8	2	1	6	20	1	662
8	2	1	6	21	1	508
8	2	1	6	22	1	919
8	2	1	6	23	1	493
8	2	1	6	24	1	707
8	2	1	6	25	1	421
8	2	1	6	26	1	550
8	2	1	6	27	1	516
8	2	1	6	28	1	691
8	2	1	6	29	1	382
8	2	1	6	30	1	531
8	2	1	6	31	1	851
8	2	1	6	32	1	464
8	2	1	6	33	0	826
8	2	1	6	34	1	616
8	2	1	6	35	1	1109
8	2	1	6	36	1	947
8	2	1	6	37	1	550
8	2	1	6	38	1	757
8	2	1	6	39	1	570
8	2	1	6	40	1	775
8	2	1	6	41	1	611
8	2	1	6	42	1	976
8	2	1	6	43	1	789
8	2	1	6	44	1	576
8	2	1	6	45	0	951
8	2	1	6	46	0	1450
8	2	1	6	47	1	778
8	2	1	6	48	1	615
8	2	2	7	1	1	705
8	2	2	7	2	1	508
8	2	2	7	3	1	545
8	2	2	7	4	1	666
8	2	2	7	5	1	450
8	2	2	7	6	1	490
8	2	2	7	7	1	597
8	2	2	7	8	1	630
8	2	2	7	9	1	617
8	2	2	7	10	1	999
8	2	2	7	11	1	369
8	2	2	7	12	1	507
8	2	2	7	13	1	730
8	2	2	7	14	1	952
8	2	2	7	15	1	789
8	2	2	7	16	1	576
8	2	2	7	17	1	492
8	2	2	7	18	1	450
8	2	2	7	19	1	529
8	2	2	7	20	1	1020
8	2	2	7	21	1	599
8	2	2	7	22	1	610
8	2	2	7	23	1	883
8	2	2	7	24	1	665
8	2	2	7	25	1	554
8	2	2	7	26	1	1342
8	2	2	7	27	1	692
8	2	2	7	28	1	543
8	2	2	7	29	1	720
8	2	2	7	30	1	736
8	2	2	7	31	1	2172
8	2	2	7	32	1	668
8	2	2	7	33	1	466
8	2	2	7	34	1	543
8	2	2	7	35	0	832
8	2	2	7	36	1	774
8	2	2	7	37	1	396
8	2	2	7	38	1	617
8	2	2	7	39	1	960
8	2	2	7	40	1	613
8	2	2	7	41	1	643
8	2	2	7	42	1	1161
8	2	2	7	43	1	440
8	2	2	7	44	1	503
8	2	2	7	45	1	695
8	2	2	7	46	1	601
8	2	2	7	47	1	1000
8	2	2	7	48	1	624
9	2	1	3	1	1	1039
9	2	1	3	2	1	519
9	2	1	3	3	1	571
9	2	1	3	4	1	615
9	2	1	3	5	1	616
9	2	1	3	6	1	601
9	2	1	3	7	1	680
9	2	1	3	8	0	1098
9	2	1	3	9	1	895
9	2	1	3	10	1	697
9	2	1	3	11	1	545
9	2	1	3	12	1	1224
9	2	1	3	13	1	560
9	2	1	3	14	1	646
9	2	1	3	15	1	638
9	2	1	3	16	1	556
9	2	1	3	17	1	630
9	2	1	3	18	1	895
9	2	1	3	19	1	611
9	2	1	3	20	0	1420
9	2	1	3	21	1	707
9	2	1	3	22	1	808
9	2	1	3	23	1	659
9	2	1	3	24	0	1267
9	2	1	3	25	0	1252
9	2	1	3	26	1	856
9	2	1	3	27	1	650
9	2	1	3	28	1	737
9	2	1	3	29	1	579
9	2	1	3	30	1	779
9	2	1	3	31	1	460
9	2	1	3	32	1	917
9	2	1	3	33	1	596
9	2	1	3	34	1	605
9	2	1	3	35	1	659
9	2	1	3	36	1	583
9	2	1	3	37	1	714
9	2	1	3	38	1	578
9	2	1	3	39	1	709
9	2	1	3	40	1	726
9	2	1	3	41	1	466
9	2	1	3	42	1	465
9	2	1	3	43	1	644
9	2	1	3	44	1	637
9	2	1	3	45	1	558
9	2	1	3	46	1	629
9	2	1	3	47	1	561
9	2	1	3	48	1	728
9	2	2	4	1	1	528
9	2	2	4	2	1	653
9	2	2	4	3	1	657
9	2	2	4	4	1	651
9	2	2	4	5	1	614
9	2	2	4	6	1	503
9	2	2	4	7	1	535
9	2	2	4	8	1	508
9	2	2	4	9	1	516
9	2	2	4	10	1	523
9	2	2	4	11	1	922
9	2	2	4	12	1	658
9	2	2	4	13	1	443
9	2	2	4	14	1	494
9	2	2	4	15	1	654
9	2	2	4	16	1	879
9	2	2	4	17	1	832
9	2	2	4	18	1	664
9	2	2	4	19	1	644
9	2	2	4	20	1	691
9	2	2	4	21	1	467
9	2	2	4	22	1	563
9	2	2	4	23	1	650
9	2	2	4	24	1	586
9	2	2	4	25	1	568
9	2	2	4	26	1	767
9	2	2	4	27	1	627
9	2	2	4	28	1	571
9	2	2	4	29	1	701
9	2	2	4	30	1	660
9	2	2	4	31	1	794
9	2	2	4	32	1	1087
9	2	2	4	33	1	700
9	2	2	4	34	1	436
9	2	2	4	35	1	612
9	2	2	4	36	1	681
9	2	2	4	37	1	527
9	2	2	4	38	1	483
9	2	2	4	39	1	652
9	2	2	4	40	1	588
9	2	2	4	41	1	668
9	2	2	4	42	0	1110
9	2	2	4	43	0	1469
9	2	2	4	44	0	1214
9	2	2	4	45	1	450
9	2	2	4	46	1	530
9	2	2	4	47	1	832
9	2	2	4	48	0	1125
9	2	1	6	1	1	502
9	2	1	6	2	1	521
9	2	1	6	3	1	461
9	2	1	6	4	1	419
9	2	1	6	5	1	536
9	2	1	6	6	1	506
9	2	1	6	7	1	570
9	2	1	6	8	1	657
9	2	1	6	9	1	541
9	2	1	6	10	1	861
9	2	1	6	11	1	543
9	2	1	6	12	1	653
9	2	1	6	13	0	1054
9	2	1	6	14	1	982
9	2	1	6	15	1	714
9	2	1	6	16	1	453
9	2	1	6	17	1	477
9	2	1	6	18	0	651
9	2	1	6	19	1	796
9	2	1	6	20	1	1160
9	2	1	6	21	1	411
9	2	1	6	22	1	360
9	2	1	6	23	1	424
9	2	1	6	24	1	430
9	2	1	6	25	1	437
9	2	1	6	26	1	670
9	2	1	6	27	1	526
9	2	1	6	28	1	564
9	2	1	6	29	1	472
9	2	1	6	30	1	586
9	2	1	6	31	1	748
9	2	1	6	32	1	493
9	2	1	6	33	1	527
9	2	1	6	34	1	594
9	2	1	6	35	1	867
9	2	1	6	36	1	483
9	2	1	6	37	1	459
9	2	1	6	38	1	457
9	2	1	6	39	1	428
9	2	1	6	40	1	449
9	2	1	6	41	1	557
9	2	1	6	42	1	421
9	2	1	6	43	0	863
9	2	1	6	44	1	479
9	2	1	6	45	1	466
9	2	1	6	46	1	562
9	2	1	6	47	1	456
9	2	1	6	48	0	722
9	2	2	7	1	1	675
9	2	2	7	2	1	546
9	2	2	7	3	1	505
9	2	2	7	4	1	428
9	2	2	7	5	1	352
9	2	2	7	6	1	399
9	2	2	7	7	1	432
9	2	2	7	8	1	439
9	2	2	7	9	1	519
9	2	2	7	10	1	749
9	2	2	7	11	1	650
9	2	2	7	12	0	730
9	2	2	7	13	1	432
9	2	2	7	14	1	1147
9	2	2	7	15	1	536
9	2	2	7	16	1	506
9	2	2	7	17	1	625
9	2	2	7	18	1	584
9	2	2	7	19	1	534
9	2	2	7	20	1	589
9	2	2	7	21	1	875
9	2	2	7	22	1	532
9	2	2	7	23	1	573
9	2	2	7	24	1	578
9	2	2	7	25	1	597
9	2	2	7	26	1	651
9	2	2	7	27	1	795
9	2	2	7	28	1	492
9	2	2	7	29	1	414
9	2	2	7	30	1	489
9	2	2	7	31	1	548
9	2	2	7	32	1	561
9	2	2	7	33	1	439
9	2	2	7	34	1	795
9	2	2	7	35	1	550
9	2	2	7	36	1	562
9	2	2	7	37	1	372
9	2	2	7	38	1	565
9	2	2	7	39	1	638
9	2	2	7	40	1	476
9	2	2	7	41	1	630
9	2	2	7	42	1	519
9	2	2	7	43	1	442
9	2	2	7	44	0	683
9	2	2	7	45	1	518
9	2	2	7	46	1	485
9	2	2	7	47	1	572
9	2	2	7	48	1	604
10	2	1	3	1	1	783
10	2	1	3	2	1	599
10	2	1	3	3	1	665
10	2	1	3	4	1	1104
10	2	1	3	5	1	1651
10	2	1	3	6	1	908
10	2	1	3	7	1	610
10	2	1	3	8	1	1404
10	2	1	3	9	0	1317
10	2	1	3	10	1	887
10	2	1	3	11	1	413
10	2	1	3	12	1	977
10	2	1	3	13	1	468
10	2	1	3	14	1	693
10	2	1	3	15	1	613
10	2	1	3	16	1	628
10	2	1	3	17	1	951
10	2	1	3	18	1	572
10	2	1	3	19	1	661
10	2	1	3	20	1	695
10	2	1	3	21	1	655
10	2	1	3	22	1	590
10	2	1	3	23	1	582
10	2	1	3	24	1	1389
10	2	1	3	25	1	684
10	2	1	3	26	1	452
10	2	1	3	27	1	775
10	2	1	3	28	1	771
10	2	1	3	29	1	1154
10	2	1	3	30	1	601
10	2	1	3	31	1	1364
10	2	1	3	32	1	703
10	2	1	3	33	0	1502
10	2	1	3	34	1	727
10	2	1	3	35	1	521
10	2	1	3	36	1	481
10	2	1	3	37	1	715
10	2	1	3	38	1	1308
10	2	1	3	39	0	1137
10	2	1	3	40	1	837
10	2	1	3	41	1	508
10	2	1	3	42	0	3516
10	2	1	3	43	1	2440
10	2	1	3	44	1	1067
10	2	1	3	45	1	881
10	2	1	3	46	1	676
10	2	1	3	47	1	774
10	2	1	3	48	1	743
10	2	2	4	1	1	667
10	2	2	4	2	1	693
10	2	2	4	3	1	733
10	2	2	4	4	1	812
10	2	2	4	5	1	1206
10	2	2	4	6	1	824
10	2	2	4	7	1	570
10	2	2	4	8	1	737
10	2	2	4	9	1	508
10	2	2	4	10	1	692
10	2	2	4	11	1	583
10	2	2	4	12	1	651
10	2	2	4	13	1	1029
10	2	2	4	14	1	548
10	2	2	4	15	1	531
10	2	2	4	16	1	1144
10	2	2	4	17	1	669
10	2	2	4	18	1	533
10	2	2	4	19	0	1691
10	2	2	4	20	1	670
10	2	2	4	21	1	808
10	2	2	4	22	1	745
10	2	2	4	23	1	654
10	2	2	4	24	1	549
10	2	2	4	25	1	517
10	2	2	4	26	1	920
10	2	2	4	27	1	1165
10	2	2	4	28	1	917
10	2	2	4	29	1	3002
10	2	2	4	30	1	2076
10	2	2	4	31	1	547
10	2	2	4	32	1	722
10	2	2	4	33	1	703
10	2	2	4	34	1	588
10	2	2	4	35	1	590
10	2	2	4	36	1	597
10	2	2	4	37	1	724
10	2	2	4	38	1	691
10	2	2	4	39	1	609
10	2	2	4	40	1	693
10	2	2	4	41	1	654
10	2	2	4	42	1	829
10	2	2	4	43	1	1072
10	2	2	4	44	1	1987
10	2	2	4	45	1	441
10	2	2	4	46	1	584
10	2	2	4	47	1	678
10	2	2	4	48	0	1342
10	2	1	6	1	1	1617
10	2	1	6	2	1	798
10	2	1	6	3	1	596
10	2	1	6	4	1	616
10	2	1	6	5	1	867
10	2	1	6	6	1	759
10	2	1	6	7	1	707
10	2	1	6	8	1	836
10	2	1	6	9	1	508
10	2	1	6	10	1	531
10	2	1	6	11	1	527
10	2	1	6	12	1	655
10	2	1	6	13	1	765
10	2	1	6	14	1	1133
10	2	1	6	15	1	745
10	2	1	6	16	1	803
10	2	1	6	17	1	505
10	2	1	6	18	1	578
10	2	1	6	19	1	586
10	2	1	6	20	1	507
10	2	1	6	21	1	650
10	2	1	6	22	1	505
10	2	1	6	23	1	616
10	2	1	6	24	0	1422
10	2	1	6	25	1	502
10	2	1	6	26	1	668
10	2	1	6	27	1	518
10	2	1	6	28	1	586
10	2	1	6	29	1	466
10	2	1	6	30	1	532
10	2	1	6	31	1	664
10	2	1	6	32	1	563
10	2	1	6	33	1	670
10	2	1	6	34	0	1475
10	2	1	6	35	1	1303
10	2	1	6	36	0	1436
10	2	1	6	37	1	1479
10	2	1	6	38	1	828
10	2	1	6	39	1	628
10	2	1	6	40	1	561
10	2	1	6	41	1	560
10	2	1	6	42	1	815
10	2	1	6	43	1	611
10	2	1	6	44	1	735
10	2	1	6	45	1	761
10	2	1	6	46	1	921
10	2	1	6	47	1	589
10	2	1	6	48	1	972
10	2	2	7	1	1	1026
10	2	2	7	2	1	760
10	2	2	7	3	1	627
10	2	2	7	4	1	733
10	2	2	7	5	1	518
10	2	2	7	6	1	706
10	2	2	7	7	1	515
10	2	2	7	8	1	503
10	2	2	7	9	0	1249
10	2	2	7	10	1	1514
10	2	2	7	11	1	483
10	2	2	7	12	1	545
10	2	2	7	13	1	546
10	2	2	7	14	1	683
10	2	2	7	15	1	814
10	2	2	7	16	1	770
10	2	2	7	17	1	789
10	2	2	7	18	1	1361
10	2	2	7	19	1	586
10	2	2	7	20	1	776
10	2	2	7	21	1	517
10	2	2	7	22	1	1444
10	2	2	7	23	1	2347
10	2	2	7	24	1	617
10	2	2	7	25	1	651
10	2	2	7	26	1	1070
10	2	2	7	27	1	776
10	2	2	7	28	1	745
10	2	2	7	29	1	763
10	2	2	7	30	1	684
10	2	2	7	31	1	827
10	2	2	7	32	1	598
10	2	2	7	33	1	462
10	2	2	7	34	1	548
10	2	2	7	35	1	826
10	2	2	7	36	1	732
10	2	2	7	37	1	785
10	2	2	7	38	1	949
10	2	2	7	39	1	732
10	2	2	7	40	1	2020
10	2	2	7	41	1	709
10	2	2	7	42	1	692
10	2	2	7	43	1	450
10	2	2	7	44	1	587
10	2	2	7	45	1	937
10	2	2	7	46	1	856
10	2	2	7	47	1	581
10	2	2	7	48	1	1187
11	2	1	3	1	1	626
11	2	1	3	2	1	653
11	2	1	3	3	1	507
11	2	1	3	4	0	893
11	2	1	3	5	1	578
11	2	1	3	6	1	748
11	2	1	3	7	1	662
11	2	1	3	8	1	708
11	2	1	3	9	1	611
11	2	1	3	10	1	790
11	2	1	3	11	1	555
11	2	1	3	12	0	967
11	2	1	3	13	1	443
11	2	1	3	14	1	411
11	2	1	3	15	1	695
11	2	1	3	16	1	545
11	2	1	3	17	0	1102
11	2	1	3	18	1	860
11	2	1	3	19	1	584
11	2	1	3	20	0	1125
11	2	1	3	21	1	616
11	2	1	3	22	0	1030
11	2	1	3	23	1	781
11	2	1	3	24	1	2246
11	2	1	3	25	1	575
11	2	1	3	26	1	706
11	2	1	3	27	1	569
11	2	1	3	28	1	598
11	2	1	3	29	1	611
11	2	1	3	30	1	719
11	2	1	3	31	1	547
11	2	1	3	32	1	468
11	2	1	3	33	1	546
11	2	1	3	34	1	642
11	2	1	3	35	1	492
11	2	1	3	36	1	504
11	2	1	3	37	1	828
11	2	1	3	38	1	708
11	2	1	3	39	0	1110
11	2	1	3	40	0	1186
11	2	1	3	41	1	538
11	2	1	3	42	1	629
11	2	1	3	43	1	735
11	2	1	3	44	1	694
11	2	1	3	45	1	480
11	2	1	3	46	1	575
11	2	1	3	47	1	531
11	2	1	3	48	1	781
11	2	2	4	1	1	802
11	2	2	4	2	1	480
11	2	2	4	3	1	575
11	2	2	4	4	1	825
11	2	2	4	5	0	963
11	2	2	4	6	1	1158
11	2	2	4	7	1	597
11	2	2	4	8	1	564
11	2	2	4	9	1	514
11	2	2	4	10	1	488
11	2	2	4	11	1	601
11	2	2	4	12	0	1366
11	2	2	4	13	1	656
11	2	2	4	14	1	622
11	2	2	4	15	1	663
11	2	2	4	16	1	534
11	2	2	4	17	1	868
11	2	2	4	18	1	518
11	2	2	4	19	1	693
11	2	2	4	20	1	573
11	2	2	4	21	1	488
11	2	2	4	22	1	615
11	2	2	4	23	1	555
11	2	2	4	24	1	496
11	2	2	4	25	1	495
11	2	2	4	26	1	547
11	2	2	4	27	1	555
11	2	2	4	28	1	601
11	2	2	4	29	0	1085
11	2	2	4	30	0	1372
11	2	2	4	31	1	703
11	2	2	4	32	1	492
11	2	2	4	33	1	772
11	2	2	4	34	1	456
11	2	2	4	35	1	543
11	2	2	4	36	0	1447
11	2	2	4	37	1	541
11	2	2	4	38	1	476
11	2	2	4	39	1	611
11	2	2	4	40	1	1338
11	2	2	4	41	1	3395
11	2	2	4	42	0	1273
11	2	2	4	43	1	896
11	2	2	4	44	0	3061
11	2	2	4	45	1	740
11	2	2	4	46	1	583
11	2	2	4	47	1	622
11	2	2	4	48	0	1250
11	2	1	6	1	1	803
11	2	1	6	2	1	545
11	2	1	6	3	1	440
11	2	1	6	4	1	395
11	2	1	6	5	1	589
11	2	1	6	6	1	469
11	2	1	6	7	0	764
11	2	1	6	8	1	633
11	2	1	6	9	1	505
11	2	1	6	10	1	482
11	2	1	6	11	1	474
11	2	1	6	12	1	585
11	2	1	6	13	1	492
11	2	1	6	14	1	866
11	2	1	6	15	1	449
11	2	1	6	16	1	423
11	2	1	6	17	1	513
11	2	1	6	18	1	523
11	2	1	6	19	1	501
11	2	1	6	20	1	423
11	2	1	6	21	1	315
11	2	1	6	22	1	314
11	2	1	6	23	1	295
11	2	1	6	24	1	439
11	2	1	6	25	1	287
11	2	1	6	26	0	618
11	2	1	6	27	1	576
11	2	1	6	28	1	317
11	2	1	6	29	1	330
11	2	1	6	30	0	1414
11	2	1	6	31	1	574
11	2	1	6	32	1	462
11	2	1	6	33	1	561
11	2	1	6	34	1	747
11	2	1	6	35	1	684
11	2	1	6	36	1	546
11	2	1	6	37	1	427
11	2	1	6	38	1	504
11	2	1	6	39	1	347
11	2	1	6	40	1	434
11	2	1	6	41	1	518
11	2	1	6	42	1	505
11	2	1	6	43	0	700
11	2	1	6	44	1	442
11	2	1	6	45	1	491
11	2	1	6	46	1	447
11	2	1	6	47	1	1052
11	2	1	6	48	1	547
11	2	2	7	1	1	664
11	2	2	7	2	1	515
11	2	2	7	3	1	449
11	2	2	7	4	1	568
11	2	2	7	5	1	317
11	2	2	7	6	1	383
11	2	2	7	7	1	370
11	2	2	7	8	1	372
11	2	2	7	9	1	551
11	2	2	7	10	1	543
11	2	2	7	11	1	438
11	2	2	7	12	1	376
11	2	2	7	13	1	570
11	2	2	7	14	1	588
11	2	2	7	15	1	550
11	2	2	7	16	1	503
11	2	2	7	17	1	682
11	2	2	7	18	1	475
11	2	2	7	19	1	824
11	2	2	7	20	1	612
11	2	2	7	21	1	586
11	2	2	7	22	1	439
11	2	2	7	23	1	543
11	2	2	7	24	1	545
11	2	2	7	25	1	385
11	2	2	7	26	1	547
11	2	2	7	27	1	447
11	2	2	7	28	1	379
11	2	2	7	29	1	333
11	2	2	7	30	1	451
11	2	2	7	31	1	545
11	2	2	7	32	1	465
11	2	2	7	33	1	502
11	2	2	7	34	1	265
11	2	2	7	35	1	597
11	2	2	7	36	1	588
11	2	2	7	37	1	442
11	2	2	7	38	1	478
11	2	2	7	39	1	533
11	2	2	7	40	1	464
11	2	2	7	41	1	536
11	2	2	7	42	1	652
11	2	2	7	43	1	439
11	2	2	7	44	1	502
11	2	2	7	45	1	587
11	2	2	7	46	1	627
11	2	2	7	47	1	465
11	2	2	7	48	0	961
12	2	1	3	1	1	3687
12	2	1	3	2	1	1761
12	2	1	3	3	1	1247
12	2	1	3	4	1	1581
12	2	1	3	5	1	881
12	2	1	3	6	1	637
12	2	1	3	7	1	1444
12	2	1	3	8	0	2916
12	2	1	3	9	1	2695
12	2	1	3	10	1	1419
12	2	1	3	11	1	746
12	2	1	3	12	1	3014
12	2	1	3	13	1	1020
12	2	1	3	14	1	1021
12	2	1	3	15	1	1995
12	2	1	3	16	1	1757
12	2	1	3	17	1	1742
12	2	1	3	18	1	740
12	2	1	3	19	1	747
12	2	1	3	20	1	1602
12	2	1	3	21	0	2353
12	2	1	3	22	1	1282
12	2	1	3	23	1	2955
12	2	1	3	24	1	2420
12	2	1	3	25	1	679
12	2	1	3	26	1	592
12	2	1	3	27	1	461
12	2	1	3	28	1	1167
12	2	1	3	29	1	1169
12	2	1	3	30	1	1142
12	2	1	3	31	1	765
12	2	1	3	32	0	1988
12	2	1	3	33	1	1420
12	2	1	3	34	1	1301
12	2	1	3	35	1	564
12	2	1	3	36	1	638
12	2	1	3	37	1	944
12	2	1	3	38	1	1016
12	2	1	3	39	1	3751
12	2	1	3	40	1	670
12	2	1	3	41	1	402
12	2	1	3	42	1	570
12	2	1	3	43	1	1611
12	2	1	3	44	1	587
12	2	1	3	45	1	430
12	2	1	3	46	1	506
12	2	1	3	47	1	763
12	2	1	3	48	1	954
12	2	2	4	1	1	784
12	2	2	4	2	1	1146
12	2	2	4	3	1	671
12	2	2	4	4	0	1391
12	2	2	4	5	1	672
12	2	2	4	6	1	1167
12	2	2	4	7	1	516
12	2	2	4	8	1	2318
12	2	2	4	9	1	419
12	2	2	4	10	1	1616
12	2	2	4	11	1	670
12	2	2	4	12	1	5271
12	2	2	4	13	1	423
12	2	2	4	14	1	1413
12	2	2	4	15	1	559
12	2	2	4	16	1	573
12	2	2	4	17	1	691
12	2	2	4	18	1	414
12	2	2	4	19	1	834
12	2	2	4	20	1	721
12	2	2	4	21	1	503
12	2	2	4	22	1	1909
12	2	2	4	23	1	572
12	2	2	4	24	1	522
12	2	2	4	25	1	628
12	2	2	4	26	1	449
12	2	2	4	27	1	778
12	2	2	4	28	1	1651
12	2	2	4	29	1	1559
12	2	2	4	30	0	1704
12	2	2	4	31	1	3041
12	2	2	4	32	1	869
12	2	2	4	33	1	386
12	2	2	4	34	1	969
12	2	2	4	35	1	1436
12	2	2	4	36	1	1125
12	2	2	4	37	1	702
12	2	2	4	38	0	1542
12	2	2	4	39	1	1418
12	2	2	4	40	1	548
12	2	2	4	41	1	633
12	2	2	4	42	1	690
12	2	2	4	43	1	1298
12	2	2	4	44	1	714
12	2	2	4	45	1	397
12	2	2	4	46	1	3089
12	2	2	4	47	1	898
12	2	2	4	48	1	2475
12	2	1	6	1	1	970
12	2	1	6	2	1	809
12	2	1	6	3	1	553
12	2	1	6	4	1	597
12	2	1	6	5	1	703
12	2	1	6	6	1	1024
12	2	1	6	7	1	1569
12	2	1	6	8	1	712
12	2	1	6	9	1	562
12	2	1	6	10	1	482
12	2	1	6	11	1	1372
12	2	1	6	12	1	551
12	2	1	6	13	1	817
12	2	1	6	14	1	2669
12	2	1	6	15	1	553
12	2	1	6	16	1	696
12	2	1	6	17	1	542
12	2	1	6	18	1	599
12	2	1	6	19	1	580
12	2	1	6	20	1	698
12	2	1	6	21	1	476
12	2	1	6	22	1	574
12	2	1	6	23	1	427
12	2	1	6	24	1	5193
12	2	1	6	25	1	609
12	2	1	6	26	1	567
12	2	1	6	27	1	1639
12	2	1	6	28	1	504
12	2	1	6	29	1	456
12	2	1	6	30	1	690
12	2	1	6	31	0	1122
12	2	1	6	32	1	798
12	2	1	6	33	1	609
12	2	1	6	34	1	1439
12	2	1	6	35	1	617
12	2	1	6	36	1	491
12	2	1	6	37	1	578
12	2	1	6	38	1	693
12	2	1	6	39	1	346
12	2	1	6	40	1	1739
12	2	1	6	41	1	595
12	2	1	6	42	1	646
12	2	1	6	43	1	527
12	2	1	6	44	1	566
12	2	1	6	45	1	526
12	2	1	6	46	1	1246
12	2	1	6	47	0	2001
12	2	1	6	48	1	2004
12	2	2	7	1	1	1240
12	2	2	7	2	1	520
12	2	2	7	3	1	488
12	2	2	7	4	1	749
12	2	2	7	5	1	527
12	2	2	7	6	1	540
12	2	2	7	7	1	762
12	2	2	7	8	1	566
12	2	2	7	9	1	558
12	2	2	7	10	0	798
12	2	2	7	11	1	528
12	2	2	7	12	1	569
12	2	2	7	13	1	461
12	2	2	7	14	1	1126
12	2	2	7	15	1	887
12	2	2	7	16	1	1891
12	2	2	7	17	1	777
12	2	2	7	18	1	555
12	2	2	7	19	1	1263
12	2	2	7	20	1	534
12	2	2	7	21	1	489
12	2	2	7	22	1	560
12	2	2	7	23	1	633
12	2	2	7	24	1	1538
12	2	2	7	25	1	511
12	2	2	7	26	1	992
12	2	2	7	27	1	546
12	2	2	7	28	1	500
12	2	2	7	29	1	483
12	2	2	7	30	1	1848
12	2	2	7	31	1	751
12	2	2	7	32	1	663
12	2	2	7	33	1	352
12	2	2	7	34	1	790
12	2	2	7	35	1	669
12	2	2	7	36	1	567
12	2	2	7	37	1	558
12	2	2	7	38	1	603
12	2	2	7	39	1	1321
12	2	2	7	40	1	445
12	2	2	7	41	1	585
12	2	2	7	42	0	830
12	2	2	7	43	1	508
12	2	2	7	44	1	1946
12	2	2	7	45	0	1024
12	2	2	7	46	1	1142
12	2	2	7	47	1	583
12	2	2	7	48	1	853
13	1	1	3	1	1	726
13	1	1	3	2	1	1190
13	1	1	3	3	1	711
13	1	1	3	4	1	659
13	1	1	3	5	1	715
13	1	1	3	6	1	636
13	1	1	3	7	1	788
13	1	1	3	8	1	614
13	1	1	3	9	1	663
13	1	1	3	10	1	714
13	1	1	3	11	1	554
13	1	1	3	12	1	509
13	1	1	3	13	1	577
13	1	1	3	14	1	792
13	1	1	3	15	1	606
13	1	1	3	16	1	644
13	1	1	3	17	1	550
13	1	1	3	18	1	613
13	1	1	3	19	1	606
13	1	1	3	20	1	804
13	1	1	3	21	1	642
13	1	1	3	22	1	607
13	1	1	3	23	1	511
13	1	1	3	24	1	485
13	1	1	3	25	1	372
13	1	1	3	26	1	712
13	1	1	3	27	1	511
13	1	1	3	28	1	539
13	1	1	3	29	0	1194
13	1	1	3	30	1	833
13	1	1	3	31	1	437
13	1	1	3	32	1	495
13	1	1	3	33	0	1117
13	1	1	3	34	1	636
13	1	1	3	35	1	535
13	1	1	3	36	1	853
13	1	1	3	37	1	601
13	1	1	3	38	1	611
13	1	1	3	39	1	605
13	1	1	3	40	1	482
13	1	1	3	41	1	503
13	1	1	3	42	1	548
13	1	1	3	43	1	530
13	1	1	3	44	1	448
13	1	1	3	45	1	742
13	1	1	3	46	1	565
13	1	1	3	47	1	583
13	1	1	3	48	1	706
13	1	2	4	1	1	567
13	1	2	4	2	1	531
13	1	2	4	3	1	569
13	1	2	4	4	1	638
13	1	2	4	5	0	793
13	1	2	4	6	1	537
13	1	2	4	7	1	468
13	1	2	4	8	1	626
13	1	2	4	9	1	742
13	1	2	4	10	1	605
13	1	2	4	11	1	549
13	1	2	4	12	1	558
13	1	2	4	13	1	498
13	1	2	4	14	1	502
13	1	2	4	15	1	668
13	1	2	4	16	1	519
13	1	2	4	17	1	573
13	1	2	4	18	1	497
13	1	2	4	19	1	660
13	1	2	4	20	1	566
13	1	2	4	21	1	542
13	1	2	4	22	1	567
13	1	2	4	23	1	746
13	1	2	4	24	1	500
13	1	2	4	25	1	517
13	1	2	4	26	1	519
13	1	2	4	27	1	680
13	1	2	4	28	1	513
13	1	2	4	29	1	594
13	1	2	4	30	1	540
13	1	2	4	31	1	698
13	1	2	4	32	1	528
13	1	2	4	33	1	525
13	1	2	4	34	0	957
13	1	2	4	35	1	686
13	1	2	4	36	1	625
13	1	2	4	37	1	540
13	1	2	4	38	1	552
13	1	2	4	39	1	560
13	1	2	4	40	1	618
13	1	2	4	41	1	706
13	1	2	4	42	0	1126
13	1	2	4	43	0	1264
13	1	2	4	44	1	784
13	1	2	4	45	1	732
13	1	2	4	46	0	1721
13	1	2	4	47	1	587
13	1	2	4	48	1	668
13	1	1	6	1	1	720
13	1	1	6	2	1	817
13	1	1	6	3	1	758
13	1	1	6	4	1	725
13	1	1	6	5	0	1064
13	1	1	6	6	0	1841
13	1	1	6	7	1	2487
13	1	1	6	8	0	1819
13	1	1	6	9	1	1388
13	1	1	6	10	1	991
13	1	1	6	11	1	592
13	1	1	6	12	1	726
13	1	1	6	13	1	1811
13	1	1	6	14	1	1032
13	1	1	6	15	1	797
13	1	1	6	16	0	1237
13	1	1	6	17	1	1578
13	1	1	6	18	0	1236
13	1	1	6	19	1	933
13	1	1	6	20	1	1894
13	1	1	6	21	1	738
13	1	1	6	22	0	1114
13	1	1	6	23	1	1035
13	1	1	6	24	0	1804
13	1	1	6	25	0	2328
13	1	1	6	26	1	1996
13	1	1	6	27	1	687
13	1	1	6	28	1	734
13	1	1	6	29	1	599
13	1	1	6	30	1	1184
13	1	1	6	31	1	731
13	1	1	6	32	1	569
13	1	1	6	33	1	667
13	1	1	6	34	1	518
13	1	1	6	35	0	884
13	1	1	6	36	1	1146
13	1	1	6	37	1	699
13	1	1	6	38	1	891
13	1	1	6	39	0	2987
13	1	1	6	40	0	1553
13	1	1	6	41	1	520
13	1	1	6	42	1	495
13	1	1	6	43	0	848
13	1	1	6	44	1	1706
13	1	1	6	45	1	643
13	1	1	6	46	1	805
13	1	1	6	47	1	1324
13	1	1	6	48	1	2367
13	1	2	7	1	1	677
13	1	2	7	2	1	673
13	1	2	7	3	1	683
13	1	2	7	4	0	1362
13	1	2	7	5	1	1087
13	1	2	7	6	1	561
13	1	2	7	7	1	539
13	1	2	7	8	1	1019
13	1	2	7	9	1	613
13	1	2	7	10	1	554
13	1	2	7	11	1	681
13	1	2	7	12	1	1357
13	1	2	7	13	1	605
13	1	2	7	14	1	696
13	1	2	7	15	1	689
13	1	2	7	16	1	682
13	1	2	7	17	1	852
13	1	2	7	18	1	907
13	1	2	7	19	0	1195
13	1	2	7	20	1	740
13	1	2	7	21	1	658
13	1	2	7	22	1	579
13	1	2	7	23	1	806
13	1	2	7	24	1	792
13	1	2	7	25	1	740
13	1	2	7	26	1	725
13	1	2	7	27	1	700
13	1	2	7	28	0	933
13	1	2	7	29	1	771
13	1	2	7	30	1	869
13	1	2	7	31	1	709
13	1	2	7	32	1	1153
13	1	2	7	33	1	627
13	1	2	7	34	1	1607
13	1	2	7	35	1	646
13	1	2	7	36	1	928
13	1	2	7	37	1	672
13	1	2	7	38	1	524
13	1	2	7	39	1	871
13	1	2	7	40	1	575
13	1	2	7	41	1	621
13	1	2	7	42	1	761
13	1	2	7	43	1	793
13	1	2	7	44	1	1170
13	1	2	7	45	1	400
13	1	2	7	46	1	665
13	1	2	7	47	1	915
13	1	2	7	48	1	783
14	2	1	3	1	1	648
14	2	1	3	2	1	1020
14	2	1	3	3	0	1099
14	2	1	3	4	0	1758
14	2	1	3	5	1	1212
14	2	1	3	6	1	947
14	2	1	3	7	1	851
14	2	1	3	8	1	999
14	2	1	3	9	1	1060
14	2	1	3	10	0	2178
14	2	1	3	11	1	727
14	2	1	3	12	1	1067
14	2	1	3	13	1	613
14	2	1	3	14	0	1715
14	2	1	3	15	1	950
14	2	1	3	16	1	1059
14	2	1	3	17	1	803
14	2	1	3	18	0	1086
14	2	1	3	19	1	1955
14	2	1	3	20	1	1139
14	2	1	3	21	1	2342
14	2	1	3	22	1	1213
14	2	1	3	23	1	1684
14	2	1	3	24	1	1048
14	2	1	3	25	1	949
14	2	1	3	26	1	1717
14	2	1	3	27	1	679
14	2	1	3	28	1	836
14	2	1	3	29	1	702
14	2	1	3	30	1	780
14	2	1	3	31	1	784
14	2	1	3	32	1	693
14	2	1	3	33	1	835
14	2	1	3	34	1	658
14	2	1	3	35	1	734
14	2	1	3	36	1	958
14	2	1	3	37	1	827
14	2	1	3	38	1	713
14	2	1	3	39	1	1822
14	2	1	3	40	0	1144
14	2	1	3	41	1	740
14	2	1	3	42	1	718
14	2	1	3	43	1	779
14	2	1	3	44	1	676
14	2	1	3	45	1	657
14	2	1	3	46	1	678
14	2	1	3	47	1	878
14	2	1	3	48	1	644
14	2	2	4	1	1	921
14	2	2	4	2	1	1031
14	2	2	4	3	1	852
14	2	2	4	4	0	1044
14	2	2	4	5	1	768
14	2	2	4	6	1	794
14	2	2	4	7	1	905
14	2	2	4	8	1	1058
14	2	2	4	9	1	679
14	2	2	4	10	1	797
14	2	2	4	11	1	960
14	2	2	4	12	1	686
14	2	2	4	13	1	1082
14	2	2	4	14	1	691
14	2	2	4	15	1	666
14	2	2	4	16	1	717
14	2	2	4	17	1	1541
14	2	2	4	18	1	663
14	2	2	4	19	1	2478
14	2	2	4	20	1	796
14	2	2	4	21	1	524
14	2	2	4	22	1	664
14	2	2	4	23	1	729
14	2	2	4	24	1	552
14	2	2	4	25	1	577
14	2	2	4	26	1	1068
14	2	2	4	27	1	617
14	2	2	4	28	1	623
14	2	2	4	29	1	744
14	2	2	4	30	1	523
14	2	2	4	31	1	568
14	2	2	4	32	1	1531
14	2	2	4	33	1	703
14	2	2	4	34	1	673
14	2	2	4	35	1	569
14	2	2	4	36	1	1028
14	2	2	4	37	1	604
14	2	2	4	38	0	1073
14	2	2	4	39	1	949
14	2	2	4	40	1	622
14	2	2	4	41	1	568
14	2	2	4	42	1	889
14	2	2	4	43	1	867
14	2	2	4	44	0	1871
14	2	2	4	45	1	852
14	2	2	4	46	1	645
14	2	2	4	47	1	1450
14	2	2	4	48	1	692
14	2	1	6	1	1	673
14	2	1	6	2	1	633
14	2	1	6	3	1	583
14	2	1	6	4	1	583
14	2	1	6	5	1	639
14	2	1	6	6	1	539
14	2	1	6	7	1	608
14	2	1	6	8	1	553
14	2	1	6	9	1	716
14	2	1	6	10	1	692
14	2	1	6	11	1	486
14	2	1	6	12	1	592
14	2	1	6	13	1	706
14	2	1	6	14	1	622
14	2	1	6	15	1	607
14	2	1	6	16	1	541
14	2	1	6	17	1	471
14	2	1	6	18	1	512
14	2	1	6	19	1	604
14	2	1	6	20	1	484
14	2	1	6	21	1	624
14	2	1	6	22	1	1060
14	2	1	6	23	1	631
14	2	1	6	24	1	1086
14	2	1	6	25	1	522
14	2	1	6	26	1	473
14	2	1	6	27	0	814
14	2	1	6	28	1	731
14	2	1	6	29	1	1017
14	2	1	6	30	1	544
14	2	1	6	31	0	1044
14	2	1	6	32	1	591
14	2	1	6	33	1	719
14	2	1	6	34	1	548
14	2	1	6	35	0	913
14	2	1	6	36	0	1210
14	2	1	6	37	1	740
14	2	1	6	38	1	648
14	2	1	6	39	1	527
14	2	1	6	40	1	481
14	2	1	6	41	1	785
14	2	1	6	42	1	576
14	2	1	6	43	1	605
14	2	1	6	44	1	539
14	2	1	6	45	1	498
14	2	1	6	46	1	511
14	2	1	6	47	1	536
14	2	1	6	48	1	620
14	2	2	7	1	1	611
14	2	2	7	2	1	496
14	2	2	7	3	1	756
14	2	2	7	4	1	593
14	2	2	7	5	1	508
14	2	2	7	6	1	528
14	2	2	7	7	1	495
14	2	2	7	8	1	688
14	2	2	7	9	1	512
14	2	2	7	10	1	700
14	2	2	7	11	1	542
14	2	2	7	12	1	462
14	2	2	7	13	1	563
14	2	2	7	14	1	552
14	2	2	7	15	1	591
14	2	2	7	16	1	596
14	2	2	7	17	1	839
14	2	2	7	18	1	525
14	2	2	7	19	1	637
14	2	2	7	20	1	566
14	2	2	7	21	1	580
14	2	2	7	22	1	539
14	2	2	7	23	1	582
14	2	2	7	24	1	582
14	2	2	7	25	1	689
14	2	2	7	26	1	541
14	2	2	7	27	1	683
14	2	2	7	28	1	595
14	2	2	7	29	1	851
14	2	2	7	30	1	517
14	2	2	7	31	1	652
14	2	2	7	32	1	807
14	2	2	7	33	1	541
14	2	2	7	34	1	568
14	2	2	7	35	1	605
14	2	2	7	36	1	605
14	2	2	7	37	1	512
14	2	2	7	38	1	525
14	2	2	7	39	1	637
14	2	2	7	40	1	688
14	2	2	7	41	1	1276
14	2	2	7	42	1	1060
14	2	2	7	43	1	522
14	2	2	7	44	1	718
14	2	2	7	45	1	890
14	2	2	7	46	1	567
14	2	2	7	47	1	650
14	2	2	7	48	1	843
15	1	1	3	1	1	521
15	1	1	3	2	1	558
15	1	1	3	3	1	448
15	1	1	3	4	1	500
15	1	1	3	5	0	948
15	1	1	3	6	1	558
15	1	1	3	7	1	408
15	1	1	3	8	1	420
15	1	1	3	9	1	855
15	1	1	3	10	1	747
15	1	1	3	11	1	471
15	1	1	3	12	1	521
15	1	1	3	13	1	453
15	1	1	3	14	1	598
15	1	1	3	15	1	554
15	1	1	3	16	1	559
15	1	1	3	17	1	568
15	1	1	3	18	1	518
15	1	1	3	19	1	542
15	1	1	3	20	1	475
15	1	1	3	21	1	556
15	1	1	3	22	1	821
15	1	1	3	23	1	559
15	1	1	3	24	1	543
15	1	1	3	25	1	570
15	1	1	3	26	1	426
15	1	1	3	27	1	542
15	1	1	3	28	1	529
15	1	1	3	29	1	653
15	1	1	3	30	1	707
15	1	1	3	31	1	527
15	1	1	3	32	1	477
15	1	1	3	33	1	517
15	1	1	3	34	1	555
15	1	1	3	35	0	899
15	1	1	3	36	1	787
15	1	1	3	37	1	533
15	1	1	3	38	1	486
15	1	1	3	39	1	518
15	1	1	3	40	1	530
15	1	1	3	41	1	600
15	1	1	3	42	0	1148
15	1	1	3	43	1	761
15	1	1	3	44	1	651
15	1	1	3	45	1	651
15	1	1	3	46	1	474
15	1	1	3	47	0	986
15	1	1	3	48	1	578
15	1	2	4	1	1	487
15	1	2	4	2	1	532
15	1	2	4	3	1	354
15	1	2	4	4	1	584
15	1	2	4	5	1	516
15	1	2	4	6	1	555
15	1	2	4	7	1	654
15	1	2	4	8	1	425
15	1	2	4	9	1	451
15	1	2	4	10	1	608
15	1	2	4	11	1	461
15	1	2	4	12	1	493
15	1	2	4	13	1	555
15	1	2	4	14	1	574
15	1	2	4	15	1	515
15	1	2	4	16	1	527
15	1	2	4	17	1	478
15	1	2	4	18	1	424
15	1	2	4	19	1	540
15	1	2	4	20	1	716
15	1	2	4	21	0	931
15	1	2	4	22	1	611
15	1	2	4	23	1	520
15	1	2	4	24	1	571
15	1	2	4	25	1	586
15	1	2	4	26	1	559
15	1	2	4	27	1	503
15	1	2	4	28	1	450
15	1	2	4	29	1	435
15	1	2	4	30	1	612
15	1	2	4	31	0	964
15	1	2	4	32	0	727
15	1	2	4	33	1	724
15	1	2	4	34	1	635
15	1	2	4	35	1	639
15	1	2	4	36	1	573
15	1	2	4	37	1	459
15	1	2	4	38	1	624
15	1	2	4	39	1	769
15	1	2	4	40	1	532
15	1	2	4	41	1	567
15	1	2	4	42	1	501
15	1	2	4	43	1	449
15	1	2	4	44	1	435
15	1	2	4	45	1	544
15	1	2	4	46	1	531
15	1	2	4	47	1	605
15	1	2	4	48	1	761
15	1	1	6	1	1	875
15	1	1	6	2	0	881
15	1	1	6	3	0	1083
15	1	1	6	4	1	1497
15	1	1	6	5	1	816
15	1	1	6	6	1	635
15	1	1	6	7	1	1078
15	1	1	6	8	1	894
15	1	1	6	9	1	464
15	1	1	6	10	0	860
15	1	1	6	11	1	857
15	1	1	6	12	1	927
15	1	1	6	13	1	640
15	1	1	6	14	1	714
15	1	1	6	15	0	1198
15	1	1	6	16	1	665
15	1	1	6	17	1	1479
15	1	1	6	18	1	747
15	1	1	6	19	1	613
15	1	1	6	20	1	747
15	1	1	6	21	1	540
15	1	1	6	22	1	809
15	1	1	6	23	1	568
15	1	1	6	24	1	624
15	1	1	6	25	1	688
15	1	1	6	26	1	655
15	1	1	6	27	1	513
15	1	1	6	28	1	853
15	1	1	6	29	1	814
15	1	1	6	30	1	753
15	1	1	6	31	1	772
15	1	1	6	32	1	647
15	1	1	6	33	1	400
15	1	1	6	34	1	703
15	1	1	6	35	1	506
15	1	1	6	36	1	794
15	1	1	6	37	1	1226
15	1	1	6	38	1	583
15	1	1	6	39	1	998
15	1	1	6	40	0	986
15	1	1	6	41	1	536
15	1	1	6	42	1	532
15	1	1	6	43	1	1035
15	1	1	6	44	1	478
15	1	1	6	45	1	438
15	1	1	6	46	1	1123
15	1	1	6	47	1	526
15	1	1	6	48	1	515
15	1	2	7	1	1	570
15	1	2	7	2	1	681
15	1	2	7	3	1	820
15	1	2	7	4	1	464
15	1	2	7	5	1	433
15	1	2	7	6	1	501
15	1	2	7	7	1	664
15	1	2	7	8	1	554
15	1	2	7	9	1	439
15	1	2	7	10	1	566
15	1	2	7	11	1	513
15	1	2	7	12	1	761
15	1	2	7	13	1	545
15	1	2	7	14	1	466
15	1	2	7	15	0	867
15	1	2	7	16	1	787
15	1	2	7	17	1	654
15	1	2	7	18	0	1272
15	1	2	7	19	1	1134
15	1	2	7	20	1	529
15	1	2	7	21	1	694
15	1	2	7	22	1	892
15	1	2	7	23	0	839
15	1	2	7	24	1	827
15	1	2	7	25	1	584
15	1	2	7	26	1	811
15	1	2	7	27	1	558
15	1	2	7	28	1	567
15	1	2	7	29	1	543
15	1	2	7	30	1	1266
15	1	2	7	31	1	1414
15	1	2	7	32	1	707
15	1	2	7	33	1	540
15	1	2	7	34	1	889
15	1	2	7	35	1	541
15	1	2	7	36	1	555
15	1	2	7	37	1	641
15	1	2	7	38	1	595
15	1	2	7	39	1	853
15	1	2	7	40	1	558
15	1	2	7	41	1	570
15	1	2	7	42	1	865
15	1	2	7	43	0	1013
15	1	2	7	44	1	727
15	1	2	7	45	1	1013
15	1	2	7	46	1	480
15	1	2	7	47	1	559
15	1	2	7	48	1	1199
16	2	1	3	1	1	1964
16	2	1	3	2	1	1747
16	2	1	3	3	1	864
16	2	1	3	4	1	1014
16	2	1	3	5	1	682
16	2	1	3	6	1	996
16	2	1	3	7	1	825
16	2	1	3	8	1	1137
16	2	1	3	9	1	948
16	2	1	3	10	1	770
16	2	1	3	11	1	642
16	2	1	3	12	1	3576
16	2	1	3	13	1	738
16	2	1	3	14	1	1866
16	2	1	3	15	1	786
16	2	1	3	16	1	855
16	2	1	3	17	1	729
16	2	1	3	18	1	705
16	2	1	3	19	1	647
16	2	1	3	20	1	692
16	2	1	3	21	1	718
16	2	1	3	22	1	706
16	2	1	3	23	1	871
16	2	1	3	24	0	2067
16	2	1	3	25	1	1039
16	2	1	3	26	1	4102
16	2	1	3	27	1	582
16	2	1	3	28	1	1470
16	2	1	3	29	1	556
16	2	1	3	30	1	1732
16	2	1	3	31	1	695
16	2	1	3	32	1	846
16	2	1	3	33	1	953
16	2	1	3	34	1	1414
16	2	1	3	35	1	696
16	2	1	3	36	1	556
16	2	1	3	37	1	859
16	2	1	3	38	1	637
16	2	1	3	39	1	873
16	2	1	3	40	1	945
16	2	1	3	41	1	681
16	2	1	3	42	1	1356
16	2	1	3	43	1	944
16	2	1	3	44	1	1804
16	2	1	3	45	1	751
16	2	1	3	46	1	982
16	2	1	3	47	1	974
16	2	1	3	48	1	1242
16	2	2	4	1	1	1056
16	2	2	4	2	1	1385
16	2	2	4	3	1	951
16	2	2	4	4	1	732
16	2	2	4	5	1	569
16	2	2	4	6	1	945
16	2	2	4	7	1	531
16	2	2	4	8	1	846
16	2	2	4	9	1	456
16	2	2	4	10	1	688
16	2	2	4	11	1	863
16	2	2	4	12	1	696
16	2	2	4	13	1	611
16	2	2	4	14	1	621
16	2	2	4	15	1	663
16	2	2	4	16	1	958
16	2	2	4	17	1	671
16	2	2	4	18	1	706
16	2	2	4	19	1	858
16	2	2	4	20	1	619
16	2	2	4	21	1	580
16	2	2	4	22	1	751
16	2	2	4	23	1	773
16	2	2	4	24	1	799
16	2	2	4	25	1	650
16	2	2	4	26	1	1040
16	2	2	4	27	1	1057
16	2	2	4	28	1	897
16	2	2	4	29	1	778
16	2	2	4	30	1	804
16	2	2	4	31	1	698
16	2	2	4	32	1	957
16	2	2	4	33	1	891
16	2	2	4	34	1	895
16	2	2	4	35	1	611
16	2	2	4	36	1	719
16	2	2	4	37	1	790
16	2	2	4	38	1	555
16	2	2	4	39	1	762
16	2	2	4	40	1	745
16	2	2	4	41	1	739
16	2	2	4	42	1	853
16	2	2	4	43	1	879
16	2	2	4	44	0	1620
16	2	2	4	45	1	1523
16	2	2	4	46	1	823
16	2	2	4	47	1	842
16	2	2	4	48	1	934
16	2	1	6	1	1	1128
16	2	1	6	2	1	2116
16	2	1	6	3	0	2137
16	2	1	6	4	1	1148
16	2	1	6	5	1	1212
16	2	1	6	6	1	956
16	2	1	6	7	1	765
16	2	1	6	8	1	898
16	2	1	6	9	1	947
16	2	1	6	10	1	1030
16	2	1	6	11	1	947
16	2	1	6	12	1	934
16	2	1	6	13	1	822
16	2	1	6	14	1	1133
16	2	1	6	15	1	516
16	2	1	6	16	1	538
16	2	1	6	17	1	643
16	2	1	6	18	1	590
16	2	1	6	19	1	788
16	2	1	6	20	1	1093
16	2	1	6	21	1	830
16	2	1	6	22	1	505
16	2	1	6	23	1	455
16	2	1	6	24	1	589
16	2	1	6	25	1	471
16	2	1	6	26	1	777
16	2	1	6	27	1	746
16	2	1	6	28	1	849
16	2	1	6	29	1	473
16	2	1	6	30	1	709
16	2	1	6	31	1	862
16	2	1	6	32	1	515
16	2	1	6	33	1	523
16	2	1	6	34	1	723
16	2	1	6	35	1	893
16	2	1	6	36	1	871
16	2	1	6	37	1	818
16	2	1	6	38	1	641
16	2	1	6	39	1	628
16	2	1	6	40	1	558
16	2	1	6	41	1	586
16	2	1	6	42	1	731
16	2	1	6	43	1	723
16	2	1	6	44	1	462
16	2	1	6	45	1	749
16	2	1	6	46	1	660
16	2	1	6	47	1	707
16	2	1	6	48	1	721
16	2	2	7	1	1	1113
16	2	2	7	2	1	783
16	2	2	7	3	1	519
16	2	2	7	4	0	1166
16	2	2	7	5	1	722
16	2	2	7	6	1	670
16	2	2	7	7	1	1301
16	2	2	7	8	1	1337
16	2	2	7	9	1	895
16	2	2	7	10	1	941
16	2	2	7	11	1	1232
16	2	2	7	12	1	568
16	2	2	7	13	1	611
16	2	2	7	14	1	691
16	2	2	7	15	1	978
16	2	2	7	16	1	611
16	2	2	7	17	1	456
16	2	2	7	18	1	520
16	2	2	7	19	1	690
16	2	2	7	20	1	747
16	2	2	7	21	1	614
16	2	2	7	22	1	1013
16	2	2	7	23	1	1831
16	2	2	7	24	1	966
16	2	2	7	25	1	581
16	2	2	7	26	1	518
16	2	2	7	27	1	443
16	2	2	7	28	1	546
16	2	2	7	29	0	991
16	2	2	7	30	1	533
16	2	2	7	31	1	1069
16	2	2	7	32	1	813
16	2	2	7	33	1	487
16	2	2	7	34	1	474
16	2	2	7	35	1	835
16	2	2	7	36	1	676
16	2	2	7	37	1	656
16	2	2	7	38	1	1230
16	2	2	7	39	1	519
16	2	2	7	40	1	584
16	2	2	7	41	1	464
16	2	2	7	42	1	779
16	2	2	7	43	1	612
16	2	2	7	44	1	526
16	2	2	7	45	1	437
16	2	2	7	46	1	527
16	2	2	7	47	1	604
16	2	2	7	48	1	544
17	1	1	3	1	1	1358
17	1	1	3	2	1	717
17	1	1	3	3	1	699
17	1	1	3	4	1	693
17	1	1	3	5	1	741
17	1	1	3	6	1	646
17	1	1	3	7	1	913
17	1	1	3	8	1	868
17	1	1	3	9	1	699
17	1	1	3	10	1	1066
17	1	1	3	11	1	668
17	1	1	3	12	1	1339
17	1	1	3	13	1	1537
17	1	1	3	14	1	656
17	1	1	3	15	1	604
17	1	1	3	16	1	571
17	1	1	3	17	1	573
17	1	1	3	18	1	565
17	1	1	3	19	1	579
17	1	1	3	20	1	583
17	1	1	3	21	1	669
17	1	1	3	22	1	591
17	1	1	3	23	1	530
17	1	1	3	24	1	567
17	1	1	3	25	1	609
17	1	1	3	26	1	606
17	1	1	3	27	1	653
17	1	1	3	28	1	627
17	1	1	3	29	1	717
17	1	1	3	30	1	1061
17	1	1	3	31	1	876
17	1	1	3	32	1	667
17	1	1	3	33	1	656
17	1	1	3	34	1	1096
17	1	1	3	35	1	930
17	1	1	3	36	1	634
17	1	1	3	37	1	1152
17	1	1	3	38	1	711
17	1	1	3	39	1	547
17	1	1	3	40	1	654
17	1	1	3	41	1	789
17	1	1	3	42	1	954
17	1	1	3	43	1	769
17	1	1	3	44	1	731
17	1	1	3	45	1	822
17	1	1	3	46	1	750
17	1	1	3	47	1	764
17	1	1	3	48	1	648
17	1	2	4	1	1	683
17	1	2	4	2	1	647
17	1	2	4	3	1	1034
17	1	2	4	4	1	670
17	1	2	4	5	1	740
17	1	2	4	6	1	659
17	1	2	4	7	1	674
17	1	2	4	8	1	623
17	1	2	4	9	1	675
17	1	2	4	10	1	676
17	1	2	4	11	1	694
17	1	2	4	12	1	688
17	1	2	4	13	1	666
17	1	2	4	14	1	762
17	1	2	4	15	1	686
17	1	2	4	16	1	837
17	1	2	4	17	1	1248
17	1	2	4	18	1	701
17	1	2	4	19	1	694
17	1	2	4	20	1	662
17	1	2	4	21	1	662
17	1	2	4	22	1	610
17	1	2	4	23	1	806
17	1	2	4	24	1	735
17	1	2	4	25	1	825
17	1	2	4	26	1	677
17	1	2	4	27	1	681
17	1	2	4	28	1	631
17	1	2	4	29	1	589
17	1	2	4	30	1	583
17	1	2	4	31	1	655
17	1	2	4	32	1	588
17	1	2	4	33	1	660
17	1	2	4	34	1	608
17	1	2	4	35	1	603
17	1	2	4	36	1	610
17	1	2	4	37	1	672
17	1	2	4	38	1	636
17	1	2	4	39	1	635
17	1	2	4	40	1	606
17	1	2	4	41	1	801
17	1	2	4	42	1	607
17	1	2	4	43	1	589
17	1	2	4	44	1	662
17	1	2	4	45	1	823
17	1	2	4	46	1	647
17	1	2	4	47	1	805
17	1	2	4	48	1	573
17	1	1	6	1	1	2616
17	1	1	6	2	1	905
17	1	1	6	3	1	900
17	1	1	6	4	1	826
17	1	1	6	5	1	837
17	1	1	6	6	1	1702
17	1	1	6	7	1	761
17	1	1	6	8	0	2419
17	1	1	6	9	0	3619
17	1	1	6	10	1	1925
17	1	1	6	11	1	682
17	1	1	6	12	1	1192
17	1	1	6	13	1	3184
17	1	1	6	14	1	1642
17	1	1	6	15	1	802
17	1	1	6	16	1	1327
17	1	1	6	17	1	726
17	1	1	6	18	1	1363
17	1	1	6	19	1	764
17	1	1	6	20	1	780
17	1	1	6	21	1	637
17	1	1	6	22	1	1516
17	1	1	6	23	1	791
17	1	1	6	24	1	1209
17	1	1	6	25	1	964
17	1	1	6	26	1	754
17	1	1	6	27	1	688
17	1	1	6	28	1	720
17	1	1	6	29	1	637
17	1	1	6	30	1	874
17	1	1	6	31	1	1143
17	1	1	6	32	1	769
17	1	1	6	33	1	2664
17	1	1	6	34	1	707
17	1	1	6	35	1	649
17	1	1	6	36	1	769
17	1	1	6	37	1	823
17	1	1	6	38	1	633
17	1	1	6	39	1	2031
17	1	1	6	40	1	844
17	1	1	6	41	1	457
17	1	1	6	42	1	832
17	1	1	6	43	1	777
17	1	1	6	44	1	795
17	1	1	6	45	1	629
17	1	1	6	46	1	614
17	1	1	6	47	1	649
17	1	1	6	48	1	607
17	1	2	7	1	1	882
17	1	2	7	2	1	581
17	1	2	7	3	1	625
17	1	2	7	4	1	689
17	1	2	7	5	1	908
17	1	2	7	6	1	623
17	1	2	7	7	1	633
17	1	2	7	8	1	513
17	1	2	7	9	1	562
17	1	2	7	10	1	751
17	1	2	7	11	1	630
17	1	2	7	12	1	535
17	1	2	7	13	1	574
17	1	2	7	14	1	511
17	1	2	7	15	1	736
17	1	2	7	16	1	533
17	1	2	7	17	1	652
17	1	2	7	18	1	520
17	1	2	7	19	1	663
17	1	2	7	20	1	544
17	1	2	7	21	1	517
17	1	2	7	22	1	527
17	1	2	7	23	1	629
17	1	2	7	24	1	762
17	1	2	7	25	1	578
17	1	2	7	26	1	622
17	1	2	7	27	1	752
17	1	2	7	28	1	631
17	1	2	7	29	1	683
17	1	2	7	30	1	528
17	1	2	7	31	1	673
17	1	2	7	32	1	648
17	1	2	7	33	1	622
17	1	2	7	34	1	632
17	1	2	7	35	1	565
17	1	2	7	36	1	1207
17	1	2	7	37	1	1682
17	1	2	7	38	1	620
17	1	2	7	39	1	562
17	1	2	7	40	1	511
17	1	2	7	41	1	508
17	1	2	7	42	1	675
17	1	2	7	43	1	691
17	1	2	7	44	1	645
17	1	2	7	45	1	432
17	1	2	7	46	1	577
17	1	2	7	47	1	540
17	1	2	7	48	0	1341
18	2	1	3	1	1	1105
18	2	1	3	2	0	2485
18	2	1	3	3	1	1367
18	2	1	3	4	1	957
18	2	1	3	5	1	744
18	2	1	3	6	1	437
18	2	1	3	7	1	1136
18	2	1	3	8	1	759
18	2	1	3	9	1	584
18	2	1	3	10	1	639
18	2	1	3	11	1	540
18	2	1	3	12	1	633
18	2	1	3	13	1	491
18	2	1	3	14	1	958
18	2	1	3	15	1	529
18	2	1	3	16	1	572
18	2	1	3	17	1	549
18	2	1	3	18	1	462
18	2	1	3	19	1	880
18	2	1	3	20	0	2215
18	2	1	3	21	1	1539
18	2	1	3	22	1	656
18	2	1	3	23	1	674
18	2	1	3	24	1	541
18	2	1	3	25	1	636
18	2	1	3	26	1	654
18	2	1	3	27	1	507
18	2	1	3	28	1	1438
18	2	1	3	29	1	736
18	2	1	3	30	1	719
18	2	1	3	31	1	571
18	2	1	3	32	1	481
18	2	1	3	33	1	419
18	2	1	3	34	1	854
18	2	1	3	35	1	615
18	2	1	3	36	1	487
18	2	1	3	37	1	827
18	2	1	3	38	1	786
18	2	1	3	39	0	1594
18	2	1	3	40	1	967
18	2	1	3	41	1	1401
18	2	1	3	42	1	651
18	2	1	3	43	0	894
18	2	1	3	44	1	658
18	2	1	3	45	1	784
18	2	1	3	46	1	584
18	2	1	3	47	1	651
18	2	1	3	48	1	663
18	2	2	4	1	1	809
18	2	2	4	2	1	1308
18	2	2	4	3	1	729
18	2	2	4	4	1	587
18	2	2	4	5	1	842
18	2	2	4	6	1	529
18	2	2	4	7	1	427
18	2	2	4	8	1	600
18	2	2	4	9	1	435
18	2	2	4	10	1	665
18	2	2	4	11	1	580
18	2	2	4	12	0	1556
18	2	2	4	13	1	1564
18	2	2	4	14	1	527
18	2	2	4	15	1	533
18	2	2	4	16	1	581
18	2	2	4	17	1	582
18	2	2	4	18	1	756
18	2	2	4	19	1	474
18	2	2	4	20	1	408
18	2	2	4	21	1	502
18	2	2	4	22	1	477
18	2	2	4	23	1	490
18	2	2	4	24	1	677
18	2	2	4	25	1	558
18	2	2	4	26	1	489
18	2	2	4	27	1	929
18	2	2	4	28	1	813
18	2	2	4	29	1	615
18	2	2	4	30	1	501
18	2	2	4	31	1	572
18	2	2	4	32	1	828
18	2	2	4	33	1	600
18	2	2	4	34	1	435
18	2	2	4	35	1	560
18	2	2	4	36	1	597
18	2	2	4	37	1	594
18	2	2	4	38	1	465
18	2	2	4	39	1	700
18	2	2	4	40	1	489
18	2	2	4	41	1	489
18	2	2	4	42	1	828
18	2	2	4	43	1	1109
18	2	2	4	44	1	625
18	2	2	4	45	1	516
18	2	2	4	46	1	382
18	2	2	4	47	1	674
18	2	2	4	48	1	475
18	2	1	6	1	1	956
18	2	1	6	2	1	834
18	2	1	6	3	1	598
18	2	1	6	4	1	447
18	2	1	6	5	1	683
18	2	1	6	6	1	409
18	2	1	6	7	1	557
18	2	1	6	8	1	540
18	2	1	6	9	1	515
18	2	1	6	10	1	501
18	2	1	6	11	1	557
18	2	1	6	12	1	502
18	2	1	6	13	1	546
18	2	1	6	14	1	480
18	2	1	6	15	1	749
18	2	1	6	16	1	488
18	2	1	6	17	1	600
18	2	1	6	18	1	598
18	2	1	6	19	1	526
18	2	1	6	20	1	477
18	2	1	6	21	1	505
18	2	1	6	22	1	426
18	2	1	6	23	1	451
18	2	1	6	24	1	476
18	2	1	6	25	1	464
18	2	1	6	26	1	456
18	2	1	6	27	1	660
18	2	1	6	28	1	719
18	2	1	6	29	1	692
18	2	1	6	30	1	531
18	2	1	6	31	1	528
18	2	1	6	32	1	478
18	2	1	6	33	1	520
18	2	1	6	34	1	558
18	2	1	6	35	1	758
18	2	1	6	36	1	476
18	2	1	6	37	1	410
18	2	1	6	38	1	502
18	2	1	6	39	1	479
18	2	1	6	40	1	1350
18	2	1	6	41	1	449
18	2	1	6	42	1	462
18	2	1	6	43	1	642
18	2	1	6	44	1	503
18	2	1	6	45	1	519
18	2	1	6	46	1	476
18	2	1	6	47	1	1255
18	2	1	6	48	1	442
18	2	2	7	1	1	595
18	2	2	7	2	1	600
18	2	2	7	3	0	975
18	2	2	7	4	1	1350
18	2	2	7	5	1	409
18	2	2	7	6	1	517
18	2	2	7	7	1	463
18	2	2	7	8	1	467
18	2	2	7	9	1	518
18	2	2	7	10	1	529
18	2	2	7	11	1	1043
18	2	2	7	12	1	505
18	2	2	7	13	1	439
18	2	2	7	14	1	380
18	2	2	7	15	1	509
18	2	2	7	16	1	517
18	2	2	7	17	1	677
18	2	2	7	18	1	451
18	2	2	7	19	1	596
18	2	2	7	20	1	535
18	2	2	7	21	1	477
18	2	2	7	22	1	705
18	2	2	7	23	1	590
18	2	2	7	24	1	447
18	2	2	7	25	1	627
18	2	2	7	26	1	466
18	2	2	7	27	1	489
18	2	2	7	28	1	453
18	2	2	7	29	1	613
18	2	2	7	30	1	630
18	2	2	7	31	1	480
18	2	2	7	32	1	975
18	2	2	7	33	1	1348
18	2	2	7	34	1	514
18	2	2	7	35	1	569
18	2	2	7	36	1	530
18	2	2	7	37	1	427
18	2	2	7	38	1	519
18	2	2	7	39	1	573
18	2	2	7	40	1	460
18	2	2	7	41	1	545
18	2	2	7	42	1	571
18	2	2	7	43	1	655
18	2	2	7	44	1	549
18	2	2	7	45	1	716
18	2	2	7	46	0	1081
18	2	2	7	47	1	572
18	2	2	7	48	1	1861
19	1	1	3	1	1	462
19	1	1	3	2	1	468
19	1	1	3	3	1	386
19	1	1	3	4	1	441
19	1	1	3	5	0	656
19	1	1	3	6	1	486
19	1	1	3	7	1	578
19	1	1	3	8	1	564
19	1	1	3	9	1	514
19	1	1	3	10	1	581
19	1	1	3	11	1	512
19	1	1	3	12	1	471
19	1	1	3	13	1	430
19	1	1	3	14	1	635
19	1	1	3	15	1	468
19	1	1	3	16	1	467
19	1	1	3	17	1	487
19	1	1	3	18	1	567
19	1	1	3	19	1	679
19	1	1	3	20	1	620
19	1	1	3	21	1	483
19	1	1	3	22	1	461
19	1	1	3	23	1	318
19	1	1	3	24	1	400
19	1	1	3	25	1	433
19	1	1	3	26	1	571
19	1	1	3	27	1	524
19	1	1	3	28	1	368
19	1	1	3	29	1	412
19	1	1	3	30	1	417
19	1	1	3	31	1	516
19	1	1	3	32	1	583
19	1	1	3	33	1	515
19	1	1	3	34	1	649
19	1	1	3	35	1	858
19	1	1	3	36	1	378
19	1	1	3	37	1	374
19	1	1	3	38	1	554
19	1	1	3	39	1	320
19	1	1	3	40	1	470
19	1	1	3	41	1	401
19	1	1	3	42	0	711
19	1	1	3	43	1	538
19	1	1	3	44	1	580
19	1	1	3	45	1	403
19	1	1	3	46	1	536
19	1	1	3	47	1	387
19	1	1	3	48	1	553
19	1	2	4	1	1	460
19	1	2	4	2	1	563
19	1	2	4	3	1	499
19	1	2	4	4	1	499
19	1	2	4	5	1	556
19	1	2	4	6	1	362
19	1	2	4	7	0	788
19	1	2	4	8	1	512
19	1	2	4	9	1	485
19	1	2	4	10	1	507
19	1	2	4	11	1	432
19	1	2	4	12	0	642
19	1	2	4	13	1	501
19	1	2	4	14	1	844
19	1	2	4	15	1	484
19	1	2	4	16	1	475
19	1	2	4	17	1	365
19	1	2	4	18	1	473
19	1	2	4	19	1	499
19	1	2	4	20	1	570
19	1	2	4	21	1	564
19	1	2	4	22	1	609
19	1	2	4	23	1	627
19	1	2	4	24	1	427
19	1	2	4	25	1	548
19	1	2	4	26	1	584
19	1	2	4	27	1	899
19	1	2	4	28	1	554
19	1	2	4	29	1	730
19	1	2	4	30	1	596
19	1	2	4	31	1	757
19	1	2	4	32	1	568
19	1	2	4	33	1	385
19	1	2	4	34	1	427
19	1	2	4	35	1	497
19	1	2	4	36	1	455
19	1	2	4	37	1	268
19	1	2	4	38	0	882
19	1	2	4	39	1	541
19	1	2	4	40	1	529
19	1	2	4	41	1	580
19	1	2	4	42	1	483
19	1	2	4	43	1	420
19	1	2	4	44	1	470
19	1	2	4	45	1	470
19	1	2	4	46	1	1112
19	1	2	4	47	1	509
19	1	2	4	48	1	604
19	1	1	6	1	1	666
19	1	1	6	2	1	571
19	1	1	6	3	1	416
19	1	1	6	4	1	527
19	1	1	6	5	1	429
19	1	1	6	6	1	388
19	1	1	6	7	1	702
19	1	1	6	8	1	591
19	1	1	6	9	0	1407
19	1	1	6	10	1	501
19	1	1	6	11	1	563
19	1	1	6	12	1	470
19	1	1	6	13	1	621
19	1	1	6	14	1	648
19	1	1	6	15	1	487
19	1	1	6	16	1	618
19	1	1	6	17	1	798
19	1	1	6	18	1	582
19	1	1	6	19	1	526
19	1	1	6	20	1	535
19	1	1	6	21	1	687
19	1	1	6	22	1	485
19	1	1	6	23	0	1308
19	1	1	6	24	1	2813
19	1	1	6	25	1	690
19	1	1	6	26	0	1502
19	1	1	6	27	1	482
19	1	1	6	28	1	431
19	1	1	6	29	1	651
19	1	1	6	30	0	825
19	1	1	6	31	1	925
19	1	1	6	32	1	502
19	1	1	6	33	1	769
19	1	1	6	34	1	496
19	1	1	6	35	1	513
19	1	1	6	36	1	676
19	1	1	6	37	1	548
19	1	1	6	38	1	527
19	1	1	6	39	1	578
19	1	1	6	40	0	1006
19	1	1	6	41	1	691
19	1	1	6	42	1	625
19	1	1	6	43	1	569
19	1	1	6	44	1	989
19	1	1	6	45	1	1032
19	1	1	6	46	1	460
19	1	1	6	47	1	728
19	1	1	6	48	0	1550
19	1	2	7	1	1	677
19	1	2	7	2	1	524
19	1	2	7	3	1	486
19	1	2	7	4	0	1407
19	1	2	7	5	1	1212
19	1	2	7	6	1	1003
19	1	2	7	7	1	1016
19	1	2	7	8	1	489
19	1	2	7	9	1	308
19	1	2	7	10	1	419
19	1	2	7	11	1	700
19	1	2	7	12	0	1502
19	1	2	7	13	1	701
19	1	2	7	14	1	1834
19	1	2	7	15	1	955
19	1	2	7	16	1	771
19	1	2	7	17	1	636
19	1	2	7	18	1	879
19	1	2	7	19	1	990
19	1	2	7	20	1	472
19	1	2	7	21	0	940
19	1	2	7	22	1	513
19	1	2	7	23	1	1249
19	1	2	7	24	1	954
19	1	2	7	25	1	497
19	1	2	7	26	1	499
19	1	2	7	27	0	1461
19	1	2	7	28	1	577
19	1	2	7	29	0	1264
19	1	2	7	30	0	1582
19	1	2	7	31	1	502
19	1	2	7	32	1	494
19	1	2	7	33	1	688
19	1	2	7	34	1	648
19	1	2	7	35	1	1035
19	1	2	7	36	1	550
19	1	2	7	37	1	405
19	1	2	7	38	1	458
19	1	2	7	39	1	637
19	1	2	7	40	1	497
19	1	2	7	41	1	679
19	1	2	7	42	1	496
19	1	2	7	43	1	757
19	1	2	7	44	1	844
19	1	2	7	45	1	838
19	1	2	7	46	1	457
19	1	2	7	47	1	677
19	1	2	7	48	1	564
20	2	1	3	1	1	1828
20	2	1	3	2	1	2199
20	2	1	3	3	1	1152
20	2	1	3	4	1	1538
20	2	1	3	5	1	1067
20	2	1	3	6	1	1176
20	2	1	3	7	1	955
20	2	1	3	8	1	863
20	2	1	3	9	0	1466
20	2	1	3	10	0	1971
20	2	1	3	11	1	3106
20	2	1	3	12	1	2497
20	2	1	3	13	1	659
20	2	1	3	14	1	973
20	2	1	3	15	1	731
20	2	1	3	16	1	1028
20	2	1	3	17	1	658
20	2	1	3	18	1	1331
20	2	1	3	19	1	1346
20	2	1	3	20	1	1600
20	2	1	3	21	1	1430
20	2	1	3	22	1	1174
20	2	1	3	23	1	925
20	2	1	3	24	1	1369
20	2	1	3	25	1	963
20	2	1	3	26	0	1168
20	2	1	3	27	1	1601
20	2	1	3	28	1	2025
20	2	1	3	29	1	1170
20	2	1	3	30	0	1146
20	2	1	3	31	1	1741
20	2	1	3	32	1	1346
20	2	1	3	33	1	962
20	2	1	3	34	1	844
20	2	1	3	35	1	872
20	2	1	3	36	1	653
20	2	1	3	37	1	948
20	2	1	3	38	1	769
20	2	1	3	39	0	1287
20	2	1	3	40	1	1326
20	2	1	3	41	1	996
20	2	1	3	42	1	1118
20	2	1	3	43	1	1122
20	2	1	3	44	1	1435
20	2	1	3	45	1	820
20	2	1	3	46	1	827
20	2	1	3	47	1	669
20	2	1	3	48	1	898
20	2	2	4	1	1	1333
20	2	2	4	2	1	1170
20	2	2	4	3	1	740
20	2	2	4	4	1	1178
20	2	2	4	5	0	1671
20	2	2	4	6	1	2417
20	2	2	4	7	1	521
20	2	2	4	8	1	809
20	2	2	4	9	1	649
20	2	2	4	10	1	571
20	2	2	4	11	1	1558
20	2	2	4	12	1	921
20	2	2	4	13	1	503
20	2	2	4	14	1	524
20	2	2	4	15	1	910
20	2	2	4	16	1	682
20	2	2	4	17	1	598
20	2	2	4	18	1	733
20	2	2	4	19	1	947
20	2	2	4	20	1	1768
20	2	2	4	21	0	1271
20	2	2	4	22	1	1931
20	2	2	4	23	1	1098
20	2	2	4	24	1	685
20	2	2	4	25	1	572
20	2	2	4	26	1	631
20	2	2	4	27	1	1480
20	2	2	4	28	1	898
20	2	2	4	29	0	1021
20	2	2	4	30	1	1180
20	2	2	4	31	1	1477
20	2	2	4	32	1	2239
20	2	2	4	33	1	907
20	2	2	4	34	1	639
20	2	2	4	35	1	811
20	2	2	4	36	1	692
20	2	2	4	37	1	581
20	2	2	4	38	1	767
20	2	2	4	39	1	1610
20	2	2	4	40	1	679
20	2	2	4	41	1	733
20	2	2	4	42	1	682
20	2	2	4	43	1	957
20	2	2	4	44	1	1212
20	2	2	4	45	1	1000
20	2	2	4	46	1	1485
20	2	2	4	47	1	2374
20	2	2	4	48	0	1488
20	2	1	6	1	1	1123
20	2	1	6	2	1	685
20	2	1	6	3	1	502
20	2	1	6	4	1	534
20	2	1	6	5	1	852
20	2	1	6	6	1	561
20	2	1	6	7	1	493
20	2	1	6	8	1	690
20	2	1	6	9	1	994
20	2	1	6	10	1	1227
20	2	1	6	11	1	627
20	2	1	6	12	1	642
20	2	1	6	13	1	729
20	2	1	6	14	1	804
20	2	1	6	15	1	698
20	2	1	6	16	1	434
20	2	1	6	17	1	483
20	2	1	6	18	1	584
20	2	1	6	19	1	752
20	2	1	6	20	1	599
20	2	1	6	21	1	651
20	2	1	6	22	1	473
20	2	1	6	23	1	656
20	2	1	6	24	1	552
20	2	1	6	25	1	512
20	2	1	6	26	1	715
20	2	1	6	27	1	773
20	2	1	6	28	1	494
20	2	1	6	29	1	416
20	2	1	6	30	1	602
20	2	1	6	31	1	570
20	2	1	6	32	1	421
20	2	1	6	33	1	580
20	2	1	6	34	0	963
20	2	1	6	35	1	1680
20	2	1	6	36	1	610
20	2	1	6	37	1	608
20	2	1	6	38	1	1061
20	2	1	6	39	1	752
20	2	1	6	40	1	1871
20	2	1	6	41	1	530
20	2	1	6	42	1	444
20	2	1	6	43	0	859
20	2	1	6	44	1	628
20	2	1	6	45	1	1973
20	2	1	6	46	1	690
20	2	1	6	47	1	646
20	2	1	6	48	1	638
20	2	2	7	1	1	1058
20	2	2	7	2	1	485
20	2	2	7	3	1	447
20	2	2	7	4	0	612
20	2	2	7	5	1	821
20	2	2	7	6	1	802
20	2	2	7	7	1	1112
20	2	2	7	8	1	812
20	2	2	7	9	1	724
20	2	2	7	10	1	1433
20	2	2	7	11	1	609
20	2	2	7	12	1	553
20	2	2	7	13	1	692
20	2	2	7	14	1	581
20	2	2	7	15	1	922
20	2	2	7	16	1	573
20	2	2	7	17	1	522
20	2	2	7	18	1	1461
20	2	2	7	19	0	768
20	2	2	7	20	1	632
20	2	2	7	21	1	1102
20	2	2	7	22	1	3203
20	2	2	7	23	1	854
20	2	2	7	24	0	927
20	2	2	7	25	1	2314
20	2	2	7	26	1	624
20	2	2	7	27	1	695
20	2	2	7	28	1	582
20	2	2	7	29	1	491
20	2	2	7	30	1	509
20	2	2	7	31	1	1904
20	2	2	7	32	1	789
20	2	2	7	33	1	1055
20	2	2	7	34	1	521
20	2	2	7	35	0	1132
20	2	2	7	36	0	1242
20	2	2	7	37	1	676
20	2	2	7	38	1	797
20	2	2	7	39	1	511
20	2	2	7	40	1	435
20	2	2	7	41	1	553
20	2	2	7	42	1	776
20	2	2	7	43	1	485
20	2	2	7	44	1	753
20	2	2	7	45	1	528
20	2	2	7	46	1	651
20	2	2	7	47	1	1112
20	2	2	7	48	0	1454
21	1	1	3	1	1	948
21	1	1	3	2	1	1356
21	1	1	3	3	1	634
21	1	1	3	4	1	1213
21	1	1	3	5	1	803
21	1	1	3	6	1	934
21	1	1	3	7	1	1186
21	1	1	3	8	1	986
21	1	1	3	9	1	707
21	1	1	3	10	1	902
21	1	1	3	11	1	691
21	1	1	3	12	1	851
21	1	1	3	13	1	972
21	1	1	3	14	1	901
21	1	1	3	15	1	879
21	1	1	3	16	1	881
21	1	1	3	17	1	552
21	1	1	3	18	1	1255
21	1	1	3	19	1	1404
21	1	1	3	20	1	961
21	1	1	3	21	1	639
21	1	1	3	22	1	835
21	1	1	3	23	1	1039
21	1	1	3	24	1	767
21	1	1	3	25	1	1213
21	1	1	3	26	1	629
21	1	1	3	27	1	813
21	1	1	3	28	1	882
21	1	1	3	29	1	688
21	1	1	3	30	1	736
21	1	1	3	31	1	1108
21	1	1	3	32	1	716
21	1	1	3	33	1	929
21	1	1	3	34	1	841
21	1	1	3	35	1	610
21	1	1	3	36	1	1133
21	1	1	3	37	1	690
21	1	1	3	38	1	740
21	1	1	3	39	1	554
21	1	1	3	40	1	868
21	1	1	3	41	1	543
21	1	1	3	42	1	906
21	1	1	3	43	1	1010
21	1	1	3	44	1	678
21	1	1	3	45	1	1054
21	1	1	3	46	1	626
21	1	1	3	47	1	838
21	1	1	3	48	1	829
21	1	2	4	1	1	2499
21	1	2	4	2	1	2068
21	1	2	4	3	1	1080
21	1	2	4	4	1	1430
21	1	2	4	5	1	775
21	1	2	4	6	1	891
21	1	2	4	7	1	917
21	1	2	4	8	1	1387
21	1	2	4	9	1	614
21	1	2	4	10	1	1020
21	1	2	4	11	1	573
21	1	2	4	12	1	569
21	1	2	4	13	1	463
21	1	2	4	14	1	1632
21	1	2	4	15	1	609
21	1	2	4	16	1	610
21	1	2	4	17	0	1150
21	1	2	4	18	1	614
21	1	2	4	19	1	619
21	1	2	4	20	1	479
21	1	2	4	21	1	1362
21	1	2	4	22	1	680
21	1	2	4	23	1	764
21	1	2	4	24	1	614
21	1	2	4	25	1	552
21	1	2	4	26	1	666
21	1	2	4	27	1	797
21	1	2	4	28	1	734
21	1	2	4	29	1	636
21	1	2	4	30	1	667
21	1	2	4	31	1	865
21	1	2	4	32	1	525
21	1	2	4	33	1	570
21	1	2	4	34	1	867
21	1	2	4	35	1	705
21	1	2	4	36	1	1310
21	1	2	4	37	1	544
21	1	2	4	38	1	733
21	1	2	4	39	1	783
21	1	2	4	40	1	569
21	1	2	4	41	1	679
21	1	2	4	42	1	652
21	1	2	4	43	1	571
21	1	2	4	44	1	736
21	1	2	4	45	1	572
21	1	2	4	46	1	735
21	1	2	4	47	1	770
21	1	2	4	48	1	613
21	1	1	6	1	1	1988
21	1	1	6	2	1	1031
21	1	1	6	3	1	1398
21	1	1	6	4	1	953
21	1	1	6	5	1	1084
21	1	1	6	6	1	878
21	1	1	6	7	1	892
21	1	1	6	8	1	1213
21	1	1	6	9	1	1297
21	1	1	6	10	1	1996
21	1	1	6	11	1	895
21	1	1	6	12	1	1013
21	1	1	6	13	1	549
21	1	1	6	14	1	876
21	1	1	6	15	0	1551
21	1	1	6	16	1	1016
21	1	1	6	17	1	798
21	1	1	6	18	1	956
21	1	1	6	19	1	1061
21	1	1	6	20	1	1751
21	1	1	6	21	1	1294
21	1	1	6	22	1	987
21	1	1	6	23	1	974
21	1	1	6	24	1	1359
21	1	1	6	25	1	985
21	1	1	6	26	1	1027
21	1	1	6	27	1	827
21	1	1	6	28	1	770
21	1	1	6	29	1	856
21	1	1	6	30	1	1208
21	1	1	6	31	1	1145
21	1	1	6	32	0	1487
21	1	1	6	33	1	1515
21	1	1	6	34	1	1653
21	1	1	6	35	1	815
21	1	1	6	36	1	808
21	1	1	6	37	1	863
21	1	1	6	38	1	1110
21	1	1	6	39	1	1160
21	1	1	6	40	1	948
21	1	1	6	41	1	781
21	1	1	6	42	1	862
21	1	1	6	43	1	933
21	1	1	6	44	1	905
21	1	1	6	45	1	669
21	1	1	6	46	1	1000
21	1	1	6	47	1	837
21	1	1	6	48	1	718
21	1	2	7	1	1	784
21	1	2	7	2	1	785
21	1	2	7	3	1	811
21	1	2	7	4	1	760
21	1	2	7	5	1	758
21	1	2	7	6	0	1309
21	1	2	7	7	1	1084
21	1	2	7	8	1	638
21	1	2	7	9	1	548
21	1	2	7	10	1	969
21	1	2	7	11	1	650
21	1	2	7	12	1	730
21	1	2	7	13	1	815
21	1	2	7	14	0	1321
21	1	2	7	15	1	594
21	1	2	7	16	1	1253
21	1	2	7	17	1	761
21	1	2	7	18	1	827
21	1	2	7	19	1	785
21	1	2	7	20	1	866
21	1	2	7	21	1	1305
21	1	2	7	22	1	807
21	1	2	7	23	1	862
21	1	2	7	24	1	762
21	1	2	7	25	1	774
21	1	2	7	26	1	850
21	1	2	7	27	1	555
21	1	2	7	28	1	680
21	1	2	7	29	1	1405
21	1	2	7	30	1	976
21	1	2	7	31	1	626
21	1	2	7	32	1	2082
21	1	2	7	33	1	863
21	1	2	7	34	1	963
21	1	2	7	35	1	763
21	1	2	7	36	1	881
21	1	2	7	37	1	795
21	1	2	7	38	1	761
21	1	2	7	39	1	1227
21	1	2	7	40	1	1200
21	1	2	7	41	1	718
21	1	2	7	42	1	945
21	1	2	7	43	1	680
21	1	2	7	44	1	749
21	1	2	7	45	1	596
21	1	2	7	46	1	734
21	1	2	7	47	1	729
21	1	2	7	48	1	788
22	2	1	3	1	1	4538
22	2	1	3	2	1	1326
22	2	1	3	3	1	2766
22	2	1	3	4	1	1035
22	2	1	3	5	1	1983
22	2	1	3	6	1	1403
22	2	1	3	7	1	1156
22	2	1	3	8	0	5484
22	2	1	3	9	1	1746
22	2	1	3	10	1	2031
22	2	1	3	11	1	923
22	2	1	3	12	1	1306
22	2	1	3	13	1	850
22	2	1	3	14	1	1172
22	2	1	3	15	1	1097
22	2	1	3	16	1	1023
22	2	1	3	17	1	943
22	2	1	3	18	1	1357
22	2	1	3	19	1	1118
22	2	1	3	20	1	1302
22	2	1	3	21	0	1754
22	2	1	3	22	1	1134
22	2	1	3	23	1	1051
22	2	1	3	24	1	919
22	2	1	3	25	1	783
22	2	1	3	26	1	1164
22	2	1	3	27	1	1061
22	2	1	3	28	1	1676
22	2	1	3	29	1	790
22	2	1	3	30	1	875
22	2	1	3	31	1	1640
22	2	1	3	32	1	826
22	2	1	3	33	1	783
22	2	1	3	34	1	817
22	2	1	3	35	1	1121
22	2	1	3	36	1	1479
22	2	1	3	37	1	1016
22	2	1	3	38	1	813
22	2	1	3	39	1	956
22	2	1	3	40	0	1562
22	2	1	3	41	1	1409
22	2	1	3	42	1	1432
22	2	1	3	43	1	2071
22	2	1	3	44	1	917
22	2	1	3	45	1	1381
22	2	1	3	46	1	786
22	2	1	3	47	0	1422
22	2	1	3	48	1	875
22	2	2	4	1	1	791
22	2	2	4	2	1	799
22	2	2	4	3	1	1766
22	2	2	4	4	1	876
22	2	2	4	5	1	735
22	2	2	4	6	1	615
22	2	2	4	7	1	718
22	2	2	4	8	1	690
22	2	2	4	9	1	751
22	2	2	4	10	1	686
22	2	2	4	11	1	783
22	2	2	4	12	1	1003
22	2	2	4	13	0	1561
22	2	2	4	14	1	915
22	2	2	4	15	1	1180
22	2	2	4	16	1	864
22	2	2	4	17	0	1112
22	2	2	4	18	1	1126
22	2	2	4	19	1	952
22	2	2	4	20	1	1154
22	2	2	4	21	1	996
22	2	2	4	22	1	870
22	2	2	4	23	0	1143
22	2	2	4	24	1	948
22	2	2	4	25	1	776
22	2	2	4	26	1	1115
22	2	2	4	27	1	952
22	2	2	4	28	1	846
22	2	2	4	29	1	740
22	2	2	4	30	0	1224
22	2	2	4	31	1	1306
22	2	2	4	32	1	1034
22	2	2	4	33	1	860
22	2	2	4	34	1	769
22	2	2	4	35	1	895
22	2	2	4	36	1	996
22	2	2	4	37	1	1765
22	2	2	4	38	1	1275
22	2	2	4	39	1	958
22	2	2	4	40	1	815
22	2	2	4	41	1	719
22	2	2	4	42	1	1729
22	2	2	4	43	1	1808
22	2	2	4	44	1	2927
22	2	2	4	45	1	939
22	2	2	4	46	1	859
22	2	2	4	47	1	820
22	2	2	4	48	1	832
22	2	1	6	1	1	1254
22	2	1	6	2	1	1015
22	2	1	6	3	1	691
22	2	1	6	4	1	805
22	2	1	6	5	1	976
22	2	1	6	6	1	595
22	2	1	6	7	1	816
22	2	1	6	8	1	905
22	2	1	6	9	1	1075
22	2	1	6	10	0	1723
22	2	1	6	11	1	977
22	2	1	6	12	1	823
22	2	1	6	13	1	835
22	2	1	6	14	1	848
22	2	1	6	15	1	902
22	2	1	6	16	1	884
22	2	1	6	17	1	1036
22	2	1	6	18	1	1197
22	2	1	6	19	1	1471
22	2	1	6	20	0	1492
22	2	1	6	21	1	915
22	2	1	6	22	1	939
22	2	1	6	23	1	633
22	2	1	6	24	1	766
22	2	1	6	25	1	543
22	2	1	6	26	1	838
22	2	1	6	27	1	756
22	2	1	6	28	1	718
22	2	1	6	29	1	555
22	2	1	6	30	1	678
22	2	1	6	31	1	657
22	2	1	6	32	1	766
22	2	1	6	33	1	583
22	2	1	6	34	1	641
22	2	1	6	35	1	804
22	2	1	6	36	1	799
22	2	1	6	37	1	927
22	2	1	6	38	1	591
22	2	1	6	39	1	677
22	2	1	6	40	1	697
22	2	1	6	41	1	664
22	2	1	6	42	1	841
22	2	1	6	43	1	951
22	2	1	6	44	1	1166
22	2	1	6	45	1	516
22	2	1	6	46	1	1513
22	2	1	6	47	1	803
22	2	1	6	48	1	1066
22	2	2	7	1	1	779
22	2	2	7	2	1	637
22	2	2	7	3	1	676
22	2	2	7	4	1	667
22	2	2	7	5	1	538
22	2	2	7	6	1	605
22	2	2	7	7	1	535
22	2	2	7	8	1	575
22	2	2	7	9	1	635
22	2	2	7	10	1	566
22	2	2	7	11	1	703
22	2	2	7	12	1	566
22	2	2	7	13	1	582
22	2	2	7	14	1	695
22	2	2	7	15	1	784
22	2	2	7	16	1	657
22	2	2	7	17	1	859
22	2	2	7	18	1	556
22	2	2	7	19	1	609
22	2	2	7	20	1	567
22	2	2	7	21	1	569
22	2	2	7	22	0	1322
22	2	2	7	23	1	1111
22	2	2	7	24	1	655
22	2	2	7	25	1	589
22	2	2	7	26	1	557
22	2	2	7	27	1	692
22	2	2	7	28	1	458
22	2	2	7	29	1	901
22	2	2	7	30	1	564
22	2	2	7	31	1	648
22	2	2	7	32	1	514
22	2	2	7	33	1	658
22	2	2	7	34	1	514
22	2	2	7	35	1	1126
22	2	2	7	36	1	629
22	2	2	7	37	1	536
22	2	2	7	38	0	1047
22	2	2	7	39	1	1332
22	2	2	7	40	1	824
22	2	2	7	41	1	969
22	2	2	7	42	1	544
22	2	2	7	43	1	531
22	2	2	7	44	1	598
22	2	2	7	45	1	593
22	2	2	7	46	1	653
22	2	2	7	47	1	520
22	2	2	7	48	1	1411
23	1	1	3	1	1	853
23	1	1	3	2	1	534
23	1	1	3	3	1	533
23	1	1	3	4	1	759
23	1	1	3	5	1	542
23	1	1	3	6	1	835
23	1	1	3	7	1	534
23	1	1	3	8	1	665
23	1	1	3	9	1	518
23	1	1	3	10	1	654
23	1	1	3	11	1	882
23	1	1	3	12	1	559
23	1	1	3	13	1	541
23	1	1	3	14	1	673
23	1	1	3	15	1	686
23	1	1	3	16	1	467
23	1	1	3	17	1	706
23	1	1	3	18	1	686
23	1	1	3	19	1	774
23	1	1	3	20	1	1074
23	1	1	3	21	1	473
23	1	1	3	22	1	484
23	1	1	3	23	1	414
23	1	1	3	24	1	555
23	1	1	3	25	1	671
23	1	1	3	26	1	564
23	1	1	3	27	1	582
23	1	1	3	28	1	624
23	1	1	3	29	1	513
23	1	1	3	30	1	583
23	1	1	3	31	1	692
23	1	1	3	32	1	648
23	1	1	3	33	1	650
23	1	1	3	34	1	531
23	1	1	3	35	1	906
23	1	1	3	36	1	551
23	1	1	3	37	1	814
23	1	1	3	38	1	688
23	1	1	3	39	1	470
23	1	1	3	40	1	1298
23	1	1	3	41	1	582
23	1	1	3	42	1	772
23	1	1	3	43	1	592
23	1	1	3	44	1	835
23	1	1	3	45	1	668
23	1	1	3	46	1	585
23	1	1	3	47	1	708
23	1	1	3	48	1	635
23	1	2	4	1	1	678
23	1	2	4	2	1	741
23	1	2	4	3	1	486
23	1	2	4	4	1	613
23	1	2	4	5	1	502
23	1	2	4	6	1	481
23	1	2	4	7	1	529
23	1	2	4	8	1	475
23	1	2	4	9	1	662
23	1	2	4	10	1	807
23	1	2	4	11	1	632
23	1	2	4	12	1	546
23	1	2	4	13	1	620
23	1	2	4	14	1	803
23	1	2	4	15	1	831
23	1	2	4	16	1	543
23	1	2	4	17	1	645
23	1	2	4	18	1	487
23	1	2	4	19	1	655
23	1	2	4	20	1	458
23	1	2	4	21	1	498
23	1	2	4	22	1	731
23	1	2	4	23	1	531
23	1	2	4	24	1	477
23	1	2	4	25	0	1450
23	1	2	4	26	1	573
23	1	2	4	27	1	685
23	1	2	4	28	1	600
23	1	2	4	29	1	438
23	1	2	4	30	1	712
23	1	2	4	31	1	996
23	1	2	4	32	1	419
23	1	2	4	33	1	441
23	1	2	4	34	1	473
23	1	2	4	35	1	513
23	1	2	4	36	1	540
23	1	2	4	37	1	499
23	1	2	4	38	1	599
23	1	2	4	39	1	785
23	1	2	4	40	1	494
23	1	2	4	41	1	526
23	1	2	4	42	1	711
23	1	2	4	43	1	553
23	1	2	4	44	1	509
23	1	2	4	45	1	618
23	1	2	4	46	1	882
23	1	2	4	47	1	582
23	1	2	4	48	1	1066
23	1	1	6	1	1	914
23	1	1	6	2	1	517
23	1	1	6	3	1	653
23	1	1	6	4	1	734
23	1	1	6	5	1	802
23	1	1	6	6	0	1072
23	1	1	6	7	1	629
23	1	1	6	8	1	702
23	1	1	6	9	1	547
23	1	1	6	10	1	905
23	1	1	6	11	1	631
23	1	1	6	12	1	1130
23	1	1	6	13	1	637
23	1	1	6	14	1	482
23	1	1	6	15	1	772
23	1	1	6	16	1	602
23	1	1	6	17	1	670
23	1	1	6	18	1	709
23	1	1	6	19	1	580
23	1	1	6	20	1	1170
23	1	1	6	21	1	736
23	1	1	6	22	1	469
23	1	1	6	23	1	587
23	1	1	6	24	1	656
23	1	1	6	25	1	632
23	1	1	6	26	0	1217
23	1	1	6	27	1	1321
23	1	1	6	28	1	762
23	1	1	6	29	1	569
23	1	1	6	30	1	787
23	1	1	6	31	1	1459
23	1	1	6	32	1	501
23	1	1	6	33	1	519
23	1	1	6	34	1	428
23	1	1	6	35	1	578
23	1	1	6	36	1	540
23	1	1	6	37	1	578
23	1	1	6	38	1	834
23	1	1	6	39	1	921
23	1	1	6	40	1	524
23	1	1	6	41	1	446
23	1	1	6	42	1	541
23	1	1	6	43	1	565
23	1	1	6	44	1	452
23	1	1	6	45	1	869
23	1	1	6	46	1	534
23	1	1	6	47	1	1496
23	1	1	6	48	1	620
23	1	2	7	1	1	646
23	1	2	7	2	1	516
23	1	2	7	3	1	784
23	1	2	7	4	1	640
23	1	2	7	5	1	806
23	1	2	7	6	1	646
23	1	2	7	7	1	514
23	1	2	7	8	1	651
23	1	2	7	9	1	574
23	1	2	7	10	1	566
23	1	2	7	11	1	570
23	1	2	7	12	1	723
23	1	2	7	13	1	658
23	1	2	7	14	1	634
23	1	2	7	15	1	574
23	1	2	7	16	1	632
23	1	2	7	17	1	626
23	1	2	7	18	1	498
23	1	2	7	19	1	878
23	1	2	7	20	1	553
23	1	2	7	21	1	682
23	1	2	7	22	1	464
23	1	2	7	23	1	609
23	1	2	7	24	1	729
23	1	2	7	25	1	648
23	1	2	7	26	1	571
23	1	2	7	27	1	1419
23	1	2	7	28	1	599
23	1	2	7	29	1	786
23	1	2	7	30	1	534
23	1	2	7	31	1	601
23	1	2	7	32	1	532
23	1	2	7	33	1	571
23	1	2	7	34	1	657
23	1	2	7	35	1	647
23	1	2	7	36	1	476
23	1	2	7	37	1	899
23	1	2	7	38	1	558
23	1	2	7	39	1	565
23	1	2	7	40	1	544
23	1	2	7	41	1	835
23	1	2	7	42	1	600
23	1	2	7	43	1	545
23	1	2	7	44	0	1227
23	1	2	7	45	1	726
23	1	2	7	46	1	632
23	1	2	7	47	0	1134
23	1	2	7	48	1	907
24	2	1	3	1	1	1305
24	2	1	3	2	1	1007
24	2	1	3	3	0	1283
24	2	1	3	4	1	1212
24	2	1	3	5	1	1224
24	2	1	3	6	1	1185
24	2	1	3	7	0	2850
24	2	1	3	8	1	1555
24	2	1	3	9	1	910
24	2	1	3	10	1	893
24	2	1	3	11	0	1087
24	2	1	3	12	1	2643
24	2	1	3	13	0	1707
24	2	1	3	14	1	1718
24	2	1	3	15	1	1179
24	2	1	3	16	1	1864
24	2	1	3	17	1	1199
24	2	1	3	18	1	1267
24	2	1	3	19	1	1377
24	2	1	3	20	1	1261
24	2	1	3	21	1	2371
24	2	1	3	22	1	1703
24	2	1	3	23	0	2249
24	2	1	3	24	1	1281
24	2	1	3	25	1	1061
24	2	1	3	26	1	908
24	2	1	3	27	0	1367
24	2	1	3	28	1	1062
24	2	1	3	29	1	1224
24	2	1	3	30	1	1197
24	2	1	3	31	0	1638
24	2	1	3	32	1	909
24	2	1	3	33	1	1009
24	2	1	3	34	1	982
24	2	1	3	35	1	666
24	2	1	3	36	1	912
24	2	1	3	37	0	1471
24	2	1	3	38	1	703
24	2	1	3	39	1	2576
24	2	1	3	40	1	1071
24	2	1	3	41	1	1073
24	2	1	3	42	1	910
24	2	1	3	43	1	727
24	2	1	3	44	1	894
24	2	1	3	45	1	796
24	2	1	3	46	1	705
24	2	1	3	47	1	841
24	2	1	3	48	1	786
24	2	2	4	1	1	1220
24	2	2	4	2	1	814
24	2	2	4	3	1	1168
24	2	2	4	4	1	741
24	2	2	4	5	1	803
24	2	2	4	6	1	716
24	2	2	4	7	1	1405
24	2	2	4	8	1	897
24	2	2	4	9	0	1254
24	2	2	4	10	1	1442
24	2	2	4	11	1	843
24	2	2	4	12	1	824
24	2	2	4	13	1	911
24	2	2	4	14	1	648
24	2	2	4	15	0	1243
24	2	2	4	16	1	699
24	2	2	4	17	1	804
24	2	2	4	18	1	662
24	2	2	4	19	1	771
24	2	2	4	20	1	622
24	2	2	4	21	1	759
24	2	2	4	22	1	790
24	2	2	4	23	1	759
24	2	2	4	24	1	880
24	2	2	4	25	1	1059
24	2	2	4	26	1	1220
24	2	2	4	27	1	1701
24	2	2	4	28	1	1013
24	2	2	4	29	1	1087
24	2	2	4	30	1	1866
24	2	2	4	31	0	1066
24	2	2	4	32	1	843
24	2	2	4	33	1	851
24	2	2	4	34	1	653
24	2	2	4	35	1	732
24	2	2	4	36	0	1324
24	2	2	4	37	1	1569
24	2	2	4	38	1	920
24	2	2	4	39	1	906
24	2	2	4	40	1	1293
24	2	2	4	41	1	1400
24	2	2	4	42	1	720
24	2	2	4	43	1	907
24	2	2	4	44	1	776
24	2	2	4	45	1	906
24	2	2	4	46	1	842
24	2	2	4	47	0	1160
24	2	2	4	48	1	865
24	2	1	6	1	1	772
24	2	1	6	2	1	566
24	2	1	6	3	1	488
24	2	1	6	4	1	417
24	2	1	6	5	1	586
24	2	1	6	6	1	566
24	2	1	6	7	1	570
24	2	1	6	8	1	619
24	2	1	6	9	1	525
24	2	1	6	10	1	653
24	2	1	6	11	1	468
24	2	1	6	12	1	579
24	2	1	6	13	1	567
24	2	1	6	14	1	543
24	2	1	6	15	1	510
24	2	1	6	16	1	509
24	2	1	6	17	1	515
24	2	1	6	18	1	749
24	2	1	6	19	1	609
24	2	1	6	20	1	572
24	2	1	6	21	1	513
24	2	1	6	22	1	444
24	2	1	6	23	1	441
24	2	1	6	24	1	489
24	2	1	6	25	1	486
24	2	1	6	26	1	566
24	2	1	6	27	1	555
24	2	1	6	28	1	609
24	2	1	6	29	1	585
24	2	1	6	30	1	579
24	2	1	6	31	1	526
24	2	1	6	32	1	503
24	2	1	6	33	1	607
24	2	1	6	34	1	595
24	2	1	6	35	1	635
24	2	1	6	36	1	551
24	2	1	6	37	1	564
24	2	1	6	38	1	525
24	2	1	6	39	1	434
24	2	1	6	40	1	386
24	2	1	6	41	1	414
24	2	1	6	42	1	500
24	2	1	6	43	1	559
24	2	1	6	44	1	489
24	2	1	6	45	1	664
24	2	1	6	46	1	621
24	2	1	6	47	1	608
24	2	1	6	48	1	627
24	2	2	7	1	1	568
24	2	2	7	2	1	564
24	2	2	7	3	1	403
24	2	2	7	4	1	524
24	2	2	7	5	1	419
24	2	2	7	6	1	469
24	2	2	7	7	1	442
24	2	2	7	8	1	366
24	2	2	7	9	1	517
24	2	2	7	10	1	611
24	2	2	7	11	1	401
24	2	2	7	12	1	464
24	2	2	7	13	1	430
24	2	2	7	14	1	389
24	2	2	7	15	1	775
24	2	2	7	16	1	503
24	2	2	7	17	1	442
24	2	2	7	18	1	380
24	2	2	7	19	1	634
24	2	2	7	20	1	537
24	2	2	7	21	1	469
24	2	2	7	22	1	442
24	2	2	7	23	1	600
24	2	2	7	24	1	503
24	2	2	7	25	1	440
24	2	2	7	26	1	557
24	2	2	7	27	1	857
24	2	2	7	28	1	637
24	2	2	7	29	1	374
24	2	2	7	30	1	449
24	2	2	7	31	1	597
24	2	2	7	32	1	553
24	2	2	7	33	1	415
24	2	2	7	34	1	432
24	2	2	7	35	1	516
24	2	2	7	36	0	1160
24	2	2	7	37	1	523
24	2	2	7	38	1	503
24	2	2	7	39	1	647
24	2	2	7	40	1	555
24	2	2	7	41	1	608
24	2	2	7	42	1	487
24	2	2	7	43	1	443
24	2	2	7	44	1	579
24	2	2	7	45	1	676
24	2	2	7	46	0	1004
24	2	2	7	47	1	470
24	2	2	7	48	1	811
25	2	1	3	1	1	1543
25	2	1	3	2	1	1030
25	2	1	3	3	1	715
25	2	1	3	4	1	731
25	2	1	3	5	1	614
25	2	1	3	6	1	973
25	2	1	3	7	1	759
25	2	1	3	8	1	1006
25	2	1	3	9	1	936
25	2	1	3	10	0	1066
25	2	1	3	11	1	926
25	2	1	3	12	1	1106
25	2	1	3	13	1	612
25	2	1	3	14	1	1028
25	2	1	3	15	1	1073
25	2	1	3	16	1	1015
25	2	1	3	17	1	671
25	2	1	3	18	1	917
25	2	1	3	19	1	734
25	2	1	3	20	1	756
25	2	1	3	21	1	710
25	2	1	3	22	1	644
25	2	1	3	23	1	593
25	2	1	3	24	1	1517
25	2	1	3	25	1	889
25	2	1	3	26	1	1104
25	2	1	3	27	1	609
25	2	1	3	28	1	759
25	2	1	3	29	1	646
25	2	1	3	30	1	636
25	2	1	3	31	1	819
25	2	1	3	32	1	937
25	2	1	3	33	1	841
25	2	1	3	34	1	824
25	2	1	3	35	1	515
25	2	1	3	36	1	857
25	2	1	3	37	1	593
25	2	1	3	38	1	851
25	2	1	3	39	1	670
25	2	1	3	40	1	888
25	2	1	3	41	1	450
25	2	1	3	42	0	1297
25	2	1	3	43	1	1503
25	2	1	3	44	1	859
25	2	1	3	45	1	556
25	2	1	3	46	1	1029
25	2	1	3	47	1	616
25	2	1	3	48	1	752
25	2	2	4	1	1	569
25	2	2	4	2	1	769
25	2	2	4	3	1	766
25	2	2	4	4	1	737
25	2	2	4	5	1	590
25	2	2	4	6	1	529
25	2	2	4	7	1	749
25	2	2	4	8	1	648
25	2	2	4	9	1	611
25	2	2	4	10	1	776
25	2	2	4	11	1	539
25	2	2	4	12	1	789
25	2	2	4	13	1	792
25	2	2	4	14	1	809
25	2	2	4	15	1	540
25	2	2	4	16	1	538
25	2	2	4	17	1	634
25	2	2	4	18	1	553
25	2	2	4	19	1	597
25	2	2	4	20	0	942
25	2	2	4	21	1	628
25	2	2	4	22	0	1173
25	2	2	4	23	1	623
25	2	2	4	24	1	833
25	2	2	4	25	1	609
25	2	2	4	26	1	1107
25	2	2	4	27	1	598
25	2	2	4	28	1	621
25	2	2	4	29	1	1025
25	2	2	4	30	1	723
25	2	2	4	31	1	521
25	2	2	4	32	1	737
25	2	2	4	33	1	563
25	2	2	4	34	1	553
25	2	2	4	35	1	487
25	2	2	4	36	1	546
25	2	2	4	37	1	643
25	2	2	4	38	1	771
25	2	2	4	39	1	671
25	2	2	4	40	1	888
25	2	2	4	41	1	494
25	2	2	4	42	1	996
25	2	2	4	43	1	635
25	2	2	4	44	0	824
25	2	2	4	45	1	671
25	2	2	4	46	1	1055
25	2	2	4	47	1	883
25	2	2	4	48	1	1043
25	2	1	6	1	1	784
25	2	1	6	2	1	576
25	2	1	6	3	1	623
25	2	1	6	4	1	583
25	2	1	6	5	1	563
25	2	1	6	6	1	442
25	2	1	6	7	1	632
25	2	1	6	8	1	729
25	2	1	6	9	1	639
25	2	1	6	10	1	782
25	2	1	6	11	1	809
25	2	1	6	12	1	554
25	2	1	6	13	1	557
25	2	1	6	14	1	670
25	2	1	6	15	1	666
25	2	1	6	16	1	563
25	2	1	6	17	1	482
25	2	1	6	18	1	487
25	2	1	6	19	1	572
25	2	1	6	20	1	493
25	2	1	6	21	1	512
25	2	1	6	22	1	465
25	2	1	6	23	1	478
25	2	1	6	24	1	520
25	2	1	6	25	1	447
25	2	1	6	26	1	445
25	2	1	6	27	1	552
25	2	1	6	28	1	498
25	2	1	6	29	1	433
25	2	1	6	30	1	527
25	2	1	6	31	1	638
25	2	1	6	32	1	474
25	2	1	6	33	1	434
25	2	1	6	34	0	819
25	2	1	6	35	1	525
25	2	1	6	36	1	534
25	2	1	6	37	0	744
25	2	1	6	38	1	587
25	2	1	6	39	1	456
25	2	1	6	40	1	525
25	2	1	6	41	1	506
25	2	1	6	42	1	485
25	2	1	6	43	1	518
25	2	1	6	44	1	444
25	2	1	6	45	1	760
25	2	1	6	46	1	631
25	2	1	6	47	1	673
25	2	1	6	48	1	531
25	2	2	7	1	1	534
25	2	2	7	2	1	462
25	2	2	7	3	1	600
25	2	2	7	4	1	636
25	2	2	7	5	1	458
25	2	2	7	6	1	499
25	2	2	7	7	1	490
25	2	2	7	8	1	478
25	2	2	7	9	1	510
25	2	2	7	10	1	556
25	2	2	7	11	1	531
25	2	2	7	12	1	516
25	2	2	7	13	1	538
25	2	2	7	14	1	1259
25	2	2	7	15	1	696
25	2	2	7	16	1	585
25	2	2	7	17	0	831
25	2	2	7	18	1	481
25	2	2	7	19	1	622
25	2	2	7	20	1	498
25	2	2	7	21	1	571
25	2	2	7	22	1	1241
25	2	2	7	23	1	536
25	2	2	7	24	1	742
25	2	2	7	25	1	457
25	2	2	7	26	1	554
25	2	2	7	27	1	514
25	2	2	7	28	1	589
25	2	2	7	29	1	584
25	2	2	7	30	1	480
25	2	2	7	31	1	567
25	2	2	7	32	1	527
25	2	2	7	33	1	525
25	2	2	7	34	1	507
25	2	2	7	35	0	866
25	2	2	7	36	1	605
25	2	2	7	37	1	574
25	2	2	7	38	1	427
25	2	2	7	39	1	532
25	2	2	7	40	1	600
25	2	2	7	41	1	942
25	2	2	7	42	1	513
25	2	2	7	43	1	1006
25	2	2	7	44	1	510
25	2	2	7	45	1	518
25	2	2	7	46	1	499
25	2	2	7	47	1	503
25	2	2	7	48	1	801
26	1	1	3	1	1	624
26	1	1	3	2	1	635
26	1	1	3	3	1	461
26	1	1	3	4	1	464
26	1	1	3	5	1	697
26	1	1	3	6	1	451
26	1	1	3	7	1	506
26	1	1	3	8	0	864
26	1	1	3	9	1	847
26	1	1	3	10	1	489
26	1	1	3	11	1	495
26	1	1	3	12	1	530
26	1	1	3	13	1	543
26	1	1	3	14	1	571
26	1	1	3	15	1	670
26	1	1	3	16	1	461
26	1	1	3	17	1	903
26	1	1	3	18	1	554
26	1	1	3	19	1	528
26	1	1	3	20	1	527
26	1	1	3	21	1	513
26	1	1	3	22	1	524
26	1	1	3	23	1	390
26	1	1	3	24	1	543
26	1	1	3	25	1	491
26	1	1	3	26	1	606
26	1	1	3	27	1	482
26	1	1	3	28	1	635
26	1	1	3	29	1	461
26	1	1	3	30	1	586
26	1	1	3	31	0	1077
26	1	1	3	32	1	633
26	1	1	3	33	0	1076
26	1	1	3	34	0	954
26	1	1	3	35	1	1389
26	1	1	3	36	0	1106
26	1	1	3	37	1	625
26	1	1	3	38	1	502
26	1	1	3	39	1	458
26	1	1	3	40	0	985
26	1	1	3	41	1	448
26	1	1	3	42	1	503
26	1	1	3	43	1	821
26	1	1	3	44	1	646
26	1	1	3	45	1	488
26	1	1	3	46	1	561
26	1	1	3	47	1	751
26	1	1	3	48	1	528
26	1	2	4	1	1	584
26	1	2	4	2	1	444
26	1	2	4	3	1	472
26	1	2	4	4	0	1106
26	1	2	4	5	1	491
26	1	2	4	6	1	512
26	1	2	4	7	1	457
26	1	2	4	8	1	420
26	1	2	4	9	1	673
26	1	2	4	10	0	973
26	1	2	4	11	1	542
26	1	2	4	12	1	650
26	1	2	4	13	1	451
26	1	2	4	14	1	438
26	1	2	4	15	1	800
26	1	2	4	16	1	676
26	1	2	4	17	1	522
26	1	2	4	18	1	506
26	1	2	4	19	1	727
26	1	2	4	20	1	528
26	1	2	4	21	1	486
26	1	2	4	22	1	519
26	1	2	4	23	1	625
26	1	2	4	24	1	583
26	1	2	4	25	1	562
26	1	2	4	26	1	527
26	1	2	4	27	1	607
26	1	2	4	28	1	509
26	1	2	4	29	1	518
26	1	2	4	30	1	557
26	1	2	4	31	1	573
26	1	2	4	32	0	967
26	1	2	4	33	1	467
26	1	2	4	34	1	525
26	1	2	4	35	0	1223
26	1	2	4	36	1	703
26	1	2	4	37	1	472
26	1	2	4	38	1	559
26	1	2	4	39	1	576
26	1	2	4	40	1	488
26	1	2	4	41	1	522
26	1	2	4	42	0	895
26	1	2	4	43	1	560
26	1	2	4	44	1	765
26	1	2	4	45	1	609
26	1	2	4	46	1	659
26	1	2	4	47	1	688
26	1	2	4	48	1	896
26	1	1	6	1	1	769
26	1	1	6	2	0	1165
26	1	1	6	3	1	492
26	1	1	6	4	1	632
26	1	1	6	5	1	460
26	1	1	6	6	1	476
26	1	1	6	7	1	494
26	1	1	6	8	1	903
26	1	1	6	9	0	1289
26	1	1	6	10	1	1209
26	1	1	6	11	1	766
26	1	1	6	12	0	945
26	1	1	6	13	1	537
26	1	1	6	14	1	592
26	1	1	6	15	0	1042
26	1	1	6	16	1	859
26	1	1	6	17	1	757
26	1	1	6	18	1	680
26	1	1	6	19	1	778
26	1	1	6	20	1	904
26	1	1	6	21	1	994
26	1	1	6	22	1	885
26	1	1	6	23	0	1106
26	1	1	6	24	1	1493
26	1	1	6	25	1	581
26	1	1	6	26	0	1474
26	1	1	6	27	0	1219
26	1	1	6	28	1	806
26	1	1	6	29	1	1432
26	1	1	6	30	1	2180
26	1	1	6	31	1	678
26	1	1	6	32	0	1169
26	1	1	6	33	1	1310
26	1	1	6	34	1	1307
26	1	1	6	35	1	1038
26	1	1	6	36	0	1963
26	1	1	6	37	1	956
26	1	1	6	38	1	652
26	1	1	6	39	1	600
26	1	1	6	40	0	1254
26	1	1	6	41	1	527
26	1	1	6	42	1	619
26	1	1	6	43	0	980
26	1	1	6	44	1	643
26	1	1	6	45	1	1006
26	1	1	6	46	1	1123
26	1	1	6	47	1	696
26	1	1	6	48	1	769
26	1	2	7	1	1	745
26	1	2	7	2	1	775
26	1	2	7	3	1	566
26	1	2	7	4	1	583
26	1	2	7	5	1	1071
26	1	2	7	6	0	1186
26	1	2	7	7	1	516
26	1	2	7	8	1	582
26	1	2	7	9	1	789
26	1	2	7	10	1	556
26	1	2	7	11	1	597
26	1	2	7	12	1	713
26	1	2	7	13	1	590
26	1	2	7	14	1	971
26	1	2	7	15	1	698
26	1	2	7	16	1	1319
26	1	2	7	17	0	1028
26	1	2	7	18	0	1407
26	1	2	7	19	1	554
26	1	2	7	20	1	583
26	1	2	7	21	1	670
26	1	2	7	22	1	448
26	1	2	7	23	1	715
26	1	2	7	24	0	1478
26	1	2	7	25	1	888
26	1	2	7	26	0	1166
26	1	2	7	27	0	950
26	1	2	7	28	1	688
26	1	2	7	29	1	669
26	1	2	7	30	1	1128
26	1	2	7	31	1	782
26	1	2	7	32	1	815
26	1	2	7	33	1	1052
26	1	2	7	34	0	1673
26	1	2	7	35	1	709
26	1	2	7	36	1	1320
26	1	2	7	37	1	638
26	1	2	7	38	1	478
26	1	2	7	39	0	1006
26	1	2	7	40	1	753
26	1	2	7	41	1	677
26	1	2	7	42	1	1002
26	1	2	7	43	1	1559
26	1	2	7	44	1	778
26	1	2	7	45	1	477
26	1	2	7	46	1	590
26	1	2	7	47	0	945
26	1	2	7	48	1	723
27	2	1	3	1	1	1441
27	2	1	3	2	1	1268
27	2	1	3	3	1	1397
27	2	1	3	4	1	1044
27	2	1	3	5	1	1550
27	2	1	3	6	1	967
27	2	1	3	7	1	2606
27	2	1	3	8	1	1033
27	2	1	3	9	1	1116
27	2	1	3	10	1	1091
27	2	1	3	11	1	774
27	2	1	3	12	1	1142
27	2	1	3	13	1	1064
27	2	1	3	14	1	950
27	2	1	3	15	1	940
27	2	1	3	16	1	731
27	2	1	3	17	1	1253
27	2	1	3	18	1	865
27	2	1	3	19	1	1059
27	2	1	3	20	1	987
27	2	1	3	21	1	948
27	2	1	3	22	1	1103
27	2	1	3	23	1	1042
27	2	1	3	24	1	1910
27	2	1	3	25	1	2122
27	2	1	3	26	1	1156
27	2	1	3	27	1	924
27	2	1	3	28	1	868
27	2	1	3	29	1	1194
27	2	1	3	30	1	1150
27	2	1	3	31	1	1445
27	2	1	3	32	1	1399
27	2	1	3	33	1	952
27	2	1	3	34	1	906
27	2	1	3	35	1	501
27	2	1	3	36	1	2047
27	2	1	3	37	1	881
27	2	1	3	38	1	841
27	2	1	3	39	1	1185
27	2	1	3	40	1	770
27	2	1	3	41	1	551
27	2	1	3	42	1	672
27	2	1	3	43	1	717
27	2	1	3	44	1	654
27	2	1	3	45	1	470
27	2	1	3	46	1	688
27	2	1	3	47	1	1100
27	2	1	3	48	1	897
27	2	2	4	1	1	1581
27	2	2	4	2	1	802
27	2	2	4	3	1	1191
27	2	2	4	4	1	1007
27	2	2	4	5	1	1731
27	2	2	4	6	1	855
27	2	2	4	7	1	1196
27	2	2	4	8	1	882
27	2	2	4	9	1	1198
27	2	2	4	10	1	623
27	2	2	4	11	1	1496
27	2	2	4	12	1	1250
27	2	2	4	13	1	1021
27	2	2	4	14	1	922
27	2	2	4	15	1	623
27	2	2	4	16	1	772
27	2	2	4	17	1	2196
27	2	2	4	18	1	1167
27	2	2	4	19	1	831
27	2	2	4	20	1	882
27	2	2	4	21	1	719
27	2	2	4	22	1	756
27	2	2	4	23	1	1742
27	2	2	4	24	1	1789
27	2	2	4	25	1	1114
27	2	2	4	26	1	1525
27	2	2	4	27	1	747
27	2	2	4	28	1	799
27	2	2	4	29	1	652
27	2	2	4	30	1	1082
27	2	2	4	31	1	735
27	2	2	4	32	1	1587
27	2	2	4	33	1	1263
27	2	2	4	34	1	1305
27	2	2	4	35	1	910
27	2	2	4	36	1	727
27	2	2	4	37	1	728
27	2	2	4	38	1	852
27	2	2	4	39	1	727
27	2	2	4	40	1	1001
27	2	2	4	41	1	1877
27	2	2	4	42	1	2340
27	2	2	4	43	1	691
27	2	2	4	44	1	872
27	2	2	4	45	1	1470
27	2	2	4	46	1	578
27	2	2	4	47	1	755
27	2	2	4	48	1	1141
27	2	1	6	1	1	1347
27	2	1	6	2	1	921
27	2	1	6	3	1	758
27	2	1	6	4	1	870
27	2	1	6	5	1	1401
27	2	1	6	6	1	727
27	2	1	6	7	1	824
27	2	1	6	8	1	731
27	2	1	6	9	1	734
27	2	1	6	10	1	981
27	2	1	6	11	1	799
27	2	1	6	12	1	776
27	2	1	6	13	1	790
27	2	1	6	14	1	582
27	2	1	6	15	1	733
27	2	1	6	16	1	488
27	2	1	6	17	1	634
27	2	1	6	18	1	668
27	2	1	6	19	1	616
27	2	1	6	20	1	843
27	2	1	6	21	1	646
27	2	1	6	22	1	470
27	2	1	6	23	1	415
27	2	1	6	24	1	446
27	2	1	6	25	1	388
27	2	1	6	26	1	582
27	2	1	6	27	1	568
27	2	1	6	28	1	713
27	2	1	6	29	1	430
27	2	1	6	30	1	596
27	2	1	6	31	1	553
27	2	1	6	32	1	496
27	2	1	6	33	1	498
27	2	1	6	34	1	677
27	2	1	6	35	1	620
27	2	1	6	36	1	675
27	2	1	6	37	1	1349
27	2	1	6	38	1	540
27	2	1	6	39	1	597
27	2	1	6	40	1	594
27	2	1	6	41	1	1453
27	2	1	6	42	1	497
27	2	1	6	43	0	1118
27	2	1	6	44	1	509
27	2	1	6	45	1	1651
27	2	1	6	46	1	1354
27	2	1	6	47	1	498
27	2	1	6	48	1	583
27	2	2	7	1	1	914
27	2	2	7	2	1	1333
27	2	2	7	3	1	857
27	2	2	7	4	1	622
27	2	2	7	5	1	403
27	2	2	7	6	1	511
27	2	2	7	7	1	455
27	2	2	7	8	1	403
27	2	2	7	9	1	663
27	2	2	7	10	1	537
27	2	2	7	11	1	511
27	2	2	7	12	1	552
27	2	2	7	13	1	1055
27	2	2	7	14	1	717
27	2	2	7	15	1	586
27	2	2	7	16	1	565
27	2	2	7	17	1	801
27	2	2	7	18	1	549
27	2	2	7	19	1	637
27	2	2	7	20	1	566
27	2	2	7	21	1	815
27	2	2	7	22	1	527
27	2	2	7	23	1	566
27	2	2	7	24	1	1199
27	2	2	7	25	1	1183
27	2	2	7	26	1	626
27	2	2	7	27	1	489
27	2	2	7	28	1	539
27	2	2	7	29	1	636
27	2	2	7	30	1	593
27	2	2	7	31	1	1069
27	2	2	7	32	1	1971
27	2	2	7	33	1	389
27	2	2	7	34	1	390
27	2	2	7	35	1	1144
27	2	2	7	36	1	577
27	2	2	7	37	1	495
27	2	2	7	38	1	718
27	2	2	7	39	1	645
27	2	2	7	40	1	565
27	2	2	7	41	1	501
27	2	2	7	42	1	542
27	2	2	7	43	1	653
27	2	2	7	44	1	457
27	2	2	7	45	1	596
27	2	2	7	46	1	621
27	2	2	7	47	1	497
27	2	2	7	48	0	2036
28	1	1	3	1	1	656
28	1	1	3	2	1	793
28	1	1	3	3	1	746
28	1	1	3	4	1	627
28	1	1	3	5	1	841
28	1	1	3	6	1	676
28	1	1	3	7	1	772
28	1	1	3	8	1	747
28	1	1	3	9	1	702
28	1	1	3	10	1	719
28	1	1	3	11	1	584
28	1	1	3	12	1	638
28	1	1	3	13	1	1031
28	1	1	3	14	1	741
28	1	1	3	15	1	890
28	1	1	3	16	1	702
28	1	1	3	17	1	638
28	1	1	3	18	1	589
28	1	1	3	19	1	761
28	1	1	3	20	1	706
28	1	1	3	21	1	849
28	1	1	3	22	1	689
28	1	1	3	23	1	513
28	1	1	3	24	1	736
28	1	1	3	25	1	639
28	1	1	3	26	1	871
28	1	1	3	27	1	613
28	1	1	3	28	1	830
28	1	1	3	29	1	641
28	1	1	3	30	1	771
28	1	1	3	31	1	722
28	1	1	3	32	1	722
28	1	1	3	33	1	655
28	1	1	3	34	1	680
28	1	1	3	35	1	1185
28	1	1	3	36	1	812
28	1	1	3	37	1	734
28	1	1	3	38	1	555
28	1	1	3	39	1	527
28	1	1	3	40	1	772
28	1	1	3	41	1	620
28	1	1	3	42	1	627
28	1	1	3	43	1	573
28	1	1	3	44	1	608
28	1	1	3	45	1	743
28	1	1	3	46	1	730
28	1	1	3	47	1	655
28	1	1	3	48	1	616
28	1	2	4	1	1	1145
28	1	2	4	2	1	720
28	1	2	4	3	1	707
28	1	2	4	4	1	1184
28	1	2	4	5	1	570
28	1	2	4	6	1	546
28	1	2	4	7	1	654
28	1	2	4	8	1	708
28	1	2	4	9	1	678
28	1	2	4	10	1	839
28	1	2	4	11	1	621
28	1	2	4	12	1	588
28	1	2	4	13	1	573
28	1	2	4	14	1	634
28	1	2	4	15	1	693
28	1	2	4	16	1	651
28	1	2	4	17	1	571
28	1	2	4	18	1	641
28	1	2	4	19	1	661
28	1	2	4	20	1	573
28	1	2	4	21	1	594
28	1	2	4	22	1	732
28	1	2	4	23	1	610
28	1	2	4	24	1	678
28	1	2	4	25	1	840
28	1	2	4	26	1	555
28	1	2	4	27	1	728
28	1	2	4	28	1	544
28	1	2	4	29	1	746
28	1	2	4	30	1	629
28	1	2	4	31	1	761
28	1	2	4	32	1	986
28	1	2	4	33	1	653
28	1	2	4	34	1	640
28	1	2	4	35	1	555
28	1	2	4	36	1	654
28	1	2	4	37	1	748
28	1	2	4	38	1	595
28	1	2	4	39	1	949
28	1	2	4	40	1	595
28	1	2	4	41	1	1150
28	1	2	4	42	1	728
28	1	2	4	43	1	734
28	1	2	4	44	1	1014
28	1	2	4	45	1	1312
28	1	2	4	46	1	587
28	1	2	4	47	1	746
28	1	2	4	48	1	560
28	1	1	6	1	1	1051
28	1	1	6	2	1	760
28	1	1	6	3	1	745
28	1	1	6	4	1	933
28	1	1	6	5	1	678
28	1	1	6	6	1	733
28	1	1	6	7	1	716
28	1	1	6	8	1	944
28	1	1	6	9	1	759
28	1	1	6	10	1	1202
28	1	1	6	11	1	558
28	1	1	6	12	1	675
28	1	1	6	13	1	585
28	1	1	6	14	1	1027
28	1	1	6	15	1	1134
28	1	1	6	16	1	810
28	1	1	6	17	1	666
28	1	1	6	18	1	1307
28	1	1	6	19	1	700
28	1	1	6	20	1	1240
28	1	1	6	21	1	1051
28	1	1	6	22	1	866
28	1	1	6	23	1	849
28	1	1	6	24	1	810
28	1	1	6	25	1	612
28	1	1	6	26	1	1231
28	1	1	6	27	1	581
28	1	1	6	28	1	1410
28	1	1	6	29	1	667
28	1	1	6	30	1	957
28	1	1	6	31	1	675
28	1	1	6	32	1	891
28	1	1	6	33	1	784
28	1	1	6	34	1	816
28	1	1	6	35	1	557
28	1	1	6	36	0	1040
28	1	1	6	37	1	867
28	1	1	6	38	1	664
28	1	1	6	39	1	682
28	1	1	6	40	1	771
28	1	1	6	41	1	802
28	1	1	6	42	1	880
28	1	1	6	43	1	774
28	1	1	6	44	1	824
28	1	1	6	45	1	636
28	1	1	6	46	1	639
28	1	1	6	47	1	728
28	1	1	6	48	1	651
28	1	2	7	1	1	718
28	1	2	7	2	1	720
28	1	2	7	3	1	1081
28	1	2	7	4	1	688
28	1	2	7	5	1	1083
28	1	2	7	6	1	717
28	1	2	7	7	1	637
28	1	2	7	8	1	642
28	1	2	7	9	1	556
28	1	2	7	10	1	568
28	1	2	7	11	1	569
28	1	2	7	12	1	827
28	1	2	7	13	1	933
28	1	2	7	14	1	757
28	1	2	7	15	1	597
28	1	2	7	16	1	600
28	1	2	7	17	1	651
28	1	2	7	18	1	665
28	1	2	7	19	1	635
28	1	2	7	20	0	1351
28	1	2	7	21	1	616
28	1	2	7	22	1	1078
28	1	2	7	23	1	853
28	1	2	7	24	1	695
28	1	2	7	25	1	586
28	1	2	7	26	1	1055
28	1	2	7	27	1	655
28	1	2	7	28	1	519
28	1	2	7	29	1	988
28	1	2	7	30	1	1365
28	1	2	7	31	1	623
28	1	2	7	32	1	807
28	1	2	7	33	1	1198
28	1	2	7	34	1	702
28	1	2	7	35	1	587
28	1	2	7	36	0	1259
28	1	2	7	37	1	1299
28	1	2	7	38	1	784
28	1	2	7	39	1	622
28	1	2	7	40	1	762
28	1	2	7	41	1	964
28	1	2	7	42	1	828
28	1	2	7	43	1	721
28	1	2	7	44	1	722
28	1	2	7	45	1	460
28	1	2	7	46	1	571
28	1	2	7	47	1	1095
28	1	2	7	48	1	707
29	2	1	3	1	1	7322
29	2	1	3	2	1	1976
29	2	1	3	3	1	1301
29	2	1	3	4	1	1724
29	2	1	3	5	1	1158
29	2	1	3	6	1	1268
29	2	1	3	7	1	1272
29	2	1	3	8	1	1634
29	2	1	3	9	1	2458
29	2	1	3	10	1	1952
29	2	1	3	11	1	1001
29	2	1	3	12	1	1095
29	2	1	3	13	1	1524
29	2	1	3	14	1	815
29	2	1	3	15	1	1020
29	2	1	3	16	0	1524
29	2	1	3	17	1	1199
29	2	1	3	18	1	1445
29	2	1	3	19	1	946
29	2	1	3	20	1	567
29	2	1	3	21	1	1377
29	2	1	3	22	1	1345
29	2	1	3	23	1	837
29	2	1	3	24	1	1783
29	2	1	3	25	1	1130
29	2	1	3	26	1	1156
29	2	1	3	27	1	678
29	2	1	3	28	1	905
29	2	1	3	29	1	1553
29	2	1	3	30	1	2518
29	2	1	3	31	1	1452
29	2	1	3	32	1	2383
29	2	1	3	33	1	706
29	2	1	3	34	1	773
29	2	1	3	35	1	584
29	2	1	3	36	1	735
29	2	1	3	37	1	945
29	2	1	3	38	1	880
29	2	1	3	39	1	3041
29	2	1	3	40	1	735
29	2	1	3	41	1	783
29	2	1	3	42	1	2183
29	2	1	3	43	1	910
29	2	1	3	44	1	1180
29	2	1	3	45	1	608
29	2	1	3	46	1	612
29	2	1	3	47	1	1126
29	2	1	3	48	1	747
29	2	2	4	1	1	881
29	2	2	4	2	1	1349
29	2	2	4	3	1	896
29	2	2	4	4	1	1633
29	2	2	4	5	1	857
29	2	2	4	6	1	1048
29	2	2	4	7	1	801
29	2	2	4	8	1	832
29	2	2	4	9	1	637
29	2	2	4	10	0	2579
29	2	2	4	11	1	1016
29	2	2	4	12	1	925
29	2	2	4	13	1	830
29	2	2	4	14	1	2604
29	2	2	4	15	1	1333
29	2	2	4	16	1	1102
29	2	2	4	17	1	716
29	2	2	4	18	1	1937
29	2	2	4	19	1	1126
29	2	2	4	20	1	1679
29	2	2	4	21	1	1208
29	2	2	4	22	1	980
29	2	2	4	23	1	675
29	2	2	4	24	1	873
29	2	2	4	25	1	856
29	2	2	4	26	0	2539
29	2	2	4	27	1	3945
29	2	2	4	28	1	946
29	2	2	4	29	1	936
29	2	2	4	30	1	1399
29	2	2	4	31	1	1063
29	2	2	4	32	1	1057
29	2	2	4	33	1	1581
29	2	2	4	34	1	1607
29	2	2	4	35	1	735
29	2	2	4	36	1	3216
29	2	2	4	37	1	952
29	2	2	4	38	1	619
29	2	2	4	39	1	905
29	2	2	4	40	1	1018
29	2	2	4	41	1	1029
29	2	2	4	42	1	1044
29	2	2	4	43	1	1576
29	2	2	4	44	1	1475
29	2	2	4	45	1	1267
29	2	2	4	46	1	2909
29	2	2	4	47	1	925
29	2	2	4	48	1	953
29	2	1	6	1	1	966
29	2	1	6	2	1	787
29	2	1	6	3	1	593
29	2	1	6	4	1	851
29	2	1	6	5	1	852
29	2	1	6	6	1	509
29	2	1	6	7	1	1077
29	2	1	6	8	1	754
29	2	1	6	9	1	964
29	2	1	6	10	1	773
29	2	1	6	11	1	1305
29	2	1	6	12	1	692
29	2	1	6	13	1	666
29	2	1	6	14	1	611
29	2	1	6	15	1	578
29	2	1	6	16	1	798
29	2	1	6	17	1	717
29	2	1	6	18	1	1174
29	2	1	6	19	1	869
29	2	1	6	20	1	592
29	2	1	6	21	1	721
29	2	1	6	22	1	676
29	2	1	6	23	1	530
29	2	1	6	24	1	608
29	2	1	6	25	1	680
29	2	1	6	26	1	596
29	2	1	6	27	1	674
29	2	1	6	28	1	1048
29	2	1	6	29	1	514
29	2	1	6	30	1	678
29	2	1	6	31	1	866
29	2	1	6	32	1	638
29	2	1	6	33	1	977
29	2	1	6	34	1	1110
29	2	1	6	35	1	688
29	2	1	6	36	1	868
29	2	1	6	37	1	1629
29	2	1	6	38	1	743
29	2	1	6	39	1	577
29	2	1	6	40	1	947
29	2	1	6	41	1	731
29	2	1	6	42	1	637
29	2	1	6	43	1	581
29	2	1	6	44	1	568
29	2	1	6	45	1	755
29	2	1	6	46	1	620
29	2	1	6	47	1	1112
29	2	1	6	48	1	554
29	2	2	7	1	1	868
29	2	2	7	2	1	727
29	2	2	7	3	1	824
29	2	2	7	4	1	650
29	2	2	7	5	1	571
29	2	2	7	6	1	648
29	2	2	7	7	1	582
29	2	2	7	8	1	692
29	2	2	7	9	1	928
29	2	2	7	10	1	1685
29	2	2	7	11	1	892
29	2	2	7	12	1	558
29	2	2	7	13	1	993
29	2	2	7	14	1	864
29	2	2	7	15	1	651
29	2	2	7	16	1	659
29	2	2	7	17	1	1091
29	2	2	7	18	1	624
29	2	2	7	19	1	650
29	2	2	7	20	1	490
29	2	2	7	21	1	2072
29	2	2	7	22	1	1607
29	2	2	7	23	1	584
29	2	2	7	24	1	598
29	2	2	7	25	1	759
29	2	2	7	26	1	559
29	2	2	7	27	1	653
29	2	2	7	28	1	837
29	2	2	7	29	1	579
29	2	2	7	30	1	500
29	2	2	7	31	1	748
29	2	2	7	32	1	690
29	2	2	7	33	1	377
29	2	2	7	34	0	1224
29	2	2	7	35	1	776
29	2	2	7	36	1	1308
29	2	2	7	37	1	543
29	2	2	7	38	1	523
29	2	2	7	39	1	1026
29	2	2	7	40	1	516
29	2	2	7	41	1	707
29	2	2	7	42	1	896
29	2	2	7	43	1	1099
29	2	2	7	44	1	475
29	2	2	7	45	1	612
29	2	2	7	46	1	620
29	2	2	7	47	1	687
29	2	2	7	48	1	607
30	1	1	3	1	1	810
30	1	1	3	2	1	536
30	1	1	3	3	1	561
30	1	1	3	4	1	646
30	1	1	3	5	1	2453
30	1	1	3	6	1	627
30	1	1	3	7	1	498
30	1	1	3	8	1	675
30	1	1	3	9	1	622
30	1	1	3	10	1	1886
30	1	1	3	11	1	492
30	1	1	3	12	1	501
30	1	1	3	13	1	2925
30	1	1	3	14	1	659
30	1	1	3	15	1	487
30	1	1	3	16	1	441
30	1	1	3	17	0	701
30	1	1	3	18	1	494
30	1	1	3	19	1	417
30	1	1	3	20	1	692
30	1	1	3	21	1	567
30	1	1	3	22	1	518
30	1	1	3	23	1	493
30	1	1	3	24	1	457
30	1	1	3	25	1	378
30	1	1	3	26	1	408
30	1	1	3	27	1	457
30	1	1	3	28	1	432
30	1	1	3	29	1	436
30	1	1	3	30	1	509
30	1	1	3	31	1	487
30	1	1	3	32	1	388
30	1	1	3	33	0	820
30	1	1	3	34	0	1461
30	1	1	3	35	1	527
30	1	1	3	36	1	1327
30	1	1	3	37	0	821
30	1	1	3	38	1	481
30	1	1	3	39	1	1024
30	1	1	3	40	1	699
30	1	1	3	41	1	663
30	1	1	3	42	1	755
30	1	1	3	43	1	564
30	1	1	3	44	1	516
30	1	1	3	45	1	611
30	1	1	3	46	1	1286
30	1	1	3	47	1	614
30	1	1	3	48	1	597
30	1	2	4	1	1	649
30	1	2	4	2	1	610
30	1	2	4	3	1	726
30	1	2	4	4	1	512
30	1	2	4	5	1	486
30	1	2	4	6	1	561
30	1	2	4	7	1	406
30	1	2	4	8	1	644
30	1	2	4	9	1	928
30	1	2	4	10	1	992
30	1	2	4	11	1	513
30	1	2	4	12	1	516
30	1	2	4	13	1	623
30	1	2	4	14	1	1032
30	1	2	4	15	1	1093
30	1	2	4	16	1	460
30	1	2	4	17	1	405
30	1	2	4	18	1	496
30	1	2	4	19	1	633
30	1	2	4	20	1	492
30	1	2	4	21	1	446
30	1	2	4	22	1	514
30	1	2	4	23	1	543
30	1	2	4	24	1	698
30	1	2	4	25	1	435
30	1	2	4	26	1	534
30	1	2	4	27	1	826
30	1	2	4	28	1	456
30	1	2	4	29	1	470
30	1	2	4	30	1	483
30	1	2	4	31	1	1012
30	1	2	4	32	1	552
30	1	2	4	33	1	413
30	1	2	4	34	0	959
30	1	2	4	35	1	555
30	1	2	4	36	1	789
30	1	2	4	37	1	643
30	1	2	4	38	1	499
30	1	2	4	39	1	598
30	1	2	4	40	1	556
30	1	2	4	41	0	807
30	1	2	4	42	1	537
30	1	2	4	43	1	509
30	1	2	4	44	1	1531
30	1	2	4	45	1	542
30	1	2	4	46	1	526
30	1	2	4	47	1	590
30	1	2	4	48	1	565
30	1	1	6	1	1	2972
30	1	1	6	2	1	858
30	1	1	6	3	1	659
30	1	1	6	4	1	803
30	1	1	6	5	1	977
30	1	1	6	6	1	485
30	1	1	6	7	1	639
30	1	1	6	8	1	644
30	1	1	6	9	1	2182
30	1	1	6	10	0	1232
30	1	1	6	11	1	1145
30	1	1	6	12	1	2008
30	1	1	6	13	1	433
30	1	1	6	14	0	1082
30	1	1	6	15	1	851
30	1	1	6	16	1	571
30	1	1	6	17	1	818
30	1	1	6	18	1	506
30	1	1	6	19	1	723
30	1	1	6	20	1	685
30	1	1	6	21	1	506
30	1	1	6	22	1	552
30	1	1	6	23	1	599
30	1	1	6	24	0	1175
30	1	1	6	25	1	2959
30	1	1	6	26	1	474
30	1	1	6	27	1	525
30	1	1	6	28	1	659
30	1	1	6	29	1	769
30	1	1	6	30	1	492
30	1	1	6	31	1	674
30	1	1	6	32	0	916
30	1	1	6	33	1	918
30	1	1	6	34	1	626
30	1	1	6	35	1	820
30	1	1	6	36	1	601
30	1	1	6	37	1	665
30	1	1	6	38	0	920
30	1	1	6	39	1	815
30	1	1	6	40	1	1641
30	1	1	6	41	1	512
30	1	1	6	42	1	459
30	1	1	6	43	1	697
30	1	1	6	44	1	583
30	1	1	6	45	1	571
30	1	1	6	46	0	980
30	1	1	6	47	1	822
30	1	1	6	48	1	629
30	1	2	7	1	1	1162
30	1	2	7	2	1	675
30	1	2	7	3	1	659
30	1	2	7	4	1	861
30	1	2	7	5	1	606
30	1	2	7	6	1	497
30	1	2	7	7	1	475
30	1	2	7	8	1	448
30	1	2	7	9	1	583
30	1	2	7	10	1	504
30	1	2	7	11	1	601
30	1	2	7	12	0	977
30	1	2	7	13	1	2169
30	1	2	7	14	0	1832
30	1	2	7	15	1	571
30	1	2	7	16	1	535
30	1	2	7	17	1	507
30	1	2	7	18	1	552
30	1	2	7	19	1	614
30	1	2	7	20	1	368
30	1	2	7	21	1	506
30	1	2	7	22	1	431
30	1	2	7	23	1	528
30	1	2	7	24	1	474
30	1	2	7	25	1	432
30	1	2	7	26	1	516
30	1	2	7	27	1	625
30	1	2	7	28	1	685
30	1	2	7	29	0	1539
30	1	2	7	30	1	2314
30	1	2	7	31	1	516
30	1	2	7	32	1	997
30	1	2	7	33	1	636
30	1	2	7	34	1	774
30	1	2	7	35	1	1048
30	1	2	7	36	1	610
30	1	2	7	37	1	859
30	1	2	7	38	1	540
30	1	2	7	39	1	671
30	1	2	7	40	1	602
30	1	2	7	41	1	535
30	1	2	7	42	1	558
30	1	2	7	43	0	743
30	1	2	7	44	1	660
30	1	2	7	45	1	591
30	1	2	7	46	1	446
30	1	2	7	47	1	713
30	1	2	7	48	1	795
31	2	1	3	1	0	1918
31	2	1	3	2	1	1026
31	2	1	3	3	0	1801
31	2	1	3	4	1	1892
31	2	1	3	5	1	607
31	2	1	3	6	1	643
31	2	1	3	7	1	843
31	2	1	3	8	1	645
31	2	1	3	9	1	872
31	2	1	3	10	1	1332
31	2	1	3	11	1	771
31	2	1	3	12	1	1014
31	2	1	3	13	1	519
31	2	1	3	14	1	876
31	2	1	3	15	1	775
31	2	1	3	16	1	806
31	2	1	3	17	1	696
31	2	1	3	18	1	531
31	2	1	3	19	1	808
31	2	1	3	20	1	965
31	2	1	3	21	0	1225
31	2	1	3	22	1	1815
31	2	1	3	23	1	1850
31	2	1	3	24	1	1292
31	2	1	3	25	1	806
31	2	1	3	26	1	951
31	2	1	3	27	1	499
31	2	1	3	28	1	653
31	2	1	3	29	1	684
31	2	1	3	30	1	595
31	2	1	3	31	1	630
31	2	1	3	32	1	616
31	2	1	3	33	1	799
31	2	1	3	34	1	554
31	2	1	3	35	1	597
31	2	1	3	36	1	552
31	2	1	3	37	1	579
31	2	1	3	38	1	597
31	2	1	3	39	1	1779
31	2	1	3	40	1	1173
31	2	1	3	41	1	498
31	2	1	3	42	1	679
31	2	1	3	43	1	630
31	2	1	3	44	1	590
31	2	1	3	45	1	704
31	2	1	3	46	1	1713
31	2	1	3	47	1	644
31	2	1	3	48	1	697
31	2	2	4	1	1	1746
31	2	2	4	2	1	2698
31	2	2	4	3	1	1931
31	2	2	4	4	1	983
31	2	2	4	5	1	2204
31	2	2	4	6	1	679
31	2	2	4	7	1	725
31	2	2	4	8	1	765
31	2	2	4	9	1	569
31	2	2	4	10	1	785
31	2	2	4	11	1	697
31	2	2	4	12	1	945
31	2	2	4	13	0	908
31	2	2	4	14	1	1548
31	2	2	4	15	1	564
31	2	2	4	16	1	553
31	2	2	4	17	1	570
31	2	2	4	18	1	401
31	2	2	4	19	1	703
31	2	2	4	20	1	485
31	2	2	4	21	1	717
31	2	2	4	22	1	795
31	2	2	4	23	1	1096
31	2	2	4	24	1	638
31	2	2	4	25	1	531
31	2	2	4	26	1	543
31	2	2	4	27	1	690
31	2	2	4	28	1	469
31	2	2	4	29	1	1834
31	2	2	4	30	1	1634
31	2	2	4	31	1	729
31	2	2	4	32	1	633
31	2	2	4	33	1	646
31	2	2	4	34	1	486
31	2	2	4	35	1	587
31	2	2	4	36	1	660
31	2	2	4	37	1	570
31	2	2	4	38	1	828
31	2	2	4	39	1	611
31	2	2	4	40	0	1171
31	2	2	4	41	1	754
31	2	2	4	42	1	608
31	2	2	4	43	1	1365
31	2	2	4	44	1	663
31	2	2	4	45	1	839
31	2	2	4	46	1	586
31	2	2	4	47	1	551
31	2	2	4	48	1	1633
31	2	1	6	1	1	676
31	2	1	6	2	1	601
31	2	1	6	3	1	502
31	2	1	6	4	1	591
31	2	1	6	5	1	639
31	2	1	6	6	1	519
31	2	1	6	7	1	556
31	2	1	6	8	1	543
31	2	1	6	9	1	558
31	2	1	6	10	1	455
31	2	1	6	11	1	469
31	2	1	6	12	1	582
31	2	1	6	13	0	685
31	2	1	6	14	1	560
31	2	1	6	15	1	644
31	2	1	6	16	1	592
31	2	1	6	17	1	503
31	2	1	6	18	1	620
31	2	1	6	19	1	483
31	2	1	6	20	1	476
31	2	1	6	21	1	548
31	2	1	6	22	1	377
31	2	1	6	23	1	568
31	2	1	6	24	1	825
31	2	1	6	25	1	530
31	2	1	6	26	1	556
31	2	1	6	27	1	664
31	2	1	6	28	1	642
31	2	1	6	29	1	549
31	2	1	6	30	1	553
31	2	1	6	31	1	915
31	2	1	6	32	1	472
31	2	1	6	33	1	476
31	2	1	6	34	1	454
31	2	1	6	35	1	1392
31	2	1	6	36	1	799
31	2	1	6	37	1	980
31	2	1	6	38	1	611
31	2	1	6	39	1	580
31	2	1	6	40	1	586
31	2	1	6	41	1	525
31	2	1	6	42	1	818
31	2	1	6	43	1	550
31	2	1	6	44	1	499
31	2	1	6	45	1	533
31	2	1	6	46	1	397
31	2	1	6	47	1	552
31	2	1	6	48	1	622
31	2	2	7	1	1	527
31	2	2	7	2	1	926
31	2	2	7	3	1	912
31	2	2	7	4	1	508
31	2	2	7	5	1	397
31	2	2	7	6	1	511
31	2	2	7	7	1	482
31	2	2	7	8	1	381
31	2	2	7	9	1	574
31	2	2	7	10	1	538
31	2	2	7	11	1	591
31	2	2	7	12	1	626
31	2	2	7	13	1	489
31	2	2	7	14	1	577
31	2	2	7	15	1	610
31	2	2	7	16	1	606
31	2	2	7	17	1	483
31	2	2	7	18	1	608
31	2	2	7	19	1	697
31	2	2	7	20	1	1012
31	2	2	7	21	1	541
31	2	2	7	22	1	555
31	2	2	7	23	1	838
31	2	2	7	24	1	411
31	2	2	7	25	1	659
31	2	2	7	26	1	584
31	2	2	7	27	1	644
31	2	2	7	28	1	857
31	2	2	7	29	1	553
31	2	2	7	30	1	690
31	2	2	7	31	1	724
31	2	2	7	32	1	961
31	2	2	7	33	1	712
31	2	2	7	34	1	936
31	2	2	7	35	1	818
31	2	2	7	36	1	588
31	2	2	7	37	1	621
31	2	2	7	38	1	487
31	2	2	7	39	1	800
31	2	2	7	40	1	448
31	2	2	7	41	1	769
31	2	2	7	42	1	584
31	2	2	7	43	1	524
31	2	2	7	44	1	524
31	2	2	7	45	1	537
31	2	2	7	46	1	670
31	2	2	7	47	1	473
31	2	2	7	48	1	397
32	1	1	3	1	1	691
32	1	1	3	2	1	635
32	1	1	3	3	1	671
32	1	1	3	4	1	987
32	1	1	3	5	1	593
32	1	1	3	6	1	534
32	1	1	3	7	1	937
32	1	1	3	8	1	631
32	1	1	3	9	1	554
32	1	1	3	10	1	823
32	1	1	3	11	1	579
32	1	1	3	12	1	1166
32	1	1	3	13	1	608
32	1	1	3	14	1	541
32	1	1	3	15	1	541
32	1	1	3	16	1	567
32	1	1	3	17	1	513
32	1	1	3	18	1	635
32	1	1	3	19	1	628
32	1	1	3	20	1	645
32	1	1	3	21	1	537
32	1	1	3	22	1	741
32	1	1	3	23	1	554
32	1	1	3	24	1	577
32	1	1	3	25	1	549
32	1	1	3	26	1	746
32	1	1	3	27	1	495
32	1	1	3	28	1	509
32	1	1	3	29	1	501
32	1	1	3	30	1	522
32	1	1	3	31	1	606
32	1	1	3	32	1	634
32	1	1	3	33	1	602
32	1	1	3	34	1	779
32	1	1	3	35	1	634
32	1	1	3	36	1	665
32	1	1	3	37	0	1552
32	1	1	3	38	1	710
32	1	1	3	39	1	630
32	1	1	3	40	1	757
32	1	1	3	41	1	649
32	1	1	3	42	1	1399
32	1	1	3	43	1	555
32	1	1	3	44	1	538
32	1	1	3	45	1	702
32	1	1	3	46	1	629
32	1	1	3	47	1	577
32	1	1	3	48	1	646
32	1	2	4	1	1	903
32	1	2	4	2	1	631
32	1	2	4	3	1	594
32	1	2	4	4	1	615
32	1	2	4	5	1	540
32	1	2	4	6	1	539
32	1	2	4	7	1	512
32	1	2	4	8	1	632
32	1	2	4	9	1	596
32	1	2	4	10	1	508
32	1	2	4	11	1	636
32	1	2	4	12	1	455
32	1	2	4	13	1	673
32	1	2	4	14	1	635
32	1	2	4	15	1	590
32	1	2	4	16	1	731
32	1	2	4	17	1	484
32	1	2	4	18	1	602
32	1	2	4	19	1	465
32	1	2	4	20	1	541
32	1	2	4	21	1	539
32	1	2	4	22	1	539
32	1	2	4	23	1	595
32	1	2	4	24	1	686
32	1	2	4	25	1	670
32	1	2	4	26	1	497
32	1	2	4	27	1	675
32	1	2	4	28	1	567
32	1	2	4	29	1	555
32	1	2	4	30	1	539
32	1	2	4	31	1	607
32	1	2	4	32	1	511
32	1	2	4	33	1	385
32	1	2	4	34	1	617
32	1	2	4	35	1	734
32	1	2	4	36	1	513
32	1	2	4	37	1	524
32	1	2	4	38	1	473
32	1	2	4	39	1	731
32	1	2	4	40	1	498
32	1	2	4	41	1	648
32	1	2	4	42	1	974
32	1	2	4	43	1	568
32	1	2	4	44	1	563
32	1	2	4	45	1	796
32	1	2	4	46	1	524
32	1	2	4	47	1	457
32	1	2	4	48	1	540
32	1	1	6	1	1	1831
32	1	1	6	2	1	1018
32	1	1	6	3	1	807
32	1	1	6	4	1	1085
32	1	1	6	5	1	713
32	1	1	6	6	0	1359
32	1	1	6	7	1	1141
32	1	1	6	8	1	1564
32	1	1	6	9	1	1439
32	1	1	6	10	1	731
32	1	1	6	11	1	565
32	1	1	6	12	1	1468
32	1	1	6	13	1	549
32	1	1	6	14	1	963
32	1	1	6	15	1	715
32	1	1	6	16	1	675
32	1	1	6	17	1	611
32	1	1	6	18	1	958
32	1	1	6	19	1	1413
32	1	1	6	20	0	1564
32	1	1	6	21	1	1398
32	1	1	6	22	1	787
32	1	1	6	23	1	576
32	1	1	6	24	1	924
32	1	1	6	25	1	690
32	1	1	6	26	1	1292
32	1	1	6	27	1	555
32	1	1	6	28	1	632
32	1	1	6	29	1	596
32	1	1	6	30	1	713
32	1	1	6	31	1	579
32	1	1	6	32	1	687
32	1	1	6	33	1	632
32	1	1	6	34	1	704
32	1	1	6	35	1	511
32	1	1	6	36	1	863
32	1	1	6	37	1	700
32	1	1	6	38	1	691
32	1	1	6	39	0	1131
32	1	1	6	40	1	2437
32	1	1	6	41	1	687
32	1	1	6	42	0	1672
32	1	1	6	43	1	2188
32	1	1	6	44	1	1125
32	1	1	6	45	1	610
32	1	1	6	46	1	698
32	1	1	6	47	1	730
32	1	1	6	48	1	646
32	1	2	7	1	1	684
32	1	2	7	2	1	645
32	1	2	7	3	1	616
32	1	2	7	4	1	500
32	1	2	7	5	0	1186
32	1	2	7	6	1	1245
32	1	2	7	7	1	700
32	1	2	7	8	1	1184
32	1	2	7	9	1	446
32	1	2	7	10	1	497
32	1	2	7	11	1	673
32	1	2	7	12	1	1467
32	1	2	7	13	1	610
32	1	2	7	14	1	658
32	1	2	7	15	1	460
32	1	2	7	16	1	520
32	1	2	7	17	1	674
32	1	2	7	18	1	690
32	1	2	7	19	1	785
32	1	2	7	20	1	521
32	1	2	7	21	1	497
32	1	2	7	22	1	661
32	1	2	7	23	1	698
32	1	2	7	24	1	732
32	1	2	7	25	1	676
32	1	2	7	26	1	616
32	1	2	7	27	1	595
32	1	2	7	28	1	890
32	1	2	7	29	1	608
32	1	2	7	30	1	869
32	1	2	7	31	1	455
32	1	2	7	32	1	659
32	1	2	7	33	1	984
32	1	2	7	34	1	643
32	1	2	7	35	1	413
32	1	2	7	36	1	524
32	1	2	7	37	1	527
32	1	2	7	38	1	453
32	1	2	7	39	1	712
32	1	2	7	40	1	714
32	1	2	7	41	1	581
32	1	2	7	42	1	919
32	1	2	7	43	1	768
32	1	2	7	44	1	658
32	1	2	7	45	1	814
32	1	2	7	46	1	607
32	1	2	7	47	1	579
32	1	2	7	48	1	524
33	2	1	3	1	1	3029
33	2	1	3	2	1	2111
33	2	1	3	3	1	1801
33	2	1	3	4	1	1503
33	2	1	3	5	1	1615
33	2	1	3	6	1	2116
33	2	1	3	7	1	1556
33	2	1	3	8	1	1688
33	2	1	3	9	1	2057
33	2	1	3	10	1	2734
33	2	1	3	11	1	1705
33	2	1	3	12	1	1400
33	2	1	3	13	1	1278
33	2	1	3	14	1	1533
33	2	1	3	15	1	1477
33	2	1	3	16	1	1116
33	2	1	3	17	1	1076
33	2	1	3	18	1	1786
33	2	1	3	19	1	1170
33	2	1	3	20	1	1200
33	2	1	3	21	1	1437
33	2	1	3	22	1	1254
33	2	1	3	23	1	1439
33	2	1	3	24	1	1100
33	2	1	3	25	0	3422
33	2	1	3	26	1	2170
33	2	1	3	27	1	1160
33	2	1	3	28	1	1504
33	2	1	3	29	1	1857
33	2	1	3	30	1	1246
33	2	1	3	31	1	1762
33	2	1	3	32	1	1280
33	2	1	3	33	1	1268
33	2	1	3	34	1	1184
33	2	1	3	35	1	784
33	2	1	3	36	1	1183
33	2	1	3	37	1	967
33	2	1	3	38	1	1143
33	2	1	3	39	1	1077
33	2	1	3	40	1	1106
33	2	1	3	41	1	1113
33	2	1	3	42	1	1495
33	2	1	3	43	1	1680
33	2	1	3	44	1	934
33	2	1	3	45	1	930
33	2	1	3	46	1	1107
33	2	1	3	47	1	1074
33	2	1	3	48	1	1074
33	2	2	4	1	1	2104
33	2	2	4	2	1	1428
33	2	2	4	3	1	1278
33	2	2	4	4	1	1172
33	2	2	4	5	1	1140
33	2	2	4	6	1	1020
33	2	2	4	7	1	1160
33	2	2	4	8	1	851
33	2	2	4	9	1	1358
33	2	2	4	10	1	1222
33	2	2	4	11	1	804
33	2	2	4	12	1	1133
33	2	2	4	13	1	1249
33	2	2	4	14	1	1784
33	2	2	4	15	1	931
33	2	2	4	16	1	1133
33	2	2	4	17	1	1104
33	2	2	4	18	1	1066
33	2	2	4	19	1	1356
33	2	2	4	20	1	1234
33	2	2	4	21	1	1130
33	2	2	4	22	1	1094
33	2	2	4	23	1	1130
33	2	2	4	24	1	1069
33	2	2	4	25	1	1056
33	2	2	4	26	1	1181
33	2	2	4	27	1	2887
33	2	2	4	28	1	1265
33	2	2	4	29	1	1208
33	2	2	4	30	1	1075
33	2	2	4	31	1	984
33	2	2	4	32	1	1128
33	2	2	4	33	1	1708
33	2	2	4	34	1	1262
33	2	2	4	35	1	961
33	2	2	4	36	1	1439
33	2	2	4	37	1	1020
33	2	2	4	38	1	1186
33	2	2	4	39	1	1064
33	2	2	4	40	1	1108
33	2	2	4	41	1	1037
33	2	2	4	42	1	1505
33	2	2	4	43	1	1335
33	2	2	4	44	1	972
33	2	2	4	45	1	921
33	2	2	4	46	1	1067
33	2	2	4	47	1	967
33	2	2	4	48	1	1317
33	2	1	6	1	1	3003
33	2	1	6	2	1	1372
33	2	1	6	3	1	1148
33	2	1	6	4	1	1248
33	2	1	6	5	1	1061
33	2	1	6	6	1	1065
33	2	1	6	7	1	1249
33	2	1	6	8	1	1019
33	2	1	6	9	1	1107
33	2	1	6	10	1	1060
33	2	1	6	11	1	1679
33	2	1	6	12	1	1000
33	2	1	6	13	1	1478
33	2	1	6	14	1	2042
33	2	1	6	15	1	1250
33	2	1	6	16	1	1116
33	2	1	6	17	1	685
33	2	1	6	18	1	718
33	2	1	6	19	1	996
33	2	1	6	20	1	1280
33	2	1	6	21	1	787
33	2	1	6	22	1	1106
33	2	1	6	23	1	686
33	2	1	6	24	1	931
33	2	1	6	25	1	806
33	2	1	6	26	1	1008
33	2	1	6	27	1	847
33	2	1	6	28	1	894
33	2	1	6	29	1	1613
33	2	1	6	30	1	707
33	2	1	6	31	1	834
33	2	1	6	32	1	1585
33	2	1	6	33	1	1305
33	2	1	6	34	1	905
33	2	1	6	35	1	1310
33	2	1	6	36	1	997
33	2	1	6	37	1	1956
33	2	1	6	38	1	2195
33	2	1	6	39	1	933
33	2	1	6	40	1	1075
33	2	1	6	41	1	1250
33	2	1	6	42	1	1062
33	2	1	6	43	1	666
33	2	1	6	44	1	755
33	2	1	6	45	1	920
33	2	1	6	46	1	1479
33	2	1	6	47	1	572
33	2	1	6	48	1	641
33	2	2	7	1	1	1585
33	2	2	7	2	1	1238
33	2	2	7	3	1	1255
33	2	2	7	4	1	598
33	2	2	7	5	1	753
33	2	2	7	6	1	1319
33	2	2	7	7	1	1413
33	2	2	7	8	1	907
33	2	2	7	9	1	928
33	2	2	7	10	1	663
33	2	2	7	11	1	706
33	2	2	7	12	1	607
33	2	2	7	13	1	645
33	2	2	7	14	1	758
33	2	2	7	15	1	1331
33	2	2	7	16	1	779
33	2	2	7	17	1	1000
33	2	2	7	18	1	836
33	2	2	7	19	1	608
33	2	2	7	20	1	1505
33	2	2	7	21	1	705
33	2	2	7	22	1	1174
33	2	2	7	23	1	850
33	2	2	7	24	1	1115
33	2	2	7	25	1	672
33	2	2	7	26	1	694
33	2	2	7	27	1	1052
33	2	2	7	28	1	836
33	2	2	7	29	1	824
33	2	2	7	30	1	809
33	2	2	7	31	1	1732
33	2	2	7	32	1	1019
33	2	2	7	33	1	1240
33	2	2	7	34	1	887
33	2	2	7	35	1	746
33	2	2	7	36	1	731
33	2	2	7	37	1	592
33	2	2	7	38	1	716
33	2	2	7	39	1	1571
33	2	2	7	40	1	772
33	2	2	7	41	1	1367
33	2	2	7	42	1	821
33	2	2	7	43	1	759
33	2	2	7	44	1	677
33	2	2	7	45	1	1064
33	2	2	7	46	1	1141
33	2	2	7	47	1	659
33	2	2	7	48	1	1625
34	1	1	3	1	1	627
34	1	1	3	2	1	581
34	1	1	3	3	1	612
34	1	1	3	4	1	470
34	1	1	3	5	1	373
34	1	1	3	6	1	435
34	1	1	3	7	0	818
34	1	1	3	8	1	960
34	1	1	3	9	1	507
34	1	1	3	10	1	594
34	1	1	3	11	1	557
34	1	1	3	12	1	529
34	1	1	3	13	1	580
34	1	1	3	14	1	583
34	1	1	3	15	1	503
34	1	1	3	16	1	618
34	1	1	3	17	1	584
34	1	1	3	18	1	492
34	1	1	3	19	1	548
34	1	1	3	20	1	448
34	1	1	3	21	0	862
34	1	1	3	22	1	529
34	1	1	3	23	1	455
34	1	1	3	24	1	753
34	1	1	3	25	1	470
34	1	1	3	26	1	442
34	1	1	3	27	0	977
34	1	1	3	28	1	652
34	1	1	3	29	1	432
34	1	1	3	30	1	509
34	1	1	3	31	1	639
34	1	1	3	32	1	846
34	1	1	3	33	1	621
34	1	1	3	34	1	603
34	1	1	3	35	1	529
34	1	1	3	36	1	524
34	1	1	3	37	0	922
34	1	1	3	38	1	447
34	1	1	3	39	1	455
34	1	1	3	40	1	394
34	1	1	3	41	1	544
34	1	1	3	42	1	388
34	1	1	3	43	1	498
34	1	1	3	44	1	542
34	1	1	3	45	1	497
34	1	1	3	46	1	443
34	1	1	3	47	1	532
34	1	1	3	48	0	864
34	1	2	4	1	1	496
34	1	2	4	2	1	593
34	1	2	4	3	1	449
34	1	2	4	4	1	608
34	1	2	4	5	1	394
34	1	2	4	6	1	488
34	1	2	4	7	1	599
34	1	2	4	8	1	592
34	1	2	4	9	0	908
34	1	2	4	10	1	886
34	1	2	4	11	1	527
34	1	2	4	12	1	372
34	1	2	4	13	1	475
34	1	2	4	14	1	626
34	1	2	4	15	1	598
34	1	2	4	16	1	467
34	1	2	4	17	0	882
34	1	2	4	18	1	527
34	1	2	4	19	1	632
34	1	2	4	20	1	644
34	1	2	4	21	1	617
34	1	2	4	22	1	835
34	1	2	4	23	1	580
34	1	2	4	24	1	542
34	1	2	4	25	1	538
34	1	2	4	26	1	493
34	1	2	4	27	1	676
34	1	2	4	28	1	473
34	1	2	4	29	1	707
34	1	2	4	30	1	569
34	1	2	4	31	0	1085
34	1	2	4	32	1	500
34	1	2	4	33	1	531
34	1	2	4	34	1	498
34	1	2	4	35	1	485
34	1	2	4	36	1	612
34	1	2	4	37	1	482
34	1	2	4	38	1	609
34	1	2	4	39	1	605
34	1	2	4	40	1	584
34	1	2	4	41	1	573
34	1	2	4	42	1	769
34	1	2	4	43	1	460
34	1	2	4	44	1	569
34	1	2	4	45	1	764
34	1	2	4	46	1	772
34	1	2	4	47	1	504
34	1	2	4	48	1	730
34	1	1	6	1	1	692
34	1	1	6	2	1	482
34	1	1	6	3	1	663
34	1	1	6	4	0	1181
34	1	1	6	5	1	590
34	1	1	6	6	0	1222
34	1	1	6	7	1	816
34	1	1	6	8	1	445
34	1	1	6	9	1	551
34	1	1	6	10	0	1191
34	1	1	6	11	1	766
34	1	1	6	12	1	732
34	1	1	6	13	1	473
34	1	1	6	14	1	541
34	1	1	6	15	1	662
34	1	1	6	16	0	1181
34	1	1	6	17	1	741
34	1	1	6	18	1	1009
34	1	1	6	19	1	811
34	1	1	6	20	1	524
34	1	1	6	21	1	641
34	1	1	6	22	1	656
34	1	1	6	23	1	894
34	1	1	6	24	1	954
34	1	1	6	25	1	1204
34	1	1	6	26	0	1074
34	1	1	6	27	1	407
34	1	1	6	28	0	1086
34	1	1	6	29	1	1057
34	1	1	6	30	1	1796
34	1	1	6	31	1	564
34	1	1	6	32	1	538
34	1	1	6	33	1	464
34	1	1	6	34	0	976
34	1	1	6	35	1	500
34	1	1	6	36	1	752
34	1	1	6	37	1	619
34	1	1	6	38	1	684
34	1	1	6	39	1	679
34	1	1	6	40	1	506
34	1	1	6	41	1	787
34	1	1	6	42	0	1261
34	1	1	6	43	1	625
34	1	1	6	44	1	929
34	1	1	6	45	1	566
34	1	1	6	46	0	916
34	1	1	6	47	1	733
34	1	1	6	48	1	1329
34	1	2	7	1	1	644
34	1	2	7	2	1	566
34	1	2	7	3	1	511
34	1	2	7	4	1	585
34	1	2	7	5	1	576
34	1	2	7	6	0	1137
34	1	2	7	7	1	659
34	1	2	7	8	1	485
34	1	2	7	9	1	416
34	1	2	7	10	1	626
34	1	2	7	11	1	442
34	1	2	7	12	1	794
34	1	2	7	13	0	1018
34	1	2	7	14	1	1004
34	1	2	7	15	1	586
34	1	2	7	16	1	811
34	1	2	7	17	1	608
34	1	2	7	18	1	588
34	1	2	7	19	1	524
34	1	2	7	20	1	476
34	1	2	7	21	1	584
34	1	2	7	22	1	573
34	1	2	7	23	1	589
34	1	2	7	24	1	610
34	1	2	7	25	1	620
34	1	2	7	26	1	1182
34	1	2	7	27	1	669
34	1	2	7	28	1	452
34	1	2	7	29	1	627
34	1	2	7	30	1	542
34	1	2	7	31	1	623
34	1	2	7	32	1	634
34	1	2	7	33	1	578
34	1	2	7	34	1	539
34	1	2	7	35	1	593
34	1	2	7	36	1	447
34	1	2	7	37	1	690
34	1	2	7	38	1	477
34	1	2	7	39	1	654
34	1	2	7	40	1	1002
34	1	2	7	41	1	529
34	1	2	7	42	1	1019
34	1	2	7	43	0	855
34	1	2	7	44	1	883
34	1	2	7	45	1	650
34	1	2	7	46	1	707
34	1	2	7	47	1	621
34	1	2	7	48	1	591
35	2	1	3	1	1	1477
35	2	1	3	2	1	1404
35	2	1	3	3	1	1132
35	2	1	3	4	1	1153
35	2	1	3	5	1	1427
35	2	1	3	6	1	1096
35	2	1	3	7	1	924
35	2	1	3	8	1	1390
35	2	1	3	9	1	1522
35	2	1	3	10	1	895
35	2	1	3	11	1	658
35	2	1	3	12	0	2022
35	2	1	3	13	1	1015
35	2	1	3	14	1	1234
35	2	1	3	15	1	2023
35	2	1	3	16	1	2734
35	2	1	3	17	1	1517
35	2	1	3	18	1	1343
35	2	1	3	19	1	777
35	2	1	3	20	1	2350
35	2	1	3	21	1	835
35	2	1	3	22	1	1052
35	2	1	3	23	1	1237
35	2	1	3	24	1	1452
35	2	1	3	25	1	1811
35	2	1	3	26	1	1792
35	2	1	3	27	1	977
35	2	1	3	28	1	1295
35	2	1	3	29	1	858
35	2	1	3	30	1	4110
35	2	1	3	31	1	1058
35	2	1	3	32	1	1524
35	2	1	3	33	1	1123
35	2	1	3	34	1	1228
35	2	1	3	35	1	739
35	2	1	3	36	1	2909
35	2	1	3	37	0	1098
35	2	1	3	38	1	4101
35	2	1	3	39	1	835
35	2	1	3	40	1	1653
35	2	1	3	41	1	652
35	2	1	3	42	1	1704
35	2	1	3	43	1	3586
35	2	1	3	44	1	1225
35	2	1	3	45	1	1044
35	2	1	3	46	1	683
35	2	1	3	47	1	929
35	2	1	3	48	1	2537
35	2	2	4	1	1	1222
35	2	2	4	2	0	1192
35	2	2	4	3	1	1350
35	2	2	4	4	0	1638
35	2	2	4	5	1	1041
35	2	2	4	6	1	1950
35	2	2	4	7	1	1555
35	2	2	4	8	1	1283
35	2	2	4	9	1	635
35	2	2	4	10	1	570
35	2	2	4	11	1	905
35	2	2	4	12	1	2882
35	2	2	4	13	1	713
35	2	2	4	14	1	1286
35	2	2	4	15	1	826
35	2	2	4	16	1	774
35	2	2	4	17	1	1405
35	2	2	4	18	1	1081
35	2	2	4	19	1	1166
35	2	2	4	20	0	1198
35	2	2	4	21	1	567
35	2	2	4	22	1	650
35	2	2	4	23	1	741
35	2	2	4	24	1	885
35	2	2	4	25	1	705
35	2	2	4	26	1	1547
35	2	2	4	27	1	1380
35	2	2	4	28	0	1887
35	2	2	4	29	1	1426
35	2	2	4	30	1	845
35	2	2	4	31	1	1006
35	2	2	4	32	1	1307
35	2	2	4	33	1	1042
35	2	2	4	34	1	605
35	2	2	4	35	1	1176
35	2	2	4	36	1	1085
35	2	2	4	37	1	944
35	2	2	4	38	1	723
35	2	2	4	39	1	855
35	2	2	4	40	1	1747
35	2	2	4	41	0	1171
35	2	2	4	42	1	1092
35	2	2	4	43	1	898
35	2	2	4	44	1	941
35	2	2	4	45	1	644
35	2	2	4	46	1	923
35	2	2	4	47	1	854
35	2	2	4	48	1	2041
35	2	1	6	1	1	1263
35	2	1	6	2	1	791
35	2	1	6	3	1	616
35	2	1	6	4	1	636
35	2	1	6	5	0	1043
35	2	1	6	6	1	802
35	2	1	6	7	1	1145
35	2	1	6	8	1	736
35	2	1	6	9	1	960
35	2	1	6	10	1	1163
35	2	1	6	11	1	751
35	2	1	6	12	1	891
35	2	1	6	13	1	884
35	2	1	6	14	1	823
35	2	1	6	15	1	696
35	2	1	6	16	1	592
35	2	1	6	17	1	616
35	2	1	6	18	1	690
35	2	1	6	19	1	762
35	2	1	6	20	1	644
35	2	1	6	21	1	590
35	2	1	6	22	1	669
35	2	1	6	23	1	506
35	2	1	6	24	1	628
35	2	1	6	25	1	751
35	2	1	6	26	1	732
35	2	1	6	27	1	1086
35	2	1	6	28	1	692
35	2	1	6	29	1	605
35	2	1	6	30	1	642
35	2	1	6	31	1	672
35	2	1	6	32	1	534
35	2	1	6	33	1	570
35	2	1	6	34	1	905
35	2	1	6	35	1	829
35	2	1	6	36	1	698
35	2	1	6	37	1	834
35	2	1	6	38	1	689
35	2	1	6	39	1	548
35	2	1	6	40	1	661
35	2	1	6	41	1	790
35	2	1	6	42	1	669
35	2	1	6	43	1	680
35	2	1	6	44	1	446
35	2	1	6	45	1	379
35	2	1	6	46	1	697
35	2	1	6	47	1	486
35	2	1	6	48	1	680
35	2	2	7	1	1	813
35	2	2	7	2	1	606
35	2	2	7	3	1	576
35	2	2	7	4	1	777
35	2	2	7	5	1	442
35	2	2	7	6	1	549
35	2	2	7	7	1	528
35	2	2	7	8	1	431
35	2	2	7	9	1	715
35	2	2	7	10	1	900
35	2	2	7	11	1	609
35	2	2	7	12	1	1310
35	2	2	7	13	1	1135
35	2	2	7	14	1	930
35	2	2	7	15	1	648
35	2	2	7	16	1	1461
35	2	2	7	17	1	643
35	2	2	7	18	1	496
35	2	2	7	19	1	644
35	2	2	7	20	1	1004
35	2	2	7	21	1	1106
35	2	2	7	22	1	682
35	2	2	7	23	1	609
35	2	2	7	24	1	605
35	2	2	7	25	1	986
35	2	2	7	26	1	641
35	2	2	7	27	1	1257
35	2	2	7	28	1	601
35	2	2	7	29	1	1037
35	2	2	7	30	1	774
35	2	2	7	31	1	1551
35	2	2	7	32	1	1102
35	2	2	7	33	1	718
35	2	2	7	34	1	890
35	2	2	7	35	1	672
35	2	2	7	36	1	1079
35	2	2	7	37	1	645
35	2	2	7	38	1	633
35	2	2	7	39	1	835
35	2	2	7	40	1	611
35	2	2	7	41	1	524
35	2	2	7	42	1	655
35	2	2	7	43	1	401
35	2	2	7	44	1	666
35	2	2	7	45	1	648
35	2	2	7	46	1	621
35	2	2	7	47	1	626
35	2	2	7	48	1	792
36	1	1	3	1	1	1631
36	1	1	3	2	1	645
36	1	1	3	3	1	730
36	1	1	3	4	1	623
36	1	1	3	5	1	692
36	1	1	3	6	1	496
36	1	1	3	7	1	941
36	1	1	3	8	1	760
36	1	1	3	9	1	741
36	1	1	3	10	1	663
36	1	1	3	11	1	584
36	1	1	3	12	1	697
36	1	1	3	13	1	642
36	1	1	3	14	1	709
36	1	1	3	15	1	794
36	1	1	3	16	1	781
36	1	1	3	17	1	738
36	1	1	3	18	1	619
36	1	1	3	19	1	932
36	1	1	3	20	1	708
36	1	1	3	21	1	736
36	1	1	3	22	1	1445
36	1	1	3	23	1	621
36	1	1	3	24	1	980
36	1	1	3	25	1	792
36	1	1	3	26	1	1030
36	1	1	3	27	1	1070
36	1	1	3	28	1	1979
36	1	1	3	29	1	598
36	1	1	3	30	1	594
36	1	1	3	31	1	878
36	1	1	3	32	1	809
36	1	1	3	33	1	662
36	1	1	3	34	0	1292
36	1	1	3	35	1	834
36	1	1	3	36	1	858
36	1	1	3	37	1	897
36	1	1	3	38	1	693
36	1	1	3	39	1	775
36	1	1	3	40	1	579
36	1	1	3	41	1	901
36	1	1	3	42	0	1187
36	1	1	3	43	1	903
36	1	1	3	44	1	716
36	1	1	3	45	1	593
36	1	1	3	46	1	598
36	1	1	3	47	1	635
36	1	1	3	48	1	844
36	1	2	4	1	1	612
36	1	2	4	2	1	899
36	1	2	4	3	1	600
36	1	2	4	4	1	717
36	1	2	4	5	1	594
36	1	2	4	6	1	628
36	1	2	4	7	1	724
36	1	2	4	8	1	850
36	1	2	4	9	1	918
36	1	2	4	10	1	968
36	1	2	4	11	1	683
36	1	2	4	12	1	846
36	1	2	4	13	1	758
36	1	2	4	14	1	807
36	1	2	4	15	1	728
36	1	2	4	16	1	648
36	1	2	4	17	1	928
36	1	2	4	18	1	594
36	1	2	4	19	1	986
36	1	2	4	20	1	677
36	1	2	4	21	1	738
36	1	2	4	22	1	938
36	1	2	4	23	1	1064
36	1	2	4	24	1	1084
36	1	2	4	25	1	705
36	1	2	4	26	1	956
36	1	2	4	27	1	972
36	1	2	4	28	1	1251
36	1	2	4	29	0	2181
36	1	2	4	30	1	1492
36	1	2	4	31	1	883
36	1	2	4	32	1	1120
36	1	2	4	33	1	1927
36	1	2	4	34	1	580
36	1	2	4	35	1	889
36	1	2	4	36	1	932
36	1	2	4	37	1	709
36	1	2	4	38	1	890
36	1	2	4	39	1	949
36	1	2	4	40	1	685
36	1	2	4	41	1	764
36	1	2	4	42	1	800
36	1	2	4	43	1	885
36	1	2	4	44	1	710
36	1	2	4	45	1	862
36	1	2	4	46	1	694
36	1	2	4	47	1	912
36	1	2	4	48	1	555
36	1	1	6	1	1	864
36	1	1	6	2	1	1210
36	1	1	6	3	1	1036
36	1	1	6	4	1	1370
36	1	1	6	5	1	976
36	1	1	6	6	1	914
36	1	1	6	7	1	989
36	1	1	6	8	1	845
36	1	1	6	9	1	1076
36	1	1	6	10	1	2181
36	1	1	6	11	1	823
36	1	1	6	12	1	980
36	1	1	6	13	1	711
36	1	1	6	14	1	1167
36	1	1	6	15	1	888
36	1	1	6	16	1	1014
36	1	1	6	17	1	876
36	1	1	6	18	0	1366
36	1	1	6	19	1	984
36	1	1	6	20	1	1530
36	1	1	6	21	1	858
36	1	1	6	22	1	927
36	1	1	6	23	1	1006
36	1	1	6	24	1	1348
36	1	1	6	25	1	1726
36	1	1	6	26	1	1009
36	1	1	6	27	1	827
36	1	1	6	28	1	1635
36	1	1	6	29	1	1621
36	1	1	6	30	1	1520
36	1	1	6	31	1	805
36	1	1	6	32	1	1333
36	1	1	6	33	1	932
36	1	1	6	34	1	929
36	1	1	6	35	1	513
36	1	1	6	36	1	656
36	1	1	6	37	1	784
36	1	1	6	38	1	964
36	1	1	6	39	1	926
36	1	1	6	40	1	1175
36	1	1	6	41	1	978
36	1	1	6	42	1	1749
36	1	1	6	43	1	770
36	1	1	6	44	1	823
36	1	1	6	45	1	732
36	1	1	6	46	1	694
36	1	1	6	47	1	1120
36	1	1	6	48	1	815
36	1	2	7	1	1	875
36	1	2	7	2	1	920
36	1	2	7	3	1	1079
36	1	2	7	4	1	896
36	1	2	7	5	1	708
36	1	2	7	6	1	1011
36	1	2	7	7	1	818
36	1	2	7	8	1	797
36	1	2	7	9	1	700
36	1	2	7	10	1	655
36	1	2	7	11	1	643
36	1	2	7	12	1	879
36	1	2	7	13	1	882
36	1	2	7	14	1	775
36	1	2	7	15	1	651
36	1	2	7	16	1	1261
36	1	2	7	17	1	1139
36	1	2	7	18	1	1258
36	1	2	7	19	1	705
36	1	2	7	20	1	858
36	1	2	7	21	1	898
36	1	2	7	22	1	1374
36	1	2	7	23	1	813
36	1	2	7	24	1	832
36	1	2	7	25	1	814
36	1	2	7	26	0	1528
36	1	2	7	27	1	1066
36	1	2	7	28	1	936
36	1	2	7	29	1	1099
36	1	2	7	30	1	669
36	1	2	7	31	1	761
36	1	2	7	32	1	767
36	1	2	7	33	1	984
36	1	2	7	34	1	2402
36	1	2	7	35	1	1168
36	1	2	7	36	1	1194
36	1	2	7	37	1	919
36	1	2	7	38	1	1330
36	1	2	7	39	1	803
36	1	2	7	40	1	1261
36	1	2	7	41	1	752
36	1	2	7	42	1	1520
36	1	2	7	43	1	1236
36	1	2	7	44	1	763
36	1	2	7	45	1	648
36	1	2	7	46	0	1472
36	1	2	7	47	1	888
36	1	2	7	48	1	1944
37	2	1	3	1	1	1239
37	2	1	3	2	0	1661
37	2	1	3	3	0	1543
37	2	1	3	4	1	1175
37	2	1	3	5	1	1131
37	2	1	3	6	0	1184
37	2	1	3	7	1	1483
37	2	1	3	8	1	1103
37	2	1	3	9	1	1213
37	2	1	3	10	1	1003
37	2	1	3	11	1	1615
37	2	1	3	12	1	1113
37	2	1	3	13	1	1003
37	2	1	3	14	1	959
37	2	1	3	15	1	689
37	2	1	3	16	0	1035
37	2	1	3	17	1	1139
37	2	1	3	18	1	1497
37	2	1	3	19	1	813
37	2	1	3	20	1	1228
37	2	1	3	21	0	1177
37	2	1	3	22	1	1004
37	2	1	3	23	1	959
37	2	1	3	24	1	1010
37	2	1	3	25	1	1066
37	2	1	3	26	0	1307
37	2	1	3	27	1	1081
37	2	1	3	28	1	1522
37	2	1	3	29	1	816
37	2	1	3	30	1	941
37	2	1	3	31	1	795
37	2	1	3	32	1	798
37	2	1	3	33	0	1091
37	2	1	3	34	1	1242
37	2	1	3	35	1	583
37	2	1	3	36	1	581
37	2	1	3	37	1	806
37	2	1	3	38	1	1168
37	2	1	3	39	1	850
37	2	1	3	40	1	1052
37	2	1	3	41	1	583
37	2	1	3	42	1	1304
37	2	1	3	43	1	624
37	2	1	3	44	1	1238
37	2	1	3	45	0	1084
37	2	1	3	46	1	775
37	2	1	3	47	1	594
37	2	1	3	48	1	1479
37	2	2	4	1	1	1253
37	2	2	4	2	1	813
37	2	2	4	3	1	772
37	2	2	4	4	1	713
37	2	2	4	5	0	1418
37	2	2	4	6	1	1900
37	2	2	4	7	1	648
37	2	2	4	8	1	675
37	2	2	4	9	1	581
37	2	2	4	10	1	714
37	2	2	4	11	1	518
37	2	2	4	12	1	570
37	2	2	4	13	1	652
37	2	2	4	14	0	1041
37	2	2	4	15	1	654
37	2	2	4	16	0	1484
37	2	2	4	17	1	1003
37	2	2	4	18	1	1615
37	2	2	4	19	1	634
37	2	2	4	20	1	876
37	2	2	4	21	1	583
37	2	2	4	22	1	634
37	2	2	4	23	1	474
37	2	2	4	24	1	555
37	2	2	4	25	1	708
37	2	2	4	26	1	607
37	2	2	4	27	1	728
37	2	2	4	28	0	1081
37	2	2	4	29	1	1507
37	2	2	4	30	1	1450
37	2	2	4	31	1	717
37	2	2	4	32	0	1253
37	2	2	4	33	1	1299
37	2	2	4	34	1	1517
37	2	2	4	35	1	637
37	2	2	4	36	1	1375
37	2	2	4	37	1	581
37	2	2	4	38	1	740
37	2	2	4	39	1	552
37	2	2	4	40	1	530
37	2	2	4	41	1	588
37	2	2	4	42	1	972
37	2	2	4	43	1	1048
37	2	2	4	44	1	714
37	2	2	4	45	1	526
37	2	2	4	46	1	1439
37	2	2	4	47	1	639
37	2	2	4	48	1	507
37	2	1	6	1	1	650
37	2	1	6	2	1	540
37	2	1	6	3	1	567
37	2	1	6	4	1	501
37	2	1	6	5	0	881
37	2	1	6	6	1	745
37	2	1	6	7	1	585
37	2	1	6	8	1	609
37	2	1	6	9	1	650
37	2	1	6	10	1	515
37	2	1	6	11	1	552
37	2	1	6	12	1	558
37	2	1	6	13	1	903
37	2	1	6	14	1	517
37	2	1	6	15	1	716
37	2	1	6	16	1	634
37	2	1	6	17	1	460
37	2	1	6	18	1	492
37	2	1	6	19	1	567
37	2	1	6	20	1	648
37	2	1	6	21	1	460
37	2	1	6	22	1	516
37	2	1	6	23	1	420
37	2	1	6	24	1	532
37	2	1	6	25	1	527
37	2	1	6	26	1	464
37	2	1	6	27	1	510
37	2	1	6	28	1	584
37	2	1	6	29	1	461
37	2	1	6	30	1	506
37	2	1	6	31	0	997
37	2	1	6	32	1	511
37	2	1	6	33	1	518
37	2	1	6	34	1	461
37	2	1	6	35	1	492
37	2	1	6	36	1	502
37	2	1	6	37	1	704
37	2	1	6	38	1	570
37	2	1	6	39	1	492
37	2	1	6	40	1	581
37	2	1	6	41	1	660
37	2	1	6	42	1	463
37	2	1	6	43	1	507
37	2	1	6	44	1	459
37	2	1	6	45	1	583
37	2	1	6	46	1	513
37	2	1	6	47	1	1015
37	2	1	6	48	1	781
37	2	2	7	1	1	530
37	2	2	7	2	1	519
37	2	2	7	3	1	504
37	2	2	7	4	1	544
37	2	2	7	5	1	397
37	2	2	7	6	1	426
37	2	2	7	7	1	569
37	2	2	7	8	1	437
37	2	2	7	9	1	627
37	2	2	7	10	0	812
37	2	2	7	11	1	497
37	2	2	7	12	1	602
37	2	2	7	13	1	488
37	2	2	7	14	1	787
37	2	2	7	15	1	573
37	2	2	7	16	1	585
37	2	2	7	17	1	570
37	2	2	7	18	1	518
37	2	2	7	19	1	608
37	2	2	7	20	1	904
37	2	2	7	21	1	517
37	2	2	7	22	1	502
37	2	2	7	23	1	585
37	2	2	7	24	1	744
37	2	2	7	25	1	502
37	2	2	7	26	1	505
37	2	2	7	27	1	506
37	2	2	7	28	1	524
37	2	2	7	29	1	501
37	2	2	7	30	1	450
37	2	2	7	31	1	541
37	2	2	7	32	1	593
37	2	2	7	33	1	851
37	2	2	7	34	1	596
37	2	2	7	35	1	520
37	2	2	7	36	1	450
37	2	2	7	37	1	448
37	2	2	7	38	1	447
37	2	2	7	39	1	506
37	2	2	7	40	1	446
37	2	2	7	41	0	897
37	2	2	7	42	1	630
37	2	2	7	43	1	493
37	2	2	7	44	1	558
37	2	2	7	45	1	755
37	2	2	7	46	1	493
37	2	2	7	47	1	554
37	2	2	7	48	1	546
38	1	1	3	1	1	1199
38	1	1	3	2	1	580
38	1	1	3	3	1	607
38	1	1	3	4	1	678
38	1	1	3	5	1	647
38	1	1	3	6	1	429
38	1	1	3	7	1	497
38	1	1	3	8	1	469
38	1	1	3	9	1	483
38	1	1	3	10	1	514
38	1	1	3	11	1	483
38	1	1	3	12	1	557
38	1	1	3	13	1	554
38	1	1	3	14	1	606
38	1	1	3	15	1	485
38	1	1	3	16	1	535
38	1	1	3	17	1	616
38	1	1	3	18	1	529
38	1	1	3	19	1	495
38	1	1	3	20	1	483
38	1	1	3	21	1	473
38	1	1	3	22	1	608
38	1	1	3	23	1	474
38	1	1	3	24	1	650
38	1	1	3	25	1	555
38	1	1	3	26	1	582
38	1	1	3	27	1	525
38	1	1	3	28	0	1009
38	1	1	3	29	1	575
38	1	1	3	30	1	544
38	1	1	3	31	1	454
38	1	1	3	32	1	633
38	1	1	3	33	1	569
38	1	1	3	34	0	1084
38	1	1	3	35	1	530
38	1	1	3	36	1	552
38	1	1	3	37	1	604
38	1	1	3	38	1	413
38	1	1	3	39	1	457
38	1	1	3	40	1	472
38	1	1	3	41	1	566
38	1	1	3	42	1	637
38	1	1	3	43	1	553
38	1	1	3	44	1	550
38	1	1	3	45	1	597
38	1	1	3	46	1	496
38	1	1	3	47	1	524
38	1	1	3	48	1	584
38	1	2	4	1	1	539
38	1	2	4	2	1	470
38	1	2	4	3	1	633
38	1	2	4	4	1	608
38	1	2	4	5	1	419
38	1	2	4	6	1	509
38	1	2	4	7	1	584
38	1	2	4	8	1	515
38	1	2	4	9	1	637
38	1	2	4	10	0	1017
38	1	2	4	11	1	651
38	1	2	4	12	1	523
38	1	2	4	13	1	552
38	1	2	4	14	1	590
38	1	2	4	15	1	597
38	1	2	4	16	1	552
38	1	2	4	17	1	536
38	1	2	4	18	1	481
38	1	2	4	19	1	539
38	1	2	4	20	1	500
38	1	2	4	21	1	390
38	1	2	4	22	1	513
38	1	2	4	23	1	567
38	1	2	4	24	1	583
38	1	2	4	25	1	486
38	1	2	4	26	1	551
38	1	2	4	27	1	617
38	1	2	4	28	1	541
38	1	2	4	29	1	486
38	1	2	4	30	1	524
38	1	2	4	31	1	595
38	1	2	4	32	1	468
38	1	2	4	33	1	385
38	1	2	4	34	1	508
38	1	2	4	35	1	502
38	1	2	4	36	1	589
38	1	2	4	37	1	498
38	1	2	4	38	1	556
38	1	2	4	39	1	539
38	1	2	4	40	1	471
38	1	2	4	41	0	1074
38	1	2	4	42	1	1345
38	1	2	4	43	1	496
38	1	2	4	44	1	567
38	1	2	4	45	1	788
38	1	2	4	46	1	620
38	1	2	4	47	1	522
38	1	2	4	48	1	525
38	1	1	6	1	1	665
38	1	1	6	2	0	1145
38	1	1	6	3	1	565
38	1	1	6	4	1	552
38	1	1	6	5	1	496
38	1	1	6	6	1	771
38	1	1	6	7	1	686
38	1	1	6	8	1	583
38	1	1	6	9	0	1501
38	1	1	6	10	1	1418
38	1	1	6	11	1	508
38	1	1	6	12	1	499
38	1	1	6	13	1	461
38	1	1	6	14	1	481
38	1	1	6	15	1	649
38	1	1	6	16	1	553
38	1	1	6	17	1	607
38	1	1	6	18	0	1049
38	1	1	6	19	1	935
38	1	1	6	20	0	1167
38	1	1	6	21	1	679
38	1	1	6	22	1	648
38	1	1	6	23	1	689
38	1	1	6	24	0	1034
38	1	1	6	25	1	652
38	1	1	6	26	1	988
38	1	1	6	27	1	729
38	1	1	6	28	1	796
38	1	1	6	29	1	635
38	1	1	6	30	1	629
38	1	1	6	31	1	1194
38	1	1	6	32	1	795
38	1	1	6	33	1	619
38	1	1	6	34	1	563
38	1	1	6	35	1	403
38	1	1	6	36	1	892
38	1	1	6	37	1	587
38	1	1	6	38	1	729
38	1	1	6	39	1	1234
38	1	1	6	40	1	973
38	1	1	6	41	1	581
38	1	1	6	42	1	622
38	1	1	6	43	1	769
38	1	1	6	44	1	593
38	1	1	6	45	1	1185
38	1	1	6	46	1	918
38	1	1	6	47	1	876
38	1	1	6	48	1	520
38	1	2	7	1	1	862
38	1	2	7	2	1	594
38	1	2	7	3	1	616
38	1	2	7	4	1	637
38	1	2	7	5	1	510
38	1	2	7	6	1	973
38	1	2	7	7	1	608
38	1	2	7	8	1	598
38	1	2	7	9	1	444
38	1	2	7	10	0	812
38	1	2	7	11	1	796
38	1	2	7	12	1	715
38	1	2	7	13	1	841
38	1	2	7	14	1	801
38	1	2	7	15	1	495
38	1	2	7	16	1	563
38	1	2	7	17	1	472
38	1	2	7	18	0	856
38	1	2	7	19	1	649
38	1	2	7	20	1	568
38	1	2	7	21	1	863
38	1	2	7	22	1	716
38	1	2	7	23	1	622
38	1	2	7	24	1	554
38	1	2	7	25	1	770
38	1	2	7	26	1	578
38	1	2	7	27	1	549
38	1	2	7	28	1	691
38	1	2	7	29	1	582
38	1	2	7	30	0	1009
38	1	2	7	31	1	611
38	1	2	7	32	1	673
38	1	2	7	33	0	1007
38	1	2	7	34	1	964
38	1	2	7	35	1	404
38	1	2	7	36	0	800
38	1	2	7	37	1	501
38	1	2	7	38	1	631
38	1	2	7	39	1	647
38	1	2	7	40	1	512
38	1	2	7	41	1	553
38	1	2	7	42	1	794
38	1	2	7	43	1	577
38	1	2	7	44	0	841
38	1	2	7	45	1	473
38	1	2	7	46	1	704
38	1	2	7	47	1	632
38	1	2	7	48	1	568
39	2	1	3	1	1	1732
39	2	1	3	2	1	2158
39	2	1	3	3	1	1272
39	2	1	3	4	1	1215
39	2	1	3	5	1	876
39	2	1	3	6	0	2222
39	2	1	3	7	1	973
39	2	1	3	8	0	2609
39	2	1	3	9	1	1887
39	2	1	3	10	1	2136
39	2	1	3	11	1	906
39	2	1	3	12	1	949
39	2	1	3	13	1	663
39	2	1	3	14	1	2623
39	2	1	3	15	1	816
39	2	1	3	16	1	902
39	2	1	3	17	1	627
39	2	1	3	18	1	831
39	2	1	3	19	1	820
39	2	1	3	20	1	920
39	2	1	3	21	1	627
39	2	1	3	22	1	873
39	2	1	3	23	1	935
39	2	1	3	24	1	866
39	2	1	3	25	1	703
39	2	1	3	26	1	828
39	2	1	3	27	1	658
39	2	1	3	28	1	644
39	2	1	3	29	1	739
39	2	1	3	30	1	1175
39	2	1	3	31	1	1740
39	2	1	3	32	1	1391
39	2	1	3	33	1	711
39	2	1	3	34	1	551
39	2	1	3	35	1	613
39	2	1	3	36	1	952
39	2	1	3	37	1	492
39	2	1	3	38	1	1447
39	2	1	3	39	1	767
39	2	1	3	40	0	1629
39	2	1	3	41	1	579
39	2	1	3	42	1	1140
39	2	1	3	43	1	709
39	2	1	3	44	1	928
39	2	1	3	45	1	859
39	2	1	3	46	1	2180
39	2	1	3	47	1	701
39	2	1	3	48	1	716
39	2	2	4	1	1	730
39	2	2	4	2	1	889
39	2	2	4	3	1	1415
39	2	2	4	4	1	728
39	2	2	4	5	1	899
39	2	2	4	6	1	916
39	2	2	4	7	1	663
39	2	2	4	8	1	702
39	2	2	4	9	1	599
39	2	2	4	10	1	636
39	2	2	4	11	1	1145
39	2	2	4	12	1	926
39	2	2	4	13	1	673
39	2	2	4	14	1	656
39	2	2	4	15	1	672
39	2	2	4	16	1	1134
39	2	2	4	17	1	719
39	2	2	4	18	1	786
39	2	2	4	19	1	800
39	2	2	4	20	1	584
39	2	2	4	21	1	1145
39	2	2	4	22	1	685
39	2	2	4	23	1	691
39	2	2	4	24	1	1006
39	2	2	4	25	1	683
39	2	2	4	26	1	677
39	2	2	4	27	1	804
39	2	2	4	28	1	746
39	2	2	4	29	1	767
39	2	2	4	30	1	664
39	2	2	4	31	1	636
39	2	2	4	32	1	1239
39	2	2	4	33	1	722
39	2	2	4	34	1	1056
39	2	2	4	35	1	618
39	2	2	4	36	1	598
39	2	2	4	37	1	675
39	2	2	4	38	1	1567
39	2	2	4	39	1	1543
39	2	2	4	40	1	1484
39	2	2	4	41	1	973
39	2	2	4	42	1	2284
39	2	2	4	43	1	557
39	2	2	4	44	1	645
39	2	2	4	45	1	499
39	2	2	4	46	1	662
39	2	2	4	47	1	685
39	2	2	4	48	1	1506
39	2	1	6	1	1	1084
39	2	1	6	2	1	1290
39	2	1	6	3	1	630
39	2	1	6	4	1	687
39	2	1	6	5	1	803
39	2	1	6	6	1	827
39	2	1	6	7	1	644
39	2	1	6	8	1	829
39	2	1	6	9	1	995
39	2	1	6	10	1	699
39	2	1	6	11	1	554
39	2	1	6	12	1	629
39	2	1	6	13	1	860
39	2	1	6	14	1	644
39	2	1	6	15	1	818
39	2	1	6	16	1	478
39	2	1	6	17	1	510
39	2	1	6	18	1	565
39	2	1	6	19	1	968
39	2	1	6	20	1	598
39	2	1	6	21	1	475
39	2	1	6	22	1	512
39	2	1	6	23	1	472
39	2	1	6	24	1	643
39	2	1	6	25	1	443
39	2	1	6	26	0	1395
39	2	1	6	27	1	2246
39	2	1	6	28	1	512
39	2	1	6	29	1	419
39	2	1	6	30	1	574
39	2	1	6	31	1	738
39	2	1	6	32	1	508
39	2	1	6	33	1	592
39	2	1	6	34	1	791
39	2	1	6	35	1	793
39	2	1	6	36	1	804
39	2	1	6	37	1	828
39	2	1	6	38	1	1124
39	2	1	6	39	1	444
39	2	1	6	40	1	484
39	2	1	6	41	1	678
39	2	1	6	42	1	538
39	2	1	6	43	1	523
39	2	1	6	44	1	550
39	2	1	6	45	1	571
39	2	1	6	46	1	787
39	2	1	6	47	1	654
39	2	1	6	48	1	1777
39	2	2	7	1	1	682
39	2	2	7	2	1	662
39	2	2	7	3	1	579
39	2	2	7	4	1	605
39	2	2	7	5	1	535
39	2	2	7	6	1	559
39	2	2	7	7	1	553
39	2	2	7	8	1	493
39	2	2	7	9	1	511
39	2	2	7	10	1	617
39	2	2	7	11	1	718
39	2	2	7	12	1	653
39	2	2	7	13	1	932
39	2	2	7	14	1	649
39	2	2	7	15	1	544
39	2	2	7	16	1	605
39	2	2	7	17	1	548
39	2	2	7	18	1	555
39	2	2	7	19	1	654
39	2	2	7	20	1	576
39	2	2	7	21	1	629
39	2	2	7	22	1	659
39	2	2	7	23	1	1155
39	2	2	7	24	1	722
39	2	2	7	25	1	534
39	2	2	7	26	1	586
39	2	2	7	27	1	600
39	2	2	7	28	1	449
39	2	2	7	29	1	756
39	2	2	7	30	1	577
39	2	2	7	31	1	525
39	2	2	7	32	1	1765
39	2	2	7	33	1	462
39	2	2	7	34	1	472
39	2	2	7	35	1	550
39	2	2	7	36	1	569
39	2	2	7	37	1	533
39	2	2	7	38	1	678
39	2	2	7	39	1	565
39	2	2	7	40	1	622
39	2	2	7	41	1	563
39	2	2	7	42	1	805
39	2	2	7	43	1	1043
39	2	2	7	44	1	872
39	2	2	7	45	1	602
39	2	2	7	46	1	612
39	2	2	7	47	1	578
39	2	2	7	48	1	1006
40	1	1	3	1	1	1861
40	1	1	3	2	1	944
40	1	1	3	3	1	768
40	1	1	3	4	1	755
40	1	1	3	5	1	703
40	1	1	3	6	0	3148
40	1	1	3	7	1	2765
40	1	1	3	8	1	866
40	1	1	3	9	1	843
40	1	1	3	10	1	1027
40	1	1	3	11	1	684
40	1	1	3	12	1	667
40	1	1	3	13	1	1348
40	1	1	3	14	1	936
40	1	1	3	15	1	713
40	1	1	3	16	1	648
40	1	1	3	17	1	1002
40	1	1	3	18	1	660
40	1	1	3	19	1	1107
40	1	1	3	20	1	992
40	1	1	3	21	1	1170
40	1	1	3	22	1	496
40	1	1	3	23	1	606
40	1	1	3	24	1	690
40	1	1	3	25	1	567
40	1	1	3	26	1	585
40	1	1	3	27	1	916
40	1	1	3	28	1	582
40	1	1	3	29	1	527
40	1	1	3	30	1	687
40	1	1	3	31	1	687
40	1	1	3	32	1	551
40	1	1	3	33	1	712
40	1	1	3	34	1	618
40	1	1	3	35	1	645
40	1	1	3	36	1	646
40	1	1	3	37	1	647
40	1	1	3	38	1	606
40	1	1	3	39	1	580
40	1	1	3	40	1	607
40	1	1	3	41	1	759
40	1	1	3	42	1	780
40	1	1	3	43	1	636
40	1	1	3	44	1	713
40	1	1	3	45	1	839
40	1	1	3	46	1	633
40	1	1	3	47	1	665
40	1	1	3	48	1	664
40	1	2	4	1	1	786
40	1	2	4	2	1	714
40	1	2	4	3	1	785
40	1	2	4	4	1	629
40	1	2	4	5	1	660
40	1	2	4	6	1	563
40	1	2	4	7	1	675
40	1	2	4	8	1	582
40	1	2	4	9	1	1102
40	1	2	4	10	1	698
40	1	2	4	11	1	663
40	1	2	4	12	1	539
40	1	2	4	13	1	579
40	1	2	4	14	1	619
40	1	2	4	15	1	688
40	1	2	4	16	1	579
40	1	2	4	17	1	756
40	1	2	4	18	1	581
40	1	2	4	19	1	756
40	1	2	4	20	1	582
40	1	2	4	21	1	566
40	1	2	4	22	1	583
40	1	2	4	23	1	570
40	1	2	4	24	1	782
40	1	2	4	25	1	581
40	1	2	4	26	1	581
40	1	2	4	27	1	704
40	1	2	4	28	1	768
40	1	2	4	29	1	603
40	1	2	4	30	1	593
40	1	2	4	31	1	1477
40	1	2	4	32	1	643
40	1	2	4	33	1	686
40	1	2	4	34	1	632
40	1	2	4	35	1	583
40	1	2	4	36	1	772
40	1	2	4	37	1	512
40	1	2	4	38	1	565
40	1	2	4	39	1	841
40	1	2	4	40	1	569
40	1	2	4	41	1	549
40	1	2	4	42	1	649
40	1	2	4	43	1	541
40	1	2	4	44	1	802
40	1	2	4	45	1	808
40	1	2	4	46	0	2443
40	1	2	4	47	1	1243
40	1	2	4	48	1	590
40	1	1	6	1	1	2300
40	1	1	6	2	1	1076
40	1	1	6	3	1	931
40	1	1	6	4	1	770
40	1	1	6	5	1	798
40	1	1	6	6	0	1280
40	1	1	6	7	1	1766
40	1	1	6	8	0	2074
40	1	1	6	9	1	1824
40	1	1	6	10	1	1771
40	1	1	6	11	1	1180
40	1	1	6	12	1	824
40	1	1	6	13	1	1102
40	1	1	6	14	1	2570
40	1	1	6	15	1	783
40	1	1	6	16	1	745
40	1	1	6	17	1	1180
40	1	1	6	18	1	1071
40	1	1	6	19	1	783
40	1	1	6	20	1	842
40	1	1	6	21	1	719
40	1	1	6	22	1	661
40	1	1	6	23	1	767
40	1	1	6	24	0	1665
40	1	1	6	25	1	1564
40	1	1	6	26	1	1715
40	1	1	6	27	1	691
40	1	1	6	28	1	908
40	1	1	6	29	1	844
40	1	1	6	30	1	944
40	1	1	6	31	1	850
40	1	1	6	32	1	760
40	1	1	6	33	1	1123
40	1	1	6	34	1	840
40	1	1	6	35	1	555
40	1	1	6	36	1	785
40	1	1	6	37	1	971
40	1	1	6	38	1	1193
40	1	1	6	39	1	1163
40	1	1	6	40	1	936
40	1	1	6	41	1	673
40	1	1	6	42	1	731
40	1	1	6	43	1	715
40	1	1	6	44	1	665
40	1	1	6	45	1	909
40	1	1	6	46	1	734
40	1	1	6	47	1	774
40	1	1	6	48	1	636
40	1	2	7	1	1	781
40	1	2	7	2	1	636
40	1	2	7	3	1	726
40	1	2	7	4	1	617
40	1	2	7	5	1	720
40	1	2	7	6	1	1984
40	1	2	7	7	1	657
40	1	2	7	8	1	693
40	1	2	7	9	1	548
40	1	2	7	10	0	1335
40	1	2	7	11	1	835
40	1	2	7	12	1	1423
40	1	2	7	13	1	703
40	1	2	7	14	1	673
40	1	2	7	15	1	515
40	1	2	7	16	1	648
40	1	2	7	17	1	746
40	1	2	7	18	1	756
40	1	2	7	19	1	745
40	1	2	7	20	1	619
40	1	2	7	21	1	1629
40	1	2	7	22	1	619
40	1	2	7	23	1	671
40	1	2	7	24	1	635
40	1	2	7	25	1	726
40	1	2	7	26	1	508
40	1	2	7	27	1	828
40	1	2	7	28	1	1246
40	1	2	7	29	0	2398
40	1	2	7	30	0	1758
40	1	2	7	31	1	926
40	1	2	7	32	1	1183
40	1	2	7	33	1	897
40	1	2	7	34	1	1781
40	1	2	7	35	1	1976
40	1	2	7	36	1	726
40	1	2	7	37	1	603
40	1	2	7	38	1	714
40	1	2	7	39	1	688
40	1	2	7	40	1	675
40	1	2	7	41	1	516
40	1	2	7	42	1	636
40	1	2	7	43	1	905
40	1	2	7	44	1	595
40	1	2	7	45	1	468
40	1	2	7	46	1	590
40	1	2	7	47	0	1511
40	1	2	7	48	1	632
41	2	1	3	1	1	2294
41	2	1	3	2	1	1254
41	2	1	3	3	1	1242
41	2	1	3	4	1	1838
41	2	1	3	5	1	1030
41	2	1	3	6	1	1777
41	2	1	3	7	1	1934
41	2	1	3	8	1	1613
41	2	1	3	9	1	2741
41	2	1	3	10	1	1867
41	2	1	3	11	1	1840
41	2	1	3	12	1	1502
41	2	1	3	13	1	1013
41	2	1	3	14	0	1981
41	2	1	3	15	1	1254
41	2	1	3	16	1	1708
41	2	1	3	17	1	1065
41	2	1	3	18	1	1343
41	2	1	3	19	1	1317
41	2	1	3	20	1	1653
41	2	1	3	21	1	1548
41	2	1	3	22	1	1250
41	2	1	3	23	1	1183
41	2	1	3	24	1	1317
41	2	1	3	25	1	1907
41	2	1	3	26	1	1545
41	2	1	3	27	1	1013
41	2	1	3	28	1	1308
41	2	1	3	29	1	770
41	2	1	3	30	0	3143
41	2	1	3	31	1	1765
41	2	1	3	32	1	2012
41	2	1	3	33	1	1094
41	2	1	3	34	1	1642
41	2	1	3	35	1	770
41	2	1	3	36	1	1495
41	2	1	3	37	1	1681
41	2	1	3	38	1	1516
41	2	1	3	39	1	1291
41	2	1	3	40	1	1586
41	2	1	3	41	1	1120
41	2	1	3	42	1	1588
41	2	1	3	43	1	1080
41	2	1	3	44	1	949
41	2	1	3	45	1	1170
41	2	1	3	46	1	1549
41	2	1	3	47	1	915
41	2	1	3	48	1	1488
41	2	2	4	1	1	1254
41	2	2	4	2	1	1417
41	2	2	4	3	1	969
41	2	2	4	4	1	2163
41	2	2	4	5	1	1978
41	2	2	4	6	1	1401
41	2	2	4	7	1	1078
41	2	2	4	8	1	1309
41	2	2	4	9	1	877
41	2	2	4	10	1	1306
41	2	2	4	11	1	1033
41	2	2	4	12	1	1250
41	2	2	4	13	1	1840
41	2	2	4	14	1	1316
41	2	2	4	15	1	1292
41	2	2	4	16	1	1558
41	2	2	4	17	1	930
41	2	2	4	18	1	1122
41	2	2	4	19	1	1043
41	2	2	4	20	1	1291
41	2	2	4	21	1	782
41	2	2	4	22	1	862
41	2	2	4	23	1	1213
41	2	2	4	24	1	962
41	2	2	4	25	1	827
41	2	2	4	26	1	1453
41	2	2	4	27	1	946
41	2	2	4	28	1	1187
41	2	2	4	29	1	1308
41	2	2	4	30	0	2538
41	2	2	4	31	1	1343
41	2	2	4	32	1	1987
41	2	2	4	33	1	973
41	2	2	4	34	1	1343
41	2	2	4	35	1	771
41	2	2	4	36	1	800
41	2	2	4	37	1	957
41	2	2	4	38	1	1142
41	2	2	4	39	1	795
41	2	2	4	40	1	1040
41	2	2	4	41	1	930
41	2	2	4	42	1	959
41	2	2	4	43	1	1025
41	2	2	4	44	0	2888
41	2	2	4	45	1	980
41	2	2	4	46	1	1376
41	2	2	4	47	1	1049
41	2	2	4	48	1	1465
41	2	1	6	1	1	2125
41	2	1	6	2	1	1316
41	2	1	6	3	1	1518
41	2	1	6	4	1	1239
41	2	1	6	5	1	1566
41	2	1	6	6	1	902
41	2	1	6	7	1	1360
41	2	1	6	8	1	1251
41	2	1	6	9	1	1762
41	2	1	6	10	1	1188
41	2	1	6	11	1	906
41	2	1	6	12	1	822
41	2	1	6	13	1	2046
41	2	1	6	14	1	1429
41	2	1	6	15	1	2393
41	2	1	6	16	1	918
41	2	1	6	17	1	956
41	2	1	6	18	1	1130
41	2	1	6	19	1	919
41	2	1	6	20	1	1106
41	2	1	6	21	1	714
41	2	1	6	22	1	788
41	2	1	6	23	1	707
41	2	1	6	24	1	700
41	2	1	6	25	1	1037
41	2	1	6	26	1	854
41	2	1	6	27	1	866
41	2	1	6	28	1	2147
41	2	1	6	29	1	1270
41	2	1	6	30	1	746
41	2	1	6	31	1	1351
41	2	1	6	32	1	1064
41	2	1	6	33	1	1650
41	2	1	6	34	1	1785
41	2	1	6	35	1	812
41	2	1	6	36	1	3383
41	2	1	6	37	1	1760
41	2	1	6	38	1	862
41	2	1	6	39	1	586
41	2	1	6	40	1	624
41	2	1	6	41	1	608
41	2	1	6	42	1	862
41	2	1	6	43	1	721
41	2	1	6	44	1	760
41	2	1	6	45	1	1226
41	2	1	6	46	1	701
41	2	1	6	47	1	985
41	2	1	6	48	1	812
41	2	2	7	1	1	1250
41	2	2	7	2	1	1586
41	2	2	7	3	1	1334
41	2	2	7	4	1	715
41	2	2	7	5	1	928
41	2	2	7	6	1	1696
41	2	2	7	7	1	1121
41	2	2	7	8	1	720
41	2	2	7	9	1	667
41	2	2	7	10	1	1196
41	2	2	7	11	1	953
41	2	2	7	12	1	639
41	2	2	7	13	1	752
41	2	2	7	14	1	704
41	2	2	7	15	1	975
41	2	2	7	16	1	649
41	2	2	7	17	1	715
41	2	2	7	18	1	647
41	2	2	7	19	1	760
41	2	2	7	20	1	933
41	2	2	7	21	1	927
41	2	2	7	22	1	798
41	2	2	7	23	1	675
41	2	2	7	24	1	997
41	2	2	7	25	1	1255
41	2	2	7	26	1	695
41	2	2	7	27	1	2660
41	2	2	7	28	1	823
41	2	2	7	29	1	1945
41	2	2	7	30	1	2380
41	2	2	7	31	1	1925
41	2	2	7	32	1	1625
41	2	2	7	33	1	742
41	2	2	7	34	1	837
41	2	2	7	35	1	626
41	2	2	7	36	1	1465
41	2	2	7	37	1	835
41	2	2	7	38	1	852
41	2	2	7	39	0	2113
41	2	2	7	40	1	886
41	2	2	7	41	1	705
41	2	2	7	42	1	746
41	2	2	7	43	1	720
41	2	2	7	44	1	760
41	2	2	7	45	1	905
41	2	2	7	46	1	667
41	2	2	7	47	1	634
41	2	2	7	48	1	1238
42	1	1	3	1	1	668
42	1	1	3	2	1	984
42	1	1	3	3	1	570
42	1	1	3	4	1	559
42	1	1	3	5	1	719
42	1	1	3	6	1	531
42	1	1	3	7	1	1035
42	1	1	3	8	1	569
42	1	1	3	9	1	626
42	1	1	3	10	1	597
42	1	1	3	11	1	511
42	1	1	3	12	1	506
42	1	1	3	13	1	586
42	1	1	3	14	1	638
42	1	1	3	15	1	507
42	1	1	3	16	1	514
42	1	1	3	17	1	485
42	1	1	3	18	1	558
42	1	1	3	19	1	460
42	1	1	3	20	1	638
42	1	1	3	21	1	507
42	1	1	3	22	1	554
42	1	1	3	23	1	506
42	1	1	3	24	1	607
42	1	1	3	25	1	447
42	1	1	3	26	1	482
42	1	1	3	27	1	606
42	1	1	3	28	1	567
42	1	1	3	29	1	475
42	1	1	3	30	1	544
42	1	1	3	31	1	558
42	1	1	3	32	1	609
42	1	1	3	33	1	516
42	1	1	3	34	1	1237
42	1	1	3	35	1	547
42	1	1	3	36	1	628
42	1	1	3	37	1	813
42	1	1	3	38	1	532
42	1	1	3	39	1	514
42	1	1	3	40	1	566
42	1	1	3	41	1	488
42	1	1	3	42	1	601
42	1	1	3	43	1	705
42	1	1	3	44	1	547
42	1	1	3	45	1	486
42	1	1	3	46	1	570
42	1	1	3	47	1	867
42	1	1	3	48	1	705
42	1	2	4	1	1	570
42	1	2	4	2	1	465
42	1	2	4	3	1	447
42	1	2	4	4	1	680
42	1	2	4	5	1	440
42	1	2	4	6	1	527
42	1	2	4	7	1	477
42	1	2	4	8	1	558
42	1	2	4	9	1	463
42	1	2	4	10	1	545
42	1	2	4	11	1	506
42	1	2	4	12	1	461
42	1	2	4	13	1	409
42	1	2	4	14	1	677
42	1	2	4	15	1	586
42	1	2	4	16	1	598
42	1	2	4	17	1	527
42	1	2	4	18	1	531
42	1	2	4	19	1	659
42	1	2	4	20	0	1204
42	1	2	4	21	1	911
42	1	2	4	22	1	692
42	1	2	4	23	1	544
42	1	2	4	24	1	906
42	1	2	4	25	1	686
42	1	2	4	26	1	480
42	1	2	4	27	1	627
42	1	2	4	28	1	516
42	1	2	4	29	1	529
42	1	2	4	30	1	681
42	1	2	4	31	1	567
42	1	2	4	32	1	581
42	1	2	4	33	1	567
42	1	2	4	34	1	609
42	1	2	4	35	1	532
42	1	2	4	36	1	552
42	1	2	4	37	1	585
42	1	2	4	38	1	518
42	1	2	4	39	1	584
42	1	2	4	40	1	1065
42	1	2	4	41	0	972
42	1	2	4	42	1	570
42	1	2	4	43	1	586
42	1	2	4	44	1	600
42	1	2	4	45	1	662
42	1	2	4	46	1	667
42	1	2	4	47	1	782
42	1	2	4	48	1	715
42	1	1	6	1	1	3078
42	1	1	6	2	0	2532
42	1	1	6	3	1	921
42	1	1	6	4	1	1268
42	1	1	6	5	1	787
42	1	1	6	6	1	1429
42	1	1	6	7	1	1242
42	1	1	6	8	1	1011
42	1	1	6	9	0	1392
42	1	1	6	10	1	1782
42	1	1	6	11	1	1117
42	1	1	6	12	1	1090
42	1	1	6	13	1	770
42	1	1	6	14	1	987
42	1	1	6	15	1	720
42	1	1	6	16	0	1311
42	1	1	6	17	1	1637
42	1	1	6	18	1	746
42	1	1	6	19	1	894
42	1	1	6	20	1	1214
42	1	1	6	21	1	714
42	1	1	6	22	1	1103
42	1	1	6	23	1	665
42	1	1	6	24	1	835
42	1	1	6	25	1	531
42	1	1	6	26	1	621
42	1	1	6	27	1	601
42	1	1	6	28	1	1050
42	1	1	6	29	1	705
42	1	1	6	30	0	1540
42	1	1	6	31	1	1872
42	1	1	6	32	0	1581
42	1	1	6	33	1	840
42	1	1	6	34	1	1224
42	1	1	6	35	1	663
42	1	1	6	36	1	601
42	1	1	6	37	1	890
42	1	1	6	38	1	715
42	1	1	6	39	0	1695
42	1	1	6	40	1	1222
42	1	1	6	41	1	615
42	1	1	6	42	1	1451
42	1	1	6	43	1	984
42	1	1	6	44	1	933
42	1	1	6	45	1	1292
42	1	1	6	46	1	1373
42	1	1	6	47	1	661
42	1	1	6	48	1	785
42	1	2	7	1	1	635
42	1	2	7	2	1	853
42	1	2	7	3	1	598
42	1	2	7	4	1	647
42	1	2	7	5	0	1944
42	1	2	7	6	1	1206
42	1	2	7	7	1	687
42	1	2	7	8	0	1448
42	1	2	7	9	1	653
42	1	2	7	10	1	974
42	1	2	7	11	1	633
42	1	2	7	12	0	1121
42	1	2	7	13	1	1329
42	1	2	7	14	1	894
42	1	2	7	15	1	1082
42	1	2	7	16	1	955
42	1	2	7	17	1	977
42	1	2	7	18	1	1067
42	1	2	7	19	1	596
42	1	2	7	20	1	654
42	1	2	7	21	1	587
42	1	2	7	22	1	639
42	1	2	7	23	1	633
42	1	2	7	24	1	610
42	1	2	7	25	1	691
42	1	2	7	26	1	1118
42	1	2	7	27	1	610
42	1	2	7	28	1	731
42	1	2	7	29	1	553
42	1	2	7	30	1	800
42	1	2	7	31	1	691
42	1	2	7	32	1	701
42	1	2	7	33	1	664
42	1	2	7	34	1	709
42	1	2	7	35	1	491
42	1	2	7	36	0	1227
42	1	2	7	37	1	1152
42	1	2	7	38	1	906
42	1	2	7	39	1	1008
42	1	2	7	40	1	769
42	1	2	7	41	1	975
42	1	2	7	42	1	996
42	1	2	7	43	1	869
42	1	2	7	44	1	840
42	1	2	7	45	1	515
42	1	2	7	46	1	714
42	1	2	7	47	1	632
42	1	2	7	48	1	889
43	2	1	3	1	1	1454
43	2	1	3	2	1	1141
43	2	1	3	3	1	802
43	2	1	3	4	1	1013
43	2	1	3	5	1	828
43	2	1	3	6	1	783
43	2	1	3	7	1	1812
43	2	1	3	8	1	935
43	2	1	3	9	1	1424
43	2	1	3	10	1	803
43	2	1	3	11	1	702
43	2	1	3	12	1	1478
43	2	1	3	13	1	921
43	2	1	3	14	1	1004
43	2	1	3	15	1	1030
43	2	1	3	16	1	798
43	2	1	3	17	1	693
43	2	1	3	18	1	1533
43	2	1	3	19	1	610
43	2	1	3	20	0	2999
43	2	1	3	21	1	2196
43	2	1	3	22	1	827
43	2	1	3	23	1	1970
43	2	1	3	24	1	1864
43	2	1	3	25	1	977
43	2	1	3	26	1	1003
43	2	1	3	27	1	688
43	2	1	3	28	1	1316
43	2	1	3	29	1	749
43	2	1	3	30	1	1607
43	2	1	3	31	0	2485
43	2	1	3	32	1	2217
43	2	1	3	33	1	994
43	2	1	3	34	1	2574
43	2	1	3	35	1	584
43	2	1	3	36	1	912
43	2	1	3	37	1	742
43	2	1	3	38	1	1322
43	2	1	3	39	1	1210
43	2	1	3	40	1	893
43	2	1	3	41	1	631
43	2	1	3	42	1	1798
43	2	1	3	43	1	758
43	2	1	3	44	1	681
43	2	1	3	45	1	951
43	2	1	3	46	1	1200
43	2	1	3	47	1	2347
43	2	1	3	48	1	975
43	2	2	4	1	1	1158
43	2	2	4	2	1	1105
43	2	2	4	3	1	797
43	2	2	4	4	1	923
43	2	2	4	5	1	677
43	2	2	4	6	1	906
43	2	2	4	7	1	827
43	2	2	4	8	1	1126
43	2	2	4	9	1	604
43	2	2	4	10	1	757
43	2	2	4	11	1	923
43	2	2	4	12	1	1935
43	2	2	4	13	1	3079
43	2	2	4	14	1	975
43	2	2	4	15	1	763
43	2	2	4	16	1	1796
43	2	2	4	17	1	963
43	2	2	4	18	1	758
43	2	2	4	19	1	802
43	2	2	4	20	1	2054
43	2	2	4	21	1	689
43	2	2	4	22	1	2003
43	2	2	4	23	1	1001
43	2	2	4	24	1	736
43	2	2	4	25	1	660
43	2	2	4	26	1	1658
43	2	2	4	27	1	706
43	2	2	4	28	1	1017
43	2	2	4	29	1	2922
43	2	2	4	30	1	1032
43	2	2	4	31	1	775
43	2	2	4	32	1	1840
43	2	2	4	33	1	1211
43	2	2	4	34	1	1713
43	2	2	4	35	1	608
43	2	2	4	36	1	857
43	2	2	4	37	1	610
43	2	2	4	38	1	864
43	2	2	4	39	0	1458
43	2	2	4	40	1	3604
43	2	2	4	41	1	800
43	2	2	4	42	1	2277
43	2	2	4	43	1	742
43	2	2	4	44	1	804
43	2	2	4	45	1	579
43	2	2	4	46	1	771
43	2	2	4	47	1	702
43	2	2	4	48	1	2724
43	2	1	6	1	1	827
43	2	1	6	2	1	863
43	2	1	6	3	1	608
43	2	1	6	4	1	1102
43	2	1	6	5	1	607
43	2	1	6	6	1	541
43	2	1	6	7	1	1308
43	2	1	6	8	1	814
43	2	1	6	9	1	1253
43	2	1	6	10	1	756
43	2	1	6	11	1	512
43	2	1	6	12	1	635
43	2	1	6	13	1	660
43	2	1	6	14	1	1123
43	2	1	6	15	1	1225
43	2	1	6	16	1	720
43	2	1	6	17	1	550
43	2	1	6	18	1	586
43	2	1	6	19	1	1342
43	2	1	6	20	1	1883
43	2	1	6	21	1	665
43	2	1	6	22	1	801
43	2	1	6	23	1	467
43	2	1	6	24	1	1432
43	2	1	6	25	1	1225
43	2	1	6	26	1	1829
43	2	1	6	27	1	1138
43	2	1	6	28	1	827
43	2	1	6	29	1	604
43	2	1	6	30	1	978
43	2	1	6	31	1	524
43	2	1	6	32	1	583
43	2	1	6	33	1	542
43	2	1	6	34	0	1297
43	2	1	6	35	0	3661
43	2	1	6	36	1	1657
43	2	1	6	37	1	1745
43	2	1	6	38	1	1247
43	2	1	6	39	1	594
43	2	1	6	40	1	2109
43	2	1	6	41	1	727
43	2	1	6	42	1	632
43	2	1	6	43	1	1008
43	2	1	6	44	1	569
43	2	1	6	45	1	1522
43	2	1	6	46	1	1208
43	2	1	6	47	1	1267
43	2	1	6	48	1	1200
43	2	2	7	1	1	736
43	2	2	7	2	1	606
43	2	2	7	3	1	773
43	2	2	7	4	1	799
43	2	2	7	5	1	679
43	2	2	7	6	1	593
43	2	2	7	7	1	508
43	2	2	7	8	1	775
43	2	2	7	9	1	544
43	2	2	7	10	1	604
43	2	2	7	11	1	1154
43	2	2	7	12	1	554
43	2	2	7	13	1	1001
43	2	2	7	14	1	1083
43	2	2	7	15	1	598
43	2	2	7	16	1	637
43	2	2	7	17	0	1088
43	2	2	7	18	1	2029
43	2	2	7	19	1	824
43	2	2	7	20	1	1132
43	2	2	7	21	1	649
43	2	2	7	22	1	720
43	2	2	7	23	1	703
43	2	2	7	24	1	770
43	2	2	7	25	1	960
43	2	2	7	26	1	1331
43	2	2	7	27	1	485
43	2	2	7	28	1	590
43	2	2	7	29	1	733
43	2	2	7	30	1	790
43	2	2	7	31	1	1894
43	2	2	7	32	1	1246
43	2	2	7	33	1	649
43	2	2	7	34	1	979
43	2	2	7	35	1	841
43	2	2	7	36	1	595
43	2	2	7	37	1	975
43	2	2	7	38	1	736
43	2	2	7	39	1	619
43	2	2	7	40	1	483
43	2	2	7	41	1	1390
43	2	2	7	42	1	704
43	2	2	7	43	1	442
43	2	2	7	44	1	1652
43	2	2	7	45	1	687
43	2	2	7	46	1	634
43	2	2	7	47	1	665
43	2	2	7	48	0	1392
44	1	1	3	1	1	1004
44	1	1	3	2	1	930
44	1	1	3	3	1	848
44	1	1	3	4	1	608
44	1	1	3	5	1	646
44	1	1	3	6	1	594
44	1	1	3	7	1	669
44	1	1	3	8	1	593
44	1	1	3	9	1	576
44	1	1	3	10	1	835
44	1	1	3	11	1	621
44	1	1	3	12	1	594
44	1	1	3	13	1	656
44	1	1	3	14	1	608
44	1	1	3	15	1	674
44	1	1	3	16	1	638
44	1	1	3	17	1	558
44	1	1	3	18	1	600
44	1	1	3	19	1	606
44	1	1	3	20	1	602
44	1	1	3	21	1	596
44	1	1	3	22	1	590
44	1	1	3	23	1	515
44	1	1	3	24	1	552
44	1	1	3	25	1	539
44	1	1	3	26	1	594
44	1	1	3	27	1	481
44	1	1	3	28	1	592
44	1	1	3	29	1	465
44	1	1	3	30	1	536
44	1	1	3	31	1	696
44	1	1	3	32	1	595
44	1	1	3	33	1	603
44	1	1	3	34	1	769
44	1	1	3	35	1	533
44	1	1	3	36	1	584
44	1	1	3	37	1	563
44	1	1	3	38	1	578
44	1	1	3	39	1	542
44	1	1	3	40	1	608
44	1	1	3	41	1	643
44	1	1	3	42	1	630
44	1	1	3	43	1	550
44	1	1	3	44	1	551
44	1	1	3	45	1	566
44	1	1	3	46	1	594
44	1	1	3	47	1	627
44	1	1	3	48	1	493
44	1	2	4	1	1	482
44	1	2	4	2	1	528
44	1	2	4	3	1	459
44	1	2	4	4	1	526
44	1	2	4	5	1	484
44	1	2	4	6	1	449
44	1	2	4	7	1	516
44	1	2	4	8	0	995
44	1	2	4	9	1	554
44	1	2	4	10	1	527
44	1	2	4	11	1	511
44	1	2	4	12	1	496
44	1	2	4	13	1	474
44	1	2	4	14	1	531
44	1	2	4	15	1	517
44	1	2	4	16	0	903
44	1	2	4	17	1	927
44	1	2	4	18	1	539
44	1	2	4	19	1	577
44	1	2	4	20	1	902
44	1	2	4	21	1	536
44	1	2	4	22	1	575
44	1	2	4	23	1	594
44	1	2	4	24	1	575
44	1	2	4	25	1	724
44	1	2	4	26	1	724
44	1	2	4	27	1	508
44	1	2	4	28	1	555
44	1	2	4	29	1	649
44	1	2	4	30	1	518
44	1	2	4	31	1	568
44	1	2	4	32	1	462
44	1	2	4	33	1	504
44	1	2	4	34	1	486
44	1	2	4	35	1	519
44	1	2	4	36	1	541
44	1	2	4	37	1	515
44	1	2	4	38	1	486
44	1	2	4	39	1	1025
44	1	2	4	40	1	822
44	1	2	4	41	1	526
44	1	2	4	42	1	602
44	1	2	4	43	1	610
44	1	2	4	44	1	527
44	1	2	4	45	1	631
44	1	2	4	46	1	643
44	1	2	4	47	1	496
44	1	2	4	48	1	636
44	1	1	6	1	1	951
44	1	1	6	2	1	1420
44	1	1	6	3	1	911
44	1	1	6	4	0	2040
44	1	1	6	5	1	1472
44	1	1	6	6	1	1422
44	1	1	6	7	1	831
44	1	1	6	8	1	723
44	1	1	6	9	1	1175
44	1	1	6	10	1	847
44	1	1	6	11	1	873
44	1	1	6	12	1	996
44	1	1	6	13	1	765
44	1	1	6	14	1	1154
44	1	1	6	15	1	795
44	1	1	6	16	1	1121
44	1	1	6	17	1	946
44	1	1	6	18	1	1252
44	1	1	6	19	1	1173
44	1	1	6	20	0	1423
44	1	1	6	21	1	1276
44	1	1	6	22	1	1043
44	1	1	6	23	1	1535
44	1	1	6	24	1	1148
44	1	1	6	25	1	736
44	1	1	6	26	1	937
44	1	1	6	27	1	670
44	1	1	6	28	1	858
44	1	1	6	29	1	808
44	1	1	6	30	1	1109
44	1	1	6	31	0	1040
44	1	1	6	32	1	1337
44	1	1	6	33	1	1790
44	1	1	6	34	1	1475
44	1	1	6	35	1	696
44	1	1	6	36	0	2172
44	1	1	6	37	1	794
44	1	1	6	38	1	948
44	1	1	6	39	0	1685
44	1	1	6	40	1	1322
44	1	1	6	41	1	625
44	1	1	6	42	1	1022
44	1	1	6	43	1	805
44	1	1	6	44	1	786
44	1	1	6	45	1	606
44	1	1	6	46	1	908
44	1	1	6	47	0	959
44	1	1	6	48	1	1817
44	1	2	7	1	1	984
44	1	2	7	2	1	898
44	1	2	7	3	1	824
44	1	2	7	4	1	847
44	1	2	7	5	1	941
44	1	2	7	6	1	1047
44	1	2	7	7	1	861
44	1	2	7	8	1	798
44	1	2	7	9	1	712
44	1	2	7	10	1	1282
44	1	2	7	11	1	725
44	1	2	7	12	1	1016
44	1	2	7	13	1	921
44	1	2	7	14	0	1200
44	1	2	7	15	1	652
44	1	2	7	16	1	1093
44	1	2	7	17	1	914
44	1	2	7	18	1	1631
44	1	2	7	19	1	643
44	1	2	7	20	1	910
44	1	2	7	21	1	638
44	1	2	7	22	1	930
44	1	2	7	23	1	660
44	1	2	7	24	1	943
44	1	2	7	25	1	663
44	1	2	7	26	1	1065
44	1	2	7	27	1	669
44	1	2	7	28	1	1137
44	1	2	7	29	1	857
44	1	2	7	30	1	926
44	1	2	7	31	1	712
44	1	2	7	32	1	814
44	1	2	7	33	1	636
44	1	2	7	34	1	1022
44	1	2	7	35	1	674
44	1	2	7	36	1	797
44	1	2	7	37	1	765
44	1	2	7	38	1	767
44	1	2	7	39	1	742
44	1	2	7	40	1	1115
44	1	2	7	41	1	580
44	1	2	7	42	1	863
44	1	2	7	43	1	718
44	1	2	7	44	0	1239
44	1	2	7	45	1	747
44	1	2	7	46	1	735
44	1	2	7	47	1	707
44	1	2	7	48	1	1915
45	2	1	3	1	1	4051
45	2	1	3	2	1	1266
45	2	1	3	3	1	676
45	2	1	3	4	1	1458
45	2	1	3	5	1	2237
45	2	1	3	6	1	600
45	2	1	3	7	1	809
45	2	1	3	8	1	753
45	2	1	3	9	1	1255
45	2	1	3	10	1	803
45	2	1	3	11	1	707
45	2	1	3	12	1	1177
45	2	1	3	13	1	579
45	2	1	3	14	1	1474
45	2	1	3	15	1	1125
45	2	1	3	16	1	710
45	2	1	3	17	1	779
45	2	1	3	18	1	780
45	2	1	3	19	1	619
45	2	1	3	20	0	2285
45	2	1	3	21	1	2374
45	2	1	3	22	1	1353
45	2	1	3	23	1	1306
45	2	1	3	24	1	1231
45	2	1	3	25	1	995
45	2	1	3	26	1	1061
45	2	1	3	27	1	618
45	2	1	3	28	1	704
45	2	1	3	29	1	1323
45	2	1	3	30	1	1737
45	2	1	3	31	1	1175
45	2	1	3	32	1	1166
45	2	1	3	33	1	836
45	2	1	3	34	1	1081
45	2	1	3	35	1	556
45	2	1	3	36	1	523
45	2	1	3	37	1	562
45	2	1	3	38	1	565
45	2	1	3	39	1	2479
45	2	1	3	40	1	834
45	2	1	3	41	1	704
45	2	1	3	42	1	815
45	2	1	3	43	1	1235
45	2	1	3	44	1	573
45	2	1	3	45	1	791
45	2	1	3	46	1	725
45	2	1	3	47	1	765
45	2	1	3	48	1	1663
45	2	2	4	1	1	879
45	2	2	4	2	1	594
45	2	2	4	3	1	590
45	2	2	4	4	1	564
45	2	2	4	5	1	808
45	2	2	4	6	1	672
45	2	2	4	7	1	602
45	2	2	4	8	1	574
45	2	2	4	9	1	378
45	2	2	4	10	1	565
45	2	2	4	11	1	608
45	2	2	4	12	1	672
45	2	2	4	13	1	963
45	2	2	4	14	1	580
45	2	2	4	15	1	515
45	2	2	4	16	1	527
45	2	2	4	17	1	1220
45	2	2	4	18	1	961
45	2	2	4	19	1	672
45	2	2	4	20	1	429
45	2	2	4	21	1	459
45	2	2	4	22	1	446
45	2	2	4	23	1	872
45	2	2	4	24	1	618
45	2	2	4	25	1	597
45	2	2	4	26	1	3253
45	2	2	4	27	1	2135
45	2	2	4	28	1	570
45	2	2	4	29	1	600
45	2	2	4	30	1	531
45	2	2	4	31	1	650
45	2	2	4	32	1	675
45	2	2	4	33	1	1608
45	2	2	4	34	1	658
45	2	2	4	35	1	513
45	2	2	4	36	1	580
45	2	2	4	37	1	527
45	2	2	4	38	1	498
45	2	2	4	39	1	660
45	2	2	4	40	1	551
45	2	2	4	41	1	693
45	2	2	4	42	1	1470
45	2	2	4	43	1	707
45	2	2	4	44	1	779
45	2	2	4	45	1	540
45	2	2	4	46	1	629
45	2	2	4	47	1	1154
45	2	2	4	48	1	521
45	2	1	6	1	1	650
45	2	1	6	2	1	569
45	2	1	6	3	1	506
45	2	1	6	4	1	644
45	2	1	6	5	1	579
45	2	1	6	6	1	553
45	2	1	6	7	0	964
45	2	1	6	8	1	953
45	2	1	6	9	1	722
45	2	1	6	10	0	926
45	2	1	6	11	1	952
45	2	1	6	12	1	708
45	2	1	6	13	1	672
45	2	1	6	14	1	923
45	2	1	6	15	1	550
45	2	1	6	16	1	864
45	2	1	6	17	1	593
45	2	1	6	18	1	605
45	2	1	6	19	1	481
45	2	1	6	20	1	608
45	2	1	6	21	1	498
45	2	1	6	22	1	476
45	2	1	6	23	1	390
45	2	1	6	24	1	470
45	2	1	6	25	1	441
45	2	1	6	26	1	513
45	2	1	6	27	1	458
45	2	1	6	28	0	1330
45	2	1	6	29	1	767
45	2	1	6	30	1	733
45	2	1	6	31	1	1424
45	2	1	6	32	1	645
45	2	1	6	33	1	1233
45	2	1	6	34	1	689
45	2	1	6	35	1	1098
45	2	1	6	36	1	5697
45	2	1	6	37	1	2475
45	2	1	6	38	1	723
45	2	1	6	39	1	537
45	2	1	6	40	1	494
45	2	1	6	41	1	698
45	2	1	6	42	1	569
45	2	1	6	43	1	1362
45	2	1	6	44	1	1714
45	2	1	6	45	1	621
45	2	1	6	46	1	640
45	2	1	6	47	1	551
45	2	1	6	48	1	519
45	2	2	7	1	1	709
45	2	2	7	2	1	617
45	2	2	7	3	1	1051
45	2	2	7	4	1	624
45	2	2	7	5	1	538
45	2	2	7	6	1	480
45	2	2	7	7	1	395
45	2	2	7	8	1	339
45	2	2	7	9	1	671
45	2	2	7	10	1	574
45	2	2	7	11	1	537
45	2	2	7	12	1	630
45	2	2	7	13	1	525
45	2	2	7	14	1	539
45	2	2	7	15	1	672
45	2	2	7	16	1	589
45	2	2	7	17	1	763
45	2	2	7	18	1	514
45	2	2	7	19	1	726
45	2	2	7	20	1	618
45	2	2	7	21	1	464
45	2	2	7	22	1	622
45	2	2	7	23	1	604
45	2	2	7	24	1	561
45	2	2	7	25	1	750
45	2	2	7	26	1	559
45	2	2	7	27	1	873
45	2	2	7	28	1	549
45	2	2	7	29	1	1531
45	2	2	7	30	1	890
45	2	2	7	31	1	1258
45	2	2	7	32	1	551
45	2	2	7	33	1	491
45	2	2	7	34	1	472
45	2	2	7	35	1	444
45	2	2	7	36	1	603
45	2	2	7	37	1	520
45	2	2	7	38	1	522
45	2	2	7	39	1	656
45	2	2	7	40	1	644
45	2	2	7	41	1	725
45	2	2	7	42	1	2206
45	2	2	7	43	1	389
45	2	2	7	44	1	565
45	2	2	7	45	1	462
45	2	2	7	46	1	553
45	2	2	7	47	1	665
45	2	2	7	48	1	609
46	2	1	3	1	1	1939
46	2	1	3	2	1	1426
46	2	1	3	3	1	1173
46	2	1	3	4	1	927
46	2	1	3	5	1	867
46	2	1	3	6	1	851
46	2	1	3	7	1	823
46	2	1	3	8	1	2148
46	2	1	3	9	1	902
46	2	1	3	10	1	827
46	2	1	3	11	1	866
46	2	1	3	12	1	1411
46	2	1	3	13	1	922
46	2	1	3	14	1	1298
46	2	1	3	15	1	1197
46	2	1	3	16	1	1269
46	2	1	3	17	1	975
46	2	1	3	18	1	904
46	2	1	3	19	1	867
46	2	1	3	20	1	1279
46	2	1	3	21	1	2061
46	2	1	3	22	1	867
46	2	1	3	23	1	1238
46	2	1	3	24	1	1056
46	2	1	3	25	1	889
46	2	1	3	26	1	1339
46	2	1	3	27	1	647
46	2	1	3	28	1	779
46	2	1	3	29	1	709
46	2	1	3	30	1	1064
46	2	1	3	31	1	1022
46	2	1	3	32	1	802
46	2	1	3	33	1	625
46	2	1	3	34	1	783
46	2	1	3	35	1	517
46	2	1	3	36	1	596
46	2	1	3	37	1	693
46	2	1	3	38	1	1160
46	2	1	3	39	1	1656
46	2	1	3	40	1	1654
46	2	1	3	41	1	680
46	2	1	3	42	1	1056
46	2	1	3	43	1	619
46	2	1	3	44	1	827
46	2	1	3	45	1	759
46	2	1	3	46	1	1910
46	2	1	3	47	1	731
46	2	1	3	48	1	901
46	2	2	4	1	1	1102
46	2	2	4	2	1	1001
46	2	2	4	3	1	662
46	2	2	4	4	1	734
46	2	2	4	5	1	1092
46	2	2	4	6	1	703
46	2	2	4	7	1	653
46	2	2	4	8	1	654
46	2	2	4	9	1	1297
46	2	2	4	10	1	775
46	2	2	4	11	1	661
46	2	2	4	12	1	1135
46	2	2	4	13	1	2326
46	2	2	4	14	1	932
46	2	2	4	15	1	703
46	2	2	4	16	1	557
46	2	2	4	17	1	637
46	2	2	4	18	1	653
46	2	2	4	19	1	653
46	2	2	4	20	1	692
46	2	2	4	21	1	583
46	2	2	4	22	1	703
46	2	2	4	23	1	638
46	2	2	4	24	1	856
46	2	2	4	25	1	688
46	2	2	4	26	1	1391
46	2	2	4	27	1	689
46	2	2	4	28	1	1163
46	2	2	4	29	1	935
46	2	2	4	30	1	638
46	2	2	4	31	1	790
46	2	2	4	32	1	2254
46	2	2	4	33	1	707
46	2	2	4	34	1	702
46	2	2	4	35	1	639
46	2	2	4	36	1	674
46	2	2	4	37	1	595
46	2	2	4	38	1	1604
46	2	2	4	39	1	867
46	2	2	4	40	1	998
46	2	2	4	41	1	876
46	2	2	4	42	1	1225
46	2	2	4	43	1	1548
46	2	2	4	44	1	689
46	2	2	4	45	1	776
46	2	2	4	46	1	650
46	2	2	4	47	1	1546
46	2	2	4	48	1	1377
46	2	1	6	1	1	1364
46	2	1	6	2	1	659
46	2	1	6	3	1	623
46	2	1	6	4	1	527
46	2	1	6	5	1	1230
46	2	1	6	6	1	493
46	2	1	6	7	1	1201
46	2	1	6	8	1	541
46	2	1	6	9	1	932
46	2	1	6	10	1	970
46	2	1	6	11	1	732
46	2	1	6	12	1	596
46	2	1	6	13	1	654
46	2	1	6	14	1	800
46	2	1	6	15	1	985
46	2	1	6	16	1	678
46	2	1	6	17	1	584
46	2	1	6	18	1	612
46	2	1	6	19	1	692
46	2	1	6	20	1	757
46	2	1	6	21	1	622
46	2	1	6	22	1	695
46	2	1	6	23	1	586
46	2	1	6	24	1	585
46	2	1	6	25	1	637
46	2	1	6	26	1	1553
46	2	1	6	27	1	624
46	2	1	6	28	1	769
46	2	1	6	29	1	572
46	2	1	6	30	1	602
46	2	1	6	31	1	559
46	2	1	6	32	1	574
46	2	1	6	33	1	702
46	2	1	6	34	1	677
46	2	1	6	35	1	787
46	2	1	6	36	1	1016
46	2	1	6	37	1	635
46	2	1	6	38	1	584
46	2	1	6	39	1	596
46	2	1	6	40	1	627
46	2	1	6	41	1	652
46	2	1	6	42	1	933
46	2	1	6	43	1	650
46	2	1	6	44	1	570
46	2	1	6	45	1	1591
46	2	1	6	46	1	741
46	2	1	6	47	1	1613
46	2	1	6	48	1	763
46	2	2	7	1	1	811
46	2	2	7	2	1	625
46	2	2	7	3	1	958
46	2	2	7	4	1	621
46	2	2	7	5	1	493
46	2	2	7	6	1	651
46	2	2	7	7	1	503
46	2	2	7	8	1	546
46	2	2	7	9	1	695
46	2	2	7	10	1	558
46	2	2	7	11	1	555
46	2	2	7	12	1	482
46	2	2	7	13	1	701
46	2	2	7	14	1	677
46	2	2	7	15	1	1015
46	2	2	7	16	1	594
46	2	2	7	17	1	732
46	2	2	7	18	1	716
46	2	2	7	19	1	647
46	2	2	7	20	1	590
46	2	2	7	21	1	700
46	2	2	7	22	1	635
46	2	2	7	23	1	680
46	2	2	7	24	1	1592
46	2	2	7	25	1	757
46	2	2	7	26	1	662
46	2	2	7	27	1	681
46	2	2	7	28	1	573
46	2	2	7	29	1	1023
46	2	2	7	30	1	702
46	2	2	7	31	1	773
46	2	2	7	32	1	686
46	2	2	7	33	1	505
46	2	2	7	34	1	1123
46	2	2	7	35	1	676
46	2	2	7	36	1	636
46	2	2	7	37	1	518
46	2	2	7	38	1	518
46	2	2	7	39	1	491
46	2	2	7	40	1	609
46	2	2	7	41	1	690
46	2	2	7	42	1	566
46	2	2	7	43	1	609
46	2	2	7	44	1	652
46	2	2	7	45	1	638
46	2	2	7	46	1	654
46	2	2	7	47	1	893
46	2	2	7	48	1	625
47	1	1	3	1	1	993
47	1	1	3	2	1	849
47	1	1	3	3	1	1061
47	1	1	3	4	1	769
47	1	1	3	5	1	880
47	1	1	3	6	1	553
47	1	1	3	7	1	879
47	1	1	3	8	1	2149
47	1	1	3	9	1	981
47	1	1	3	10	1	704
47	1	1	3	11	1	646
47	1	1	3	12	1	704
47	1	1	3	13	1	826
47	1	1	3	14	1	1090
47	1	1	3	15	1	1293
47	1	1	3	16	1	522
47	1	1	3	17	1	593
47	1	1	3	18	1	564
47	1	1	3	19	1	812
47	1	1	3	20	1	1413
47	1	1	3	21	0	2280
47	1	1	3	22	1	1127
47	1	1	3	23	1	564
47	1	1	3	24	1	758
47	1	1	3	25	1	898
47	1	1	3	26	1	665
47	1	1	3	27	1	663
47	1	1	3	28	1	1359
47	1	1	3	29	1	735
47	1	1	3	30	1	550
47	1	1	3	31	1	748
47	1	1	3	32	1	965
47	1	1	3	33	1	1853
47	1	1	3	34	1	1151
47	1	1	3	35	1	668
47	1	1	3	36	1	1096
47	1	1	3	37	1	1864
47	1	1	3	38	1	648
47	1	1	3	39	1	964
47	1	1	3	40	1	1579
47	1	1	3	41	1	1003
47	1	1	3	42	1	523
47	1	1	3	43	1	830
47	1	1	3	44	1	840
47	1	1	3	45	1	746
47	1	1	3	46	1	715
47	1	1	3	47	1	759
47	1	1	3	48	1	947
47	1	2	4	1	1	811
47	1	2	4	2	1	1002
47	1	2	4	3	1	1178
47	1	2	4	4	1	659
47	1	2	4	5	1	612
47	1	2	4	6	1	702
47	1	2	4	7	1	591
47	1	2	4	8	1	583
47	1	2	4	9	1	544
47	1	2	4	10	1	1082
47	1	2	4	11	1	719
47	1	2	4	12	1	1618
47	1	2	4	13	1	747
47	1	2	4	14	1	895
47	1	2	4	15	1	1414
47	1	2	4	16	1	936
47	1	2	4	17	1	1481
47	1	2	4	18	1	594
47	1	2	4	19	1	604
47	1	2	4	20	1	499
47	1	2	4	21	1	554
47	1	2	4	22	1	743
47	1	2	4	23	1	1877
47	1	2	4	24	1	1151
47	1	2	4	25	1	602
47	1	2	4	26	1	675
47	1	2	4	27	1	1554
47	1	2	4	28	1	619
47	1	2	4	29	1	741
47	1	2	4	30	1	790
47	1	2	4	31	1	951
47	1	2	4	32	1	671
47	1	2	4	33	1	552
47	1	2	4	34	1	919
47	1	2	4	35	1	1960
47	1	2	4	36	1	794
47	1	2	4	37	1	1316
47	1	2	4	38	1	734
47	1	2	4	39	1	1068
47	1	2	4	40	1	837
47	1	2	4	41	1	606
47	1	2	4	42	1	676
47	1	2	4	43	1	590
47	1	2	4	44	1	501
47	1	2	4	45	1	714
47	1	2	4	46	1	854
47	1	2	4	47	1	619
47	1	2	4	48	1	769
47	1	1	6	1	0	4222
47	1	1	6	2	1	4464
47	1	1	6	3	1	1264
47	1	1	6	4	1	1933
47	1	1	6	5	1	1281
47	1	1	6	6	1	4655
47	1	1	6	7	1	2792
47	1	1	6	8	1	1164
47	1	1	6	9	0	2539
47	1	1	6	10	1	6842
47	1	1	6	11	1	1445
47	1	1	6	12	1	1657
47	1	1	6	13	1	884
47	1	1	6	14	1	1642
47	1	1	6	15	1	1118
47	1	1	6	16	1	1081
47	1	1	6	17	1	1102
47	1	1	6	18	1	1507
47	1	1	6	19	1	1674
47	1	1	6	20	1	1266
47	1	1	6	21	1	1676
47	1	1	6	22	1	988
47	1	1	6	23	1	2001
47	1	1	6	24	1	2293
47	1	1	6	25	1	1309
47	1	1	6	26	1	1092
47	1	1	6	27	1	857
47	1	1	6	28	1	1278
47	1	1	6	29	1	1127
47	1	1	6	30	1	2749
47	1	1	6	31	1	2824
47	1	1	6	32	1	1225
47	1	1	6	33	1	2279
47	1	1	6	34	1	975
47	1	1	6	35	1	763
47	1	1	6	36	1	2904
47	1	1	6	37	1	2013
47	1	1	6	38	1	1181
47	1	1	6	39	0	2567
47	1	1	6	40	1	2266
47	1	1	6	41	1	2360
47	1	1	6	42	1	1137
47	1	1	6	43	1	906
47	1	1	6	44	1	1964
47	1	1	6	45	1	799
47	1	1	6	46	1	993
47	1	1	6	47	1	878
47	1	1	6	48	1	1834
47	1	2	7	1	1	961
47	1	2	7	2	1	935
47	1	2	7	3	1	4061
47	1	2	7	4	1	1002
47	1	2	7	5	0	3136
47	1	2	7	6	1	1863
47	1	2	7	7	1	1168
47	1	2	7	8	1	1029
47	1	2	7	9	1	1071
47	1	2	7	10	1	3738
47	1	2	7	11	1	1959
47	1	2	7	12	1	1505
47	1	2	7	13	1	1292
47	1	2	7	14	1	1062
47	1	2	7	15	1	635
47	1	2	7	16	1	726
47	1	2	7	17	1	1754
47	1	2	7	18	1	4529
47	1	2	7	19	1	1440
47	1	2	7	20	1	1512
47	1	2	7	21	1	6443
47	1	2	7	22	1	2854
47	1	2	7	23	1	2565
47	1	2	7	24	1	1362
47	1	2	7	25	1	1017
47	1	2	7	26	1	912
47	1	2	7	27	1	2383
47	1	2	7	28	1	992
47	1	2	7	29	0	2668
47	1	2	7	30	1	3147
47	1	2	7	31	1	677
47	1	2	7	32	1	1218
47	1	2	7	33	1	2135
47	1	2	7	34	1	728
47	1	2	7	35	1	1003
47	1	2	7	36	1	2588
47	1	2	7	37	1	881
47	1	2	7	38	1	717
47	1	2	7	39	1	1300
47	1	2	7	40	0	1912
47	1	2	7	41	1	1866
47	1	2	7	42	1	1060
47	1	2	7	43	1	1493
47	1	2	7	44	1	2828
47	1	2	7	45	1	619
47	1	2	7	46	1	564
47	1	2	7	47	0	2062
47	1	2	7	48	1	3586
48	2	1	3	1	1	1394
48	2	1	3	2	1	1689
48	2	1	3	3	1	816
48	2	1	3	4	1	823
48	2	1	3	5	1	672
48	2	1	3	6	1	1004
48	2	1	3	7	1	1134
48	2	1	3	8	1	986
48	2	1	3	9	1	867
48	2	1	3	10	1	840
48	2	1	3	11	1	843
48	2	1	3	12	1	1018
48	2	1	3	13	1	547
48	2	1	3	14	1	688
48	2	1	3	15	1	1070
48	2	1	3	16	1	720
48	2	1	3	17	1	629
48	2	1	3	18	1	927
48	2	1	3	19	1	817
48	2	1	3	20	1	785
48	2	1	3	21	1	840
48	2	1	3	22	1	779
48	2	1	3	23	1	779
48	2	1	3	24	1	1461
48	2	1	3	25	1	1033
48	2	1	3	26	1	959
48	2	1	3	27	1	874
48	2	1	3	28	1	1792
48	2	1	3	29	1	1503
48	2	1	3	30	1	786
48	2	1	3	31	1	827
48	2	1	3	32	1	738
48	2	1	3	33	1	963
48	2	1	3	34	1	1369
48	2	1	3	35	1	694
48	2	1	3	36	1	979
48	2	1	3	37	1	793
48	2	1	3	38	1	1061
48	2	1	3	39	1	872
48	2	1	3	40	1	952
48	2	1	3	41	1	773
48	2	1	3	42	1	658
48	2	1	3	43	1	724
48	2	1	3	44	1	887
48	2	1	3	45	0	1620
48	2	1	3	46	1	841
48	2	1	3	47	1	966
48	2	1	3	48	1	862
48	2	2	4	1	1	812
48	2	2	4	2	1	1035
48	2	2	4	3	1	1132
48	2	2	4	4	1	757
48	2	2	4	5	1	925
48	2	2	4	6	1	873
48	2	2	4	7	1	938
48	2	2	4	8	1	897
48	2	2	4	9	1	729
48	2	2	4	10	1	727
48	2	2	4	11	1	736
48	2	2	4	12	1	908
48	2	2	4	13	1	739
48	2	2	4	14	1	684
48	2	2	4	15	1	586
48	2	2	4	16	1	813
48	2	2	4	17	1	609
48	2	2	4	18	0	1224
48	2	2	4	19	1	2928
48	2	2	4	20	1	779
48	2	2	4	21	1	594
48	2	2	4	22	1	1086
48	2	2	4	23	1	1013
48	2	2	4	24	1	956
48	2	2	4	25	1	603
48	2	2	4	26	1	868
48	2	2	4	27	1	893
48	2	2	4	28	1	843
48	2	2	4	29	1	1726
48	2	2	4	30	1	727
48	2	2	4	31	1	646
48	2	2	4	32	1	940
48	2	2	4	33	1	803
48	2	2	4	34	1	963
48	2	2	4	35	1	702
48	2	2	4	36	1	786
48	2	2	4	37	1	667
48	2	2	4	38	1	679
48	2	2	4	39	1	792
48	2	2	4	40	1	1127
48	2	2	4	41	1	713
48	2	2	4	42	1	887
48	2	2	4	43	1	935
48	2	2	4	44	1	1002
48	2	2	4	45	1	787
48	2	2	4	46	1	654
48	2	2	4	47	1	935
48	2	2	4	48	1	879
48	2	1	6	1	1	897
48	2	1	6	2	1	847
48	2	1	6	3	1	648
48	2	1	6	4	1	943
48	2	1	6	5	1	1180
48	2	1	6	6	1	701
48	2	1	6	7	1	825
48	2	1	6	8	1	1313
48	2	1	6	9	1	742
48	2	1	6	10	1	794
48	2	1	6	11	1	683
48	2	1	6	12	1	920
48	2	1	6	13	1	801
48	2	1	6	14	1	786
48	2	1	6	15	1	881
48	2	1	6	16	1	875
48	2	1	6	17	1	552
48	2	1	6	18	1	574
48	2	1	6	19	0	1301
48	2	1	6	20	1	1374
48	2	1	6	21	1	751
48	2	1	6	22	1	799
48	2	1	6	23	1	757
48	2	1	6	24	1	819
48	2	1	6	25	1	693
48	2	1	6	26	1	753
48	2	1	6	27	1	1561
48	2	1	6	28	1	1607
48	2	1	6	29	1	791
48	2	1	6	30	1	834
48	2	1	6	31	1	718
48	2	1	6	32	1	706
48	2	1	6	33	1	845
48	2	1	6	34	1	1085
48	2	1	6	35	1	788
48	2	1	6	36	1	1845
48	2	1	6	37	1	792
48	2	1	6	38	1	685
48	2	1	6	39	1	747
48	2	1	6	40	1	648
48	2	1	6	41	1	782
48	2	1	6	42	1	944
48	2	1	6	43	1	1114
48	2	1	6	44	1	662
48	2	1	6	45	1	713
48	2	1	6	46	1	900
48	2	1	6	47	1	771
48	2	1	6	48	1	857
48	2	2	7	1	1	874
48	2	2	7	2	1	979
48	2	2	7	3	1	713
48	2	2	7	4	1	713
48	2	2	7	5	1	581
48	2	2	7	6	1	769
48	2	2	7	7	1	627
48	2	2	7	8	1	658
48	2	2	7	9	1	607
48	2	2	7	10	1	657
48	2	2	7	11	1	965
48	2	2	7	12	1	771
48	2	2	7	13	1	641
48	2	2	7	14	1	926
48	2	2	7	15	1	688
48	2	2	7	16	1	776
48	2	2	7	17	1	1018
48	2	2	7	18	1	800
48	2	2	7	19	1	876
48	2	2	7	20	1	766
48	2	2	7	21	1	662
48	2	2	7	22	1	927
48	2	2	7	23	1	914
48	2	2	7	24	1	808
48	2	2	7	25	1	711
48	2	2	7	26	1	781
48	2	2	7	27	1	902
48	2	2	7	28	1	746
48	2	2	7	29	1	727
48	2	2	7	30	1	620
48	2	2	7	31	1	854
48	2	2	7	32	1	788
48	2	2	7	33	1	789
48	2	2	7	34	1	737
48	2	2	7	35	1	723
48	2	2	7	36	1	843
48	2	2	7	37	1	858
48	2	2	7	38	1	714
48	2	2	7	39	1	902
48	2	2	7	40	1	720
48	2	2	7	41	1	748
48	2	2	7	42	1	862
48	2	2	7	43	1	739
48	2	2	7	44	1	632
48	2	2	7	45	1	824
48	2	2	7	46	1	778
48	2	2	7	47	1	698
48	2	2	7	48	1	850
49	1	1	3	1	1	597
49	1	1	3	2	1	480
49	1	1	3	3	1	593
49	1	1	3	4	1	392
49	1	1	3	5	1	517
49	1	1	3	6	1	347
49	1	1	3	7	1	393
49	1	1	3	8	0	801
49	1	1	3	9	1	683
49	1	1	3	10	1	472
49	1	1	3	11	1	496
49	1	1	3	12	1	643
49	1	1	3	13	0	913
49	1	1	3	14	1	466
49	1	1	3	15	1	576
49	1	1	3	16	1	428
49	1	1	3	17	1	446
49	1	1	3	18	1	486
49	1	1	3	19	1	583
49	1	1	3	20	1	574
49	1	1	3	21	1	483
49	1	1	3	22	1	416
49	1	1	3	23	1	364
49	1	1	3	24	1	526
49	1	1	3	25	1	479
49	1	1	3	26	1	564
49	1	1	3	27	0	736
49	1	1	3	28	1	757
49	1	1	3	29	1	488
49	1	1	3	30	1	714
49	1	1	3	31	1	634
49	1	1	3	32	1	484
49	1	1	3	33	1	403
49	1	1	3	34	0	753
49	1	1	3	35	1	503
49	1	1	3	36	1	424
49	1	1	3	37	0	738
49	1	1	3	38	1	551
49	1	1	3	39	1	470
49	1	1	3	40	1	387
49	1	1	3	41	1	469
49	1	1	3	42	1	540
49	1	1	3	43	0	655
49	1	1	3	44	1	301
49	1	1	3	45	1	311
49	1	1	3	46	1	474
49	1	1	3	47	0	950
49	1	1	3	48	1	696
49	1	2	4	1	1	434
49	1	2	4	2	1	650
49	1	2	4	3	1	405
49	1	2	4	4	0	742
49	1	2	4	5	1	376
49	1	2	4	6	1	346
49	1	2	4	7	1	350
49	1	2	4	8	1	371
49	1	2	4	9	1	575
49	1	2	4	10	1	454
49	1	2	4	11	1	519
49	1	2	4	12	1	488
49	1	2	4	13	1	461
49	1	2	4	14	1	834
49	1	2	4	15	1	611
49	1	2	4	16	1	484
49	1	2	4	17	1	473
49	1	2	4	18	1	415
49	1	2	4	19	1	490
49	1	2	4	20	1	549
49	1	2	4	21	0	759
49	1	2	4	22	1	480
49	1	2	4	23	1	803
49	1	2	4	24	1	391
49	1	2	4	25	1	487
49	1	2	4	26	1	448
49	1	2	4	27	1	418
49	1	2	4	28	1	558
49	1	2	4	29	1	462
49	1	2	4	30	1	587
49	1	2	4	31	1	387
49	1	2	4	32	1	440
49	1	2	4	33	1	365
49	1	2	4	34	1	528
49	1	2	4	35	1	568
49	1	2	4	36	1	473
49	1	2	4	37	1	460
49	1	2	4	38	1	501
49	1	2	4	39	1	423
49	1	2	4	40	0	765
49	1	2	4	41	0	797
49	1	2	4	42	1	566
49	1	2	4	43	1	474
49	1	2	4	44	0	882
49	1	2	4	45	1	875
49	1	2	4	46	1	463
49	1	2	4	47	1	474
49	1	2	4	48	1	543
49	1	1	6	1	1	658
49	1	1	6	2	1	667
49	1	1	6	3	1	466
49	1	1	6	4	0	938
49	1	1	6	5	1	430
49	1	1	6	6	1	422
49	1	1	6	7	0	860
49	1	1	6	8	1	503
49	1	1	6	9	1	662
49	1	1	6	10	1	574
49	1	1	6	11	1	371
49	1	1	6	12	0	952
49	1	1	6	13	0	966
49	1	1	6	14	0	1325
49	1	1	6	15	1	981
49	1	1	6	16	1	697
49	1	1	6	17	1	670
49	1	1	6	18	1	457
49	1	1	6	19	0	985
49	1	1	6	20	1	554
49	1	1	6	21	1	570
49	1	1	6	22	0	759
49	1	1	6	23	1	700
49	1	1	6	24	1	450
49	1	1	6	25	1	488
49	1	1	6	26	1	755
49	1	1	6	27	1	364
49	1	1	6	28	0	1332
49	1	1	6	29	1	909
49	1	1	6	30	0	907
49	1	1	6	31	1	488
49	1	1	6	32	1	478
49	1	1	6	33	1	409
49	1	1	6	34	1	412
49	1	1	6	35	1	668
49	1	1	6	36	1	968
49	1	1	6	37	1	710
49	1	1	6	38	1	1280
49	1	1	6	39	1	706
49	1	1	6	40	0	782
49	1	1	6	41	1	715
49	1	1	6	42	1	455
49	1	1	6	43	1	546
49	1	1	6	44	0	884
49	1	1	6	45	0	906
49	1	1	6	46	1	977
49	1	1	6	47	1	514
49	1	1	6	48	0	981
49	1	2	7	1	1	471
49	1	2	7	2	1	417
49	1	2	7	3	1	489
49	1	2	7	4	1	353
49	1	2	7	5	1	401
49	1	2	7	6	1	404
49	1	2	7	7	1	433
49	1	2	7	8	1	416
49	1	2	7	9	1	280
49	1	2	7	10	0	820
49	1	2	7	11	1	689
49	1	2	7	12	1	506
49	1	2	7	13	1	416
49	1	2	7	14	1	669
49	1	2	7	15	1	485
49	1	2	7	16	0	838
49	1	2	7	17	1	561
49	1	2	7	18	1	368
49	1	2	7	19	1	433
49	1	2	7	20	1	511
49	1	2	7	21	1	490
49	1	2	7	22	1	534
49	1	2	7	23	0	756
49	1	2	7	24	0	760
49	1	2	7	25	1	689
49	1	2	7	26	1	519
49	1	2	7	27	1	709
49	1	2	7	28	1	459
49	1	2	7	29	1	347
49	1	2	7	30	1	490
49	1	2	7	31	0	720
49	1	2	7	32	0	936
49	1	2	7	33	1	1244
49	1	2	7	34	1	580
49	1	2	7	35	1	809
49	1	2	7	36	1	622
49	1	2	7	37	1	497
49	1	2	7	38	1	627
49	1	2	7	39	0	713
49	1	2	7	40	0	1150
49	1	2	7	41	1	403
49	1	2	7	42	1	736
49	1	2	7	43	1	419
49	1	2	7	44	1	652
49	1	2	7	45	1	296
49	1	2	7	46	1	514
49	1	2	7	47	0	676
49	1	2	7	48	1	548
50	2	1	3	1	1	1705
50	2	1	3	2	1	1143
50	2	1	3	3	1	1412
50	2	1	3	4	1	1467
50	2	1	3	5	1	1366
50	2	1	3	6	1	1104
50	2	1	3	7	1	1618
50	2	1	3	8	1	960
50	2	1	3	9	1	1207
50	2	1	3	10	1	1063
50	2	1	3	11	1	622
50	2	1	3	12	1	2345
50	2	1	3	13	1	1456
50	2	1	3	14	1	1567
50	2	1	3	15	0	1531
50	2	1	3	16	1	1156
50	2	1	3	17	1	802
50	2	1	3	18	1	1645
50	2	1	3	19	1	1508
50	2	1	3	20	0	2475
50	2	1	3	21	1	1159
50	2	1	3	22	1	1667
50	2	1	3	23	1	1267
50	2	1	3	24	1	694
50	2	1	3	25	1	1509
50	2	1	3	26	1	1051
50	2	1	3	27	1	536
50	2	1	3	28	1	851
50	2	1	3	29	1	811
50	2	1	3	30	1	783
50	2	1	3	31	1	1008
50	2	1	3	32	1	721
50	2	1	3	33	1	745
50	2	1	3	34	1	1140
50	2	1	3	35	1	652
50	2	1	3	36	1	606
50	2	1	3	37	1	1114
50	2	1	3	38	0	1570
50	2	1	3	39	1	730
50	2	1	3	40	1	856
50	2	1	3	41	1	1061
50	2	1	3	42	1	1208
50	2	1	3	43	1	801
50	2	1	3	44	1	1181
50	2	1	3	45	1	719
50	2	1	3	46	1	1563
50	2	1	3	47	1	1511
50	2	1	3	48	1	906
50	2	2	4	1	1	965
50	2	2	4	2	1	858
50	2	2	4	3	1	637
50	2	2	4	4	1	786
50	2	2	4	5	1	1071
50	2	2	4	6	1	648
50	2	2	4	7	1	706
50	2	2	4	8	1	666
50	2	2	4	9	1	584
50	2	2	4	10	1	694
50	2	2	4	11	1	619
50	2	2	4	12	1	715
50	2	2	4	13	1	966
50	2	2	4	14	1	871
50	2	2	4	15	1	636
50	2	2	4	16	1	865
50	2	2	4	17	1	1665
50	2	2	4	18	1	870
50	2	2	4	19	1	839
50	2	2	4	20	1	705
50	2	2	4	21	1	595
50	2	2	4	22	1	648
50	2	2	4	23	1	732
50	2	2	4	24	1	721
50	2	2	4	25	1	594
50	2	2	4	26	1	620
50	2	2	4	27	1	647
50	2	2	4	28	1	772
50	2	2	4	29	1	814
50	2	2	4	30	1	815
50	2	2	4	31	1	611
50	2	2	4	32	1	1138
50	2	2	4	33	1	1279
50	2	2	4	34	1	1250
50	2	2	4	35	1	696
50	2	2	4	36	1	1292
50	2	2	4	37	0	1203
50	2	2	4	38	1	675
50	2	2	4	39	1	1553
50	2	2	4	40	1	676
50	2	2	4	41	1	1741
50	2	2	4	42	0	1680
50	2	2	4	43	1	732
50	2	2	4	44	1	652
50	2	2	4	45	1	647
50	2	2	4	46	1	1950
50	2	2	4	47	1	788
50	2	2	4	48	1	841
50	2	1	6	1	1	844
50	2	1	6	2	1	645
50	2	1	6	3	1	539
50	2	1	6	4	1	609
50	2	1	6	5	1	641
50	2	1	6	6	1	584
50	2	1	6	7	1	687
50	2	1	6	8	1	660
50	2	1	6	9	1	675
50	2	1	6	10	1	749
50	2	1	6	11	1	637
50	2	1	6	12	1	636
50	2	1	6	13	1	866
50	2	1	6	14	0	915
50	2	1	6	15	1	1157
50	2	1	6	16	1	666
50	2	1	6	17	1	500
50	2	1	6	18	1	517
50	2	1	6	19	0	1257
50	2	1	6	20	1	761
50	2	1	6	21	1	880
50	2	1	6	22	1	608
50	2	1	6	23	1	557
50	2	1	6	24	1	611
50	2	1	6	25	1	593
50	2	1	6	26	1	592
50	2	1	6	27	1	570
50	2	1	6	28	1	771
50	2	1	6	29	1	457
50	2	1	6	30	1	599
50	2	1	6	31	1	802
50	2	1	6	32	1	510
50	2	1	6	33	1	742
50	2	1	6	34	0	792
50	2	1	6	35	1	969
50	2	1	6	36	1	661
50	2	1	6	37	1	1139
50	2	1	6	38	1	553
50	2	1	6	39	1	457
50	2	1	6	40	1	829
50	2	1	6	41	1	621
50	2	1	6	42	1	581
50	2	1	6	43	1	570
50	2	1	6	44	1	593
50	2	1	6	45	1	865
50	2	1	6	46	1	650
50	2	1	6	47	1	653
50	2	1	6	48	1	745
50	2	2	7	1	1	676
50	2	2	7	2	1	591
50	2	2	7	3	1	830
50	2	2	7	4	1	689
50	2	2	7	5	1	500
50	2	2	7	6	1	585
50	2	2	7	7	1	564
50	2	2	7	8	1	650
50	2	2	7	9	1	682
50	2	2	7	10	1	623
50	2	2	7	11	1	664
50	2	2	7	12	1	543
50	2	2	7	13	1	535
50	2	2	7	14	1	687
50	2	2	7	15	1	1197
50	2	2	7	16	1	773
50	2	2	7	17	0	763
50	2	2	7	18	1	732
50	2	2	7	19	1	1156
50	2	2	7	20	1	707
50	2	2	7	21	1	568
50	2	2	7	22	1	769
50	2	2	7	23	1	607
50	2	2	7	24	1	734
50	2	2	7	25	1	666
50	2	2	7	26	1	654
50	2	2	7	27	1	635
50	2	2	7	28	1	713
50	2	2	7	29	1	786
50	2	2	7	30	1	567
50	2	2	7	31	1	1898
50	2	2	7	32	1	649
50	2	2	7	33	1	734
50	2	2	7	34	1	873
50	2	2	7	35	1	529
50	2	2	7	36	1	702
50	2	2	7	37	1	537
50	2	2	7	38	1	554
50	2	2	7	39	1	662
50	2	2	7	40	1	608
50	2	2	7	41	1	1200
50	2	2	7	42	1	692
50	2	2	7	43	1	585
50	2	2	7	44	1	648
50	2	2	7	45	1	1882
50	2	2	7	46	1	583
50	2	2	7	47	1	665
50	2	2	7	48	1	665
51	2	1	3	1	1	907
51	2	1	3	2	1	1428
51	2	1	3	3	1	1069
51	2	1	3	4	1	1134
51	2	1	3	5	1	920
51	2	1	3	6	1	1256
51	2	1	3	7	1	795
51	2	1	3	8	1	653
51	2	1	3	9	1	787
51	2	1	3	10	1	1191
51	2	1	3	11	1	637
51	2	1	3	12	1	973
51	2	1	3	13	1	851
51	2	1	3	14	1	1081
51	2	1	3	15	1	1205
51	2	1	3	16	0	2198
51	2	1	3	17	1	1352
51	2	1	3	18	1	1671
51	2	1	3	19	1	1524
51	2	1	3	20	1	1145
51	2	1	3	21	1	1150
51	2	1	3	22	1	1281
51	2	1	3	23	1	1009
51	2	1	3	24	1	1562
51	2	1	3	25	1	1338
51	2	1	3	26	1	749
51	2	1	3	27	1	677
51	2	1	3	28	1	650
51	2	1	3	29	1	826
51	2	1	3	30	1	1119
51	2	1	3	31	1	813
51	2	1	3	32	1	628
51	2	1	3	33	1	828
51	2	1	3	34	1	1095
51	2	1	3	35	1	803
51	2	1	3	36	1	1256
51	2	1	3	37	1	1451
51	2	1	3	38	1	1267
51	2	1	3	39	1	879
51	2	1	3	40	1	951
51	2	1	3	41	1	771
51	2	1	3	42	1	1057
51	2	1	3	43	1	580
51	2	1	3	44	1	670
51	2	1	3	45	1	694
51	2	1	3	46	1	907
51	2	1	3	47	1	971
51	2	1	3	48	1	1014
51	2	2	4	1	1	706
51	2	2	4	2	1	904
51	2	2	4	3	1	814
51	2	2	4	4	1	816
51	2	2	4	5	1	1025
51	2	2	4	6	1	663
51	2	2	4	7	1	669
51	2	2	4	8	1	895
51	2	2	4	9	1	573
51	2	2	4	10	1	984
51	2	2	4	11	1	662
51	2	2	4	12	1	721
51	2	2	4	13	1	775
51	2	2	4	14	1	624
51	2	2	4	15	1	597
51	2	2	4	16	1	1136
51	2	2	4	17	1	628
51	2	2	4	18	1	800
51	2	2	4	19	1	825
51	2	2	4	20	1	784
51	2	2	4	21	1	798
51	2	2	4	22	1	782
51	2	2	4	23	1	702
51	2	2	4	24	1	680
51	2	2	4	25	1	722
51	2	2	4	26	1	750
51	2	2	4	27	1	663
51	2	2	4	28	1	895
51	2	2	4	29	1	667
51	2	2	4	30	1	891
51	2	2	4	31	1	692
51	2	2	4	32	1	1694
51	2	2	4	33	1	1336
51	2	2	4	34	1	787
51	2	2	4	35	1	669
51	2	2	4	36	1	921
51	2	2	4	37	1	815
51	2	2	4	38	1	796
51	2	2	4	39	1	626
51	2	2	4	40	1	665
51	2	2	4	41	1	569
51	2	2	4	42	1	798
51	2	2	4	43	1	770
51	2	2	4	44	1	882
51	2	2	4	45	1	609
51	2	2	4	46	1	758
51	2	2	4	47	1	930
51	2	2	4	48	1	1285
51	2	1	6	1	1	749
51	2	1	6	2	1	781
51	2	1	6	3	1	527
51	2	1	6	4	1	518
51	2	1	6	5	1	841
51	2	1	6	6	1	462
51	2	1	6	7	1	533
51	2	1	6	8	1	448
51	2	1	6	9	1	555
51	2	1	6	10	1	548
51	2	1	6	11	1	553
51	2	1	6	12	1	480
51	2	1	6	13	1	634
51	2	1	6	14	1	570
51	2	1	6	15	1	493
51	2	1	6	16	1	612
51	2	1	6	17	1	505
51	2	1	6	18	1	482
51	2	1	6	19	1	487
51	2	1	6	20	1	546
51	2	1	6	21	1	561
51	2	1	6	22	1	519
51	2	1	6	23	1	518
51	2	1	6	24	1	571
51	2	1	6	25	1	534
51	2	1	6	26	1	545
51	2	1	6	27	1	505
51	2	1	6	28	1	534
51	2	1	6	29	1	504
51	2	1	6	30	1	548
51	2	1	6	31	1	863
51	2	1	6	32	1	628
51	2	1	6	33	1	613
51	2	1	6	34	1	586
51	2	1	6	35	1	561
51	2	1	6	36	1	559
51	2	1	6	37	1	624
51	2	1	6	38	1	513
51	2	1	6	39	1	374
51	2	1	6	40	1	461
51	2	1	6	41	1	533
51	2	1	6	42	1	502
51	2	1	6	43	1	586
51	2	1	6	44	1	533
51	2	1	6	45	1	529
51	2	1	6	46	1	559
51	2	1	6	47	1	396
51	2	1	6	48	1	495
51	2	2	7	1	1	573
51	2	2	7	2	1	473
51	2	2	7	3	1	502
51	2	2	7	4	1	503
51	2	2	7	5	1	398
51	2	2	7	6	1	488
51	2	2	7	7	1	373
51	2	2	7	8	1	568
51	2	2	7	9	1	612
51	2	2	7	10	1	572
51	2	2	7	11	1	500
51	2	2	7	12	1	437
51	2	2	7	13	1	478
51	2	2	7	14	1	533
51	2	2	7	15	1	531
51	2	2	7	16	1	540
51	2	2	7	17	1	569
51	2	2	7	18	1	424
51	2	2	7	19	1	621
51	2	2	7	20	1	455
51	2	2	7	21	1	439
51	2	2	7	22	1	406
51	2	2	7	23	1	623
51	2	2	7	24	1	500
51	2	2	7	25	1	556
51	2	2	7	26	1	523
51	2	2	7	27	0	1080
51	2	2	7	28	1	847
51	2	2	7	29	1	548
51	2	2	7	30	1	609
51	2	2	7	31	1	946
51	2	2	7	32	1	505
51	2	2	7	33	1	835
51	2	2	7	34	1	491
51	2	2	7	35	1	557
51	2	2	7	36	1	540
51	2	2	7	37	1	595
51	2	2	7	38	1	963
51	2	2	7	39	1	535
51	2	2	7	40	1	531
51	2	2	7	41	1	916
51	2	2	7	42	1	648
51	2	2	7	43	1	447
51	2	2	7	44	1	609
51	2	2	7	45	1	557
51	2	2	7	46	1	595
51	2	2	7	47	1	572
51	2	2	7	48	1	601
52	1	1	3	1	1	879
52	1	1	3	2	1	1154
52	1	1	3	3	1	1591
52	1	1	3	4	1	765
52	1	1	3	5	1	2496
52	1	1	3	6	1	727
52	1	1	3	7	1	899
52	1	1	3	8	1	1959
52	1	1	3	9	1	2773
52	1	1	3	10	1	724
52	1	1	3	11	1	1326
52	1	1	3	12	1	595
52	1	1	3	13	1	714
52	1	1	3	14	1	1531
52	1	1	3	15	1	1076
52	1	1	3	16	1	1032
52	1	1	3	17	1	622
52	1	1	3	18	1	658
52	1	1	3	19	1	618
52	1	1	3	20	1	760
52	1	1	3	21	1	645
52	1	1	3	22	1	700
52	1	1	3	23	1	531
52	1	1	3	24	1	543
52	1	1	3	25	1	484
52	1	1	3	26	1	667
52	1	1	3	27	1	1025
52	1	1	3	28	1	634
52	1	1	3	29	1	478
52	1	1	3	30	1	581
52	1	1	3	31	1	810
52	1	1	3	32	1	605
52	1	1	3	33	1	696
52	1	1	3	34	0	2026
52	1	1	3	35	1	2506
52	1	1	3	36	1	684
52	1	1	3	37	1	532
52	1	1	3	38	1	609
52	1	1	3	39	1	593
52	1	1	3	40	1	1554
52	1	1	3	41	1	789
52	1	1	3	42	1	537
52	1	1	3	43	1	656
52	1	1	3	44	1	672
52	1	1	3	45	1	670
52	1	1	3	46	1	533
52	1	1	3	47	1	1534
52	1	1	3	48	1	840
52	1	2	4	1	1	1148
52	1	2	4	2	1	1331
52	1	2	4	3	1	569
52	1	2	4	4	1	613
52	1	2	4	5	1	581
52	1	2	4	6	1	622
52	1	2	4	7	1	657
52	1	2	4	8	1	498
52	1	2	4	9	1	638
52	1	2	4	10	1	1430
52	1	2	4	11	1	501
52	1	2	4	12	1	561
52	1	2	4	13	1	484
52	1	2	4	14	1	866
52	1	2	4	15	1	1254
52	1	2	4	16	1	789
52	1	2	4	17	1	1312
52	1	2	4	18	1	446
52	1	2	4	19	0	1009
52	1	2	4	20	1	727
52	1	2	4	21	1	617
52	1	2	4	22	1	718
52	1	2	4	23	1	1350
52	1	2	4	24	1	798
52	1	2	4	25	1	648
52	1	2	4	26	1	1427
52	1	2	4	27	1	858
52	1	2	4	28	1	552
52	1	2	4	29	1	867
52	1	2	4	30	1	466
52	1	2	4	31	1	758
52	1	2	4	32	1	699
52	1	2	4	33	1	540
52	1	2	4	34	1	725
52	1	2	4	35	1	702
52	1	2	4	36	1	692
52	1	2	4	37	1	1315
52	1	2	4	38	1	1172
52	1	2	4	39	1	978
52	1	2	4	40	1	579
52	1	2	4	41	1	1329
52	1	2	4	42	1	1180
52	1	2	4	43	1	675
52	1	2	4	44	1	728
52	1	2	4	45	1	767
52	1	2	4	46	1	505
52	1	2	4	47	1	642
52	1	2	4	48	1	567
52	1	1	6	1	1	3267
52	1	1	6	2	1	2563
52	1	1	6	3	1	1797
52	1	1	6	4	1	1155
52	1	1	6	5	1	1259
52	1	1	6	6	1	1302
52	1	1	6	7	1	1454
52	1	1	6	8	1	1110
52	1	1	6	9	1	1460
52	1	1	6	10	1	1384
52	1	1	6	11	1	746
52	1	1	6	12	1	1007
52	1	1	6	13	1	833
52	1	1	6	14	1	906
52	1	1	6	15	1	751
52	1	1	6	16	0	2859
52	1	1	6	17	1	2372
52	1	1	6	18	1	1592
52	1	1	6	19	1	939
52	1	1	6	20	1	1753
52	1	1	6	21	1	1750
52	1	1	6	22	1	1188
52	1	1	6	23	1	1122
52	1	1	6	24	1	1459
52	1	1	6	25	1	1302
52	1	1	6	26	1	922
52	1	1	6	27	1	1753
52	1	1	6	28	1	1040
52	1	1	6	29	1	1034
52	1	1	6	30	1	2348
52	1	1	6	31	1	1411
52	1	1	6	32	1	886
52	1	1	6	33	1	1550
52	1	1	6	34	1	1092
52	1	1	6	35	1	755
52	1	1	6	36	1	1887
52	1	1	6	37	1	1241
52	1	1	6	38	1	1194
52	1	1	6	39	1	1380
52	1	1	6	40	1	904
52	1	1	6	41	1	816
52	1	1	6	42	1	1546
52	1	1	6	43	1	1314
52	1	1	6	44	1	771
52	1	1	6	45	0	1621
52	1	1	6	46	1	1712
52	1	1	6	47	1	1194
52	1	1	6	48	1	1032
52	1	2	7	1	1	1416
52	1	2	7	2	1	812
52	1	2	7	3	1	1207
52	1	2	7	4	1	685
52	1	2	7	5	1	1228
52	1	2	7	6	1	1275
52	1	2	7	7	1	980
52	1	2	7	8	1	583
52	1	2	7	9	1	1293
52	1	2	7	10	1	1062
52	1	2	7	11	1	1153
52	1	2	7	12	1	922
52	1	2	7	13	1	1298
52	1	2	7	14	1	730
52	1	2	7	15	1	729
52	1	2	7	16	1	1221
52	1	2	7	17	1	1259
52	1	2	7	18	1	994
52	1	2	7	19	1	927
52	1	2	7	20	1	1220
52	1	2	7	21	1	748
52	1	2	7	22	1	757
52	1	2	7	23	1	1298
52	1	2	7	24	1	705
52	1	2	7	25	1	870
52	1	2	7	26	1	749
52	1	2	7	27	1	704
52	1	2	7	28	1	1215
52	1	2	7	29	1	1238
52	1	2	7	30	1	843
52	1	2	7	31	1	740
52	1	2	7	32	1	1392
52	1	2	7	33	1	794
52	1	2	7	34	1	1902
52	1	2	7	35	1	694
52	1	2	7	36	1	766
52	1	2	7	37	1	745
52	1	2	7	38	1	941
52	1	2	7	39	1	1098
52	1	2	7	40	1	1799
52	1	2	7	41	1	598
52	1	2	7	42	1	1865
52	1	2	7	43	1	1385
52	1	2	7	44	1	2833
52	1	2	7	45	1	1760
52	1	2	7	46	1	955
52	1	2	7	47	1	775
52	1	2	7	48	1	794
53	2	1	3	1	1	4821
53	2	1	3	2	1	2032
53	2	1	3	3	1	4879
53	2	1	3	4	1	1371
53	2	1	3	5	1	830
53	2	1	3	6	1	1868
53	2	1	3	7	1	1296
53	2	1	3	8	1	1880
53	2	1	3	9	1	2141
53	2	1	3	10	1	1817
53	2	1	3	11	1	845
53	2	1	3	12	0	1580
53	2	1	3	13	1	1855
53	2	1	3	14	1	1813
53	2	1	3	15	1	1046
53	2	1	3	16	1	1606
53	2	1	3	17	1	1569
53	2	1	3	18	1	1550
53	2	1	3	19	1	1336
53	2	1	3	20	1	1400
53	2	1	3	21	1	2350
53	2	1	3	22	1	1393
53	2	1	3	23	1	973
53	2	1	3	24	1	1705
53	2	1	3	25	1	1416
53	2	1	3	26	1	4622
53	2	1	3	27	1	869
53	2	1	3	28	1	974
53	2	1	3	29	1	790
53	2	1	3	30	0	4867
53	2	1	3	31	1	2227
53	2	1	3	32	1	1687
53	2	1	3	33	1	949
53	2	1	3	34	1	1569
53	2	1	3	35	1	799
53	2	1	3	36	1	1473
53	2	1	3	37	1	992
53	2	1	3	38	1	1133
53	2	1	3	39	1	1036
53	2	1	3	40	1	1237
53	2	1	3	41	1	922
53	2	1	3	42	1	1307
53	2	1	3	43	1	774
53	2	1	3	44	1	995
53	2	1	3	45	1	1086
53	2	1	3	46	1	1236
53	2	1	3	47	1	1031
53	2	1	3	48	1	1621
53	2	2	4	1	1	2827
53	2	2	4	2	1	1004
53	2	2	4	3	1	1031
53	2	2	4	4	1	1020
53	2	2	4	5	1	963
53	2	2	4	6	1	5480
53	2	2	4	7	1	895
53	2	2	4	8	1	855
53	2	2	4	9	1	1211
53	2	2	4	10	1	2112
53	2	2	4	11	1	825
53	2	2	4	12	1	1309
53	2	2	4	13	1	1262
53	2	2	4	14	1	935
53	2	2	4	15	1	840
53	2	2	4	16	1	1238
53	2	2	4	17	1	925
53	2	2	4	18	1	2159
53	2	2	4	19	1	1187
53	2	2	4	20	1	2181
53	2	2	4	21	1	1089
53	2	2	4	22	1	1375
53	2	2	4	23	1	748
53	2	2	4	24	1	762
53	2	2	4	25	1	703
53	2	2	4	26	1	1469
53	2	2	4	27	1	757
53	2	2	4	28	1	1212
53	2	2	4	29	1	1893
53	2	2	4	30	1	1467
53	2	2	4	31	1	710
53	2	2	4	32	1	1042
53	2	2	4	33	1	790
53	2	2	4	34	1	1008
53	2	2	4	35	1	709
53	2	2	4	36	1	1119
53	2	2	4	37	1	1318
53	2	2	4	38	1	873
53	2	2	4	39	1	732
53	2	2	4	40	1	912
53	2	2	4	41	1	705
53	2	2	4	42	1	798
53	2	2	4	43	1	885
53	2	2	4	44	1	989
53	2	2	4	45	1	815
53	2	2	4	46	1	885
53	2	2	4	47	1	699
53	2	2	4	48	1	967
53	2	1	6	1	1	2009
53	2	1	6	2	1	776
53	2	1	6	3	1	709
53	2	1	6	4	1	517
53	2	1	6	5	1	956
53	2	1	6	6	1	623
53	2	1	6	7	1	1281
53	2	1	6	8	1	814
53	2	1	6	9	1	994
53	2	1	6	10	1	579
53	2	1	6	11	1	688
53	2	1	6	12	1	1076
53	2	1	6	13	1	736
53	2	1	6	14	1	771
53	2	1	6	15	1	676
53	2	1	6	16	1	578
53	2	1	6	17	1	400
53	2	1	6	18	1	395
53	2	1	6	19	1	619
53	2	1	6	20	1	702
53	2	1	6	21	1	524
53	2	1	6	22	1	461
53	2	1	6	23	1	401
53	2	1	6	24	1	455
53	2	1	6	25	1	376
53	2	1	6	26	1	551
53	2	1	6	27	1	454
53	2	1	6	28	1	567
53	2	1	6	29	1	394
53	2	1	6	30	1	471
53	2	1	6	31	1	799
53	2	1	6	32	1	434
53	2	1	6	33	1	859
53	2	1	6	34	1	584
53	2	1	6	35	1	998
53	2	1	6	36	1	596
53	2	1	6	37	0	981
53	2	1	6	38	1	2155
53	2	1	6	39	1	581
53	2	1	6	40	1	499
53	2	1	6	41	1	503
53	2	1	6	42	1	539
53	2	1	6	43	1	569
53	2	1	6	44	1	525
53	2	1	6	45	1	530
53	2	1	6	46	0	1379
53	2	1	6	47	1	540
53	2	1	6	48	1	721
53	2	2	7	1	1	887
53	2	2	7	2	1	690
53	2	2	7	3	1	611
53	2	2	7	4	1	536
53	2	2	7	5	1	525
53	2	2	7	6	1	516
53	2	2	7	7	1	516
53	2	2	7	8	1	475
53	2	2	7	9	1	655
53	2	2	7	10	1	634
53	2	2	7	11	1	509
53	2	2	7	12	1	546
53	2	2	7	13	1	456
53	2	2	7	14	1	610
53	2	2	7	15	0	1034
53	2	2	7	16	1	920
53	2	2	7	17	1	1756
53	2	2	7	18	1	555
53	2	2	7	19	1	786
53	2	2	7	20	1	539
53	2	2	7	21	1	609
53	2	2	7	22	1	599
53	2	2	7	23	1	626
53	2	2	7	24	1	865
53	2	2	7	25	1	472
53	2	2	7	26	1	584
53	2	2	7	27	1	832
53	2	2	7	28	1	513
53	2	2	7	29	1	609
53	2	2	7	30	1	505
53	2	2	7	31	1	655
53	2	2	7	32	1	621
53	2	2	7	33	1	677
53	2	2	7	34	1	715
53	2	2	7	35	1	626
53	2	2	7	36	1	535
53	2	2	7	37	1	469
53	2	2	7	38	1	594
53	2	2	7	39	1	839
53	2	2	7	40	1	555
53	2	2	7	41	1	663
53	2	2	7	42	1	731
53	2	2	7	43	1	541
53	2	2	7	44	1	668
53	2	2	7	45	1	865
53	2	2	7	46	1	830
53	2	2	7	47	1	580
53	2	2	7	48	1	841
54	1	1	3	1	1	679
54	1	1	3	2	1	492
54	1	1	3	3	1	476
54	1	1	3	4	1	558
54	1	1	3	5	1	706
54	1	1	3	6	0	1133
54	1	1	3	7	1	535
54	1	1	3	8	1	664
54	1	1	3	9	1	609
54	1	1	3	10	1	826
54	1	1	3	11	1	543
54	1	1	3	12	1	1458
54	1	1	3	13	1	747
54	1	1	3	14	1	616
54	1	1	3	15	1	583
54	1	1	3	16	1	932
54	1	1	3	17	1	902
54	1	1	3	18	1	641
54	1	1	3	19	1	635
54	1	1	3	20	1	585
54	1	1	3	21	1	478
54	1	1	3	22	1	439
54	1	1	3	23	1	380
54	1	1	3	24	1	629
54	1	1	3	25	1	561
54	1	1	3	26	1	601
54	1	1	3	27	1	489
54	1	1	3	28	1	621
54	1	1	3	29	1	534
54	1	1	3	30	1	519
54	1	1	3	31	1	1069
54	1	1	3	32	1	505
54	1	1	3	33	1	468
54	1	1	3	34	1	892
54	1	1	3	35	0	977
54	1	1	3	36	1	792
54	1	1	3	37	1	436
54	1	1	3	38	1	893
54	1	1	3	39	1	840
54	1	1	3	40	1	1025
54	1	1	3	41	1	570
54	1	1	3	42	1	627
54	1	1	3	43	1	614
54	1	1	3	44	1	522
54	1	1	3	45	1	549
54	1	1	3	46	0	1214
54	1	1	3	47	1	554
54	1	1	3	48	1	843
54	1	2	4	1	1	843
54	1	2	4	2	1	532
54	1	2	4	3	1	435
54	1	2	4	4	1	664
54	1	2	4	5	1	554
54	1	2	4	6	1	547
54	1	2	4	7	1	460
54	1	2	4	8	1	545
54	1	2	4	9	1	629
54	1	2	4	10	1	720
54	1	2	4	11	1	601
54	1	2	4	12	1	492
54	1	2	4	13	1	663
54	1	2	4	14	1	789
54	1	2	4	15	1	1092
54	1	2	4	16	1	557
54	1	2	4	17	1	488
54	1	2	4	18	1	401
54	1	2	4	19	1	570
54	1	2	4	20	1	1218
54	1	2	4	21	1	597
54	1	2	4	22	1	776
54	1	2	4	23	1	533
54	1	2	4	24	1	1227
54	1	2	4	25	1	624
54	1	2	4	26	1	705
54	1	2	4	27	1	750
54	1	2	4	28	1	568
54	1	2	4	29	1	545
54	1	2	4	30	1	655
54	1	2	4	31	1	656
54	1	2	4	32	1	941
54	1	2	4	33	1	852
54	1	2	4	34	1	867
54	1	2	4	35	1	559
54	1	2	4	36	1	676
54	1	2	4	37	1	853
54	1	2	4	38	1	776
54	1	2	4	39	1	517
54	1	2	4	40	1	531
54	1	2	4	41	1	648
54	1	2	4	42	1	701
54	1	2	4	43	1	692
54	1	2	4	44	1	1095
54	1	2	4	45	1	2075
54	1	2	4	46	1	597
54	1	2	4	47	1	668
54	1	2	4	48	1	625
54	1	1	6	1	1	814
54	1	1	6	2	1	663
54	1	1	6	3	1	683
54	1	1	6	4	1	1051
54	1	1	6	5	0	1098
54	1	1	6	6	1	1767
54	1	1	6	7	1	663
54	1	1	6	8	1	856
54	1	1	6	9	1	944
54	1	1	6	10	0	1327
54	1	1	6	11	1	457
54	1	1	6	12	1	594
54	1	1	6	13	1	601
54	1	1	6	14	1	692
54	1	1	6	15	1	638
54	1	1	6	16	1	935
54	1	1	6	17	1	774
54	1	1	6	18	1	918
54	1	1	6	19	1	865
54	1	1	6	20	0	1510
54	1	1	6	21	0	1362
54	1	1	6	22	0	974
54	1	1	6	23	0	1827
54	1	1	6	24	1	1048
54	1	1	6	25	1	743
54	1	1	6	26	1	840
54	1	1	6	27	1	1160
54	1	1	6	28	1	972
54	1	1	6	29	1	1709
54	1	1	6	30	1	998
54	1	1	6	31	1	1306
54	1	1	6	32	1	1292
54	1	1	6	33	1	946
54	1	1	6	34	1	1004
54	1	1	6	35	1	817
54	1	1	6	36	0	1297
54	1	1	6	37	0	1133
54	1	1	6	38	1	1232
54	1	1	6	39	0	1216
54	1	1	6	40	1	1219
54	1	1	6	41	1	1766
54	1	1	6	42	0	1270
54	1	1	6	43	1	1382
54	1	1	6	44	1	878
54	1	1	6	45	1	842
54	1	1	6	46	0	3899
54	1	1	6	47	1	400
54	1	1	6	48	1	756
54	1	2	7	1	1	587
54	1	2	7	2	1	776
54	1	2	7	3	1	785
54	1	2	7	4	0	1379
54	1	2	7	5	1	727
54	1	2	7	6	0	1353
54	1	2	7	7	1	1048
54	1	2	7	8	0	1739
54	1	2	7	9	1	474
54	1	2	7	10	1	1387
54	1	2	7	11	1	733
54	1	2	7	12	1	1361
54	1	2	7	13	1	560
54	1	2	7	14	1	491
54	1	2	7	15	1	826
54	1	2	7	16	1	650
54	1	2	7	17	1	732
54	1	2	7	18	1	891
54	1	2	7	19	1	637
54	1	2	7	20	1	587
54	1	2	7	21	1	440
54	1	2	7	22	1	582
54	1	2	7	23	0	1173
54	1	2	7	24	0	1154
54	1	2	7	25	1	352
54	1	2	7	26	1	1042
54	1	2	7	27	1	570
54	1	2	7	28	1	599
54	1	2	7	29	1	636
54	1	2	7	30	1	1968
54	1	2	7	31	1	626
54	1	2	7	32	1	785
54	1	2	7	33	0	815
54	1	2	7	34	0	845
54	1	2	7	35	0	1401
54	1	2	7	36	1	1274
54	1	2	7	37	0	1953
54	1	2	7	38	1	699
54	1	2	7	39	1	1252
54	1	2	7	40	0	1245
54	1	2	7	41	1	527
54	1	2	7	42	0	1109
54	1	2	7	43	1	684
54	1	2	7	44	1	733
54	1	2	7	45	1	798
54	1	2	7	46	1	662
54	1	2	7	47	1	693
54	1	2	7	48	1	666
55	1	1	3	1	1	822
55	1	1	3	2	1	719
55	1	1	3	3	1	838
55	1	1	3	4	1	773
55	1	1	3	5	1	714
55	1	1	3	6	1	539
55	1	1	3	7	1	859
55	1	1	3	8	1	768
55	1	1	3	9	1	1012
55	1	1	3	10	1	1147
55	1	1	3	11	1	773
55	1	1	3	12	1	620
55	1	1	3	13	1	732
55	1	1	3	14	1	660
55	1	1	3	15	1	1252
55	1	1	3	16	1	543
55	1	1	3	17	1	528
55	1	1	3	18	1	626
55	1	1	3	19	1	741
55	1	1	3	20	1	1022
55	1	1	3	21	1	539
55	1	1	3	22	1	827
55	1	1	3	23	1	530
55	1	1	3	24	1	680
55	1	1	3	25	1	492
55	1	1	3	26	1	583
55	1	1	3	27	1	647
55	1	1	3	28	1	747
55	1	1	3	29	1	533
55	1	1	3	30	1	689
55	1	1	3	31	1	753
55	1	1	3	32	1	597
55	1	1	3	33	1	780
55	1	1	3	34	1	785
55	1	1	3	35	1	731
55	1	1	3	36	1	1195
55	1	1	3	37	1	585
55	1	1	3	38	1	728
55	1	1	3	39	1	584
55	1	1	3	40	1	1318
55	1	1	3	41	1	583
55	1	1	3	42	1	607
55	1	1	3	43	1	568
55	1	1	3	44	1	436
55	1	1	3	45	1	718
55	1	1	3	46	1	1009
55	1	1	3	47	1	716
55	1	1	3	48	1	622
55	1	2	4	1	1	592
55	1	2	4	2	1	542
55	1	2	4	3	1	581
55	1	2	4	4	1	631
55	1	2	4	5	1	593
55	1	2	4	6	1	529
55	1	2	4	7	1	639
55	1	2	4	8	1	627
55	1	2	4	9	1	477
55	1	2	4	10	1	783
55	1	2	4	11	1	581
55	1	2	4	12	1	540
55	1	2	4	13	1	511
55	1	2	4	14	1	812
55	1	2	4	15	1	974
55	1	2	4	16	1	500
55	1	2	4	17	1	782
55	1	2	4	18	1	526
55	1	2	4	19	1	568
55	1	2	4	20	1	758
55	1	2	4	21	1	619
55	1	2	4	22	1	1200
55	1	2	4	23	1	556
55	1	2	4	24	1	1042
55	1	2	4	25	1	633
55	1	2	4	26	1	609
55	1	2	4	27	1	984
55	1	2	4	28	1	567
55	1	2	4	29	1	528
55	1	2	4	30	1	532
55	1	2	4	31	1	861
55	1	2	4	32	1	917
55	1	2	4	33	1	609
55	1	2	4	34	1	555
55	1	2	4	35	1	534
55	1	2	4	36	1	594
55	1	2	4	37	1	530
55	1	2	4	38	1	547
55	1	2	4	39	1	1087
55	1	2	4	40	1	1013
55	1	2	4	41	1	1014
55	1	2	4	42	0	1437
55	1	2	4	43	1	670
55	1	2	4	44	1	787
55	1	2	4	45	1	1066
55	1	2	4	46	1	781
55	1	2	4	47	1	1033
55	1	2	4	48	1	1210
55	1	1	6	1	1	2118
55	1	1	6	2	0	2246
55	1	1	6	3	1	1112
55	1	1	6	4	1	1801
55	1	1	6	5	1	2016
55	1	1	6	6	1	3016
55	1	1	6	7	1	1368
55	1	1	6	8	1	944
55	1	1	6	9	1	4504
55	1	1	6	10	1	1938
55	1	1	6	11	1	894
55	1	1	6	12	1	1077
55	1	1	6	13	1	826
55	1	1	6	14	1	1184
55	1	1	6	15	1	810
55	1	1	6	16	1	2147
55	1	1	6	17	1	1016
55	1	1	6	18	1	1210
55	1	1	6	19	1	1049
55	1	1	6	20	1	1999
55	1	1	6	21	1	741
55	1	1	6	22	1	1518
55	1	1	6	23	1	930
55	1	1	6	24	1	1710
55	1	1	6	25	1	690
55	1	1	6	26	1	1585
55	1	1	6	27	1	850
55	1	1	6	28	1	3617
55	1	1	6	29	1	998
55	1	1	6	30	1	1381
55	1	1	6	31	1	1676
55	1	1	6	32	1	1760
55	1	1	6	33	1	1118
55	1	1	6	34	1	1038
55	1	1	6	35	1	587
55	1	1	6	36	0	1565
55	1	1	6	37	1	1828
55	1	1	6	38	1	3380
55	1	1	6	39	1	961
55	1	1	6	40	0	2181
55	1	1	6	41	1	1025
55	1	1	6	42	0	1829
55	1	1	6	43	1	1258
55	1	1	6	44	1	1358
55	1	1	6	45	1	688
55	1	1	6	46	1	1108
55	1	1	6	47	1	715
55	1	1	6	48	1	913
55	1	2	7	1	1	746
55	1	2	7	2	1	800
55	1	2	7	3	1	835
55	1	2	7	4	1	944
55	1	2	7	5	1	972
55	1	2	7	6	1	894
55	1	2	7	7	1	1186
55	1	2	7	8	1	693
55	1	2	7	9	1	623
55	1	2	7	10	0	2027
55	1	2	7	11	1	1510
55	1	2	7	12	1	838
55	1	2	7	13	1	2178
55	1	2	7	14	1	1159
55	1	2	7	15	1	638
55	1	2	7	16	1	785
55	1	2	7	17	1	651
55	1	2	7	18	1	1131
55	1	2	7	19	1	606
55	1	2	7	20	1	565
55	1	2	7	21	1	982
55	1	2	7	22	1	1851
55	1	2	7	23	1	1196
55	1	2	7	24	1	1163
55	1	2	7	25	1	639
55	1	2	7	26	1	646
55	1	2	7	27	1	612
55	1	2	7	28	1	664
55	1	2	7	29	1	833
55	1	2	7	30	1	755
55	1	2	7	31	1	615
55	1	2	7	32	1	1394
55	1	2	7	33	1	637
55	1	2	7	34	1	639
55	1	2	7	35	1	642
55	1	2	7	36	0	3167
55	1	2	7	37	1	680
55	1	2	7	38	1	988
55	1	2	7	39	1	1067
55	1	2	7	40	1	1451
55	1	2	7	41	1	1105
55	1	2	7	42	1	711
55	1	2	7	43	1	745
55	1	2	7	44	1	1549
55	1	2	7	45	1	634
55	1	2	7	46	1	529
55	1	2	7	47	1	904
55	1	2	7	48	1	840
56	1	1	3	1	1	732
56	1	1	3	2	1	621
56	1	1	3	3	1	579
56	1	1	3	4	1	607
56	1	1	3	5	1	1116
56	1	1	3	6	1	405
56	1	1	3	7	1	1168
56	1	1	3	8	1	624
56	1	1	3	9	1	500
56	1	1	3	10	1	686
56	1	1	3	11	1	549
56	1	1	3	12	1	583
56	1	1	3	13	1	679
56	1	1	3	14	1	688
56	1	1	3	15	1	443
56	1	1	3	16	1	645
56	1	1	3	17	1	454
56	1	1	3	18	1	498
56	1	1	3	19	1	662
56	1	1	3	20	1	770
56	1	1	3	21	1	428
56	1	1	3	22	1	482
56	1	1	3	23	1	432
56	1	1	3	24	1	582
56	1	1	3	25	1	459
56	1	1	3	26	1	422
56	1	1	3	27	1	647
56	1	1	3	28	1	867
56	1	1	3	29	1	570
56	1	1	3	30	1	552
56	1	1	3	31	1	851
56	1	1	3	32	1	488
56	1	1	3	33	0	2291
56	1	1	3	34	1	1332
56	1	1	3	35	1	734
56	1	1	3	36	1	680
56	1	1	3	37	1	1235
56	1	1	3	38	1	534
56	1	1	3	39	1	480
56	1	1	3	40	1	512
56	1	1	3	41	1	551
56	1	1	3	42	1	536
56	1	1	3	43	1	537
56	1	1	3	44	1	415
56	1	1	3	45	1	527
56	1	1	3	46	0	1932
56	1	1	3	47	1	609
56	1	1	3	48	0	1900
56	1	2	4	1	1	748
56	1	2	4	2	1	649
56	1	2	4	3	1	488
56	1	2	4	4	1	577
56	1	2	4	5	1	550
56	1	2	4	6	1	556
56	1	2	4	7	1	445
56	1	2	4	8	1	523
56	1	2	4	9	1	542
56	1	2	4	10	1	651
56	1	2	4	11	1	502
56	1	2	4	12	1	483
56	1	2	4	13	1	500
56	1	2	4	14	1	761
56	1	2	4	15	1	592
56	1	2	4	16	1	461
56	1	2	4	17	1	633
56	1	2	4	18	1	460
56	1	2	4	19	1	643
56	1	2	4	20	1	551
56	1	2	4	21	1	514
56	1	2	4	22	1	595
56	1	2	4	23	1	593
56	1	2	4	24	1	467
56	1	2	4	25	1	501
56	1	2	4	26	1	435
56	1	2	4	27	1	536
56	1	2	4	28	1	494
56	1	2	4	29	1	509
56	1	2	4	30	1	463
56	1	2	4	31	1	593
56	1	2	4	32	1	479
56	1	2	4	33	1	525
56	1	2	4	34	1	474
56	1	2	4	35	1	502
56	1	2	4	36	1	562
56	1	2	4	37	1	2027
56	1	2	4	38	1	687
56	1	2	4	39	1	524
56	1	2	4	40	1	501
56	1	2	4	41	1	986
56	1	2	4	42	0	1358
56	1	2	4	43	1	719
56	1	2	4	44	1	538
56	1	2	4	45	1	675
56	1	2	4	46	1	666
56	1	2	4	47	1	554
56	1	2	4	48	1	729
56	1	1	6	1	1	828
56	1	1	6	2	1	1098
56	1	1	6	3	1	1101
56	1	1	6	4	1	1293
56	1	1	6	5	1	988
56	1	1	6	6	1	880
56	1	1	6	7	1	907
56	1	1	6	8	0	2183
56	1	1	6	9	1	1280
56	1	1	6	10	1	882
56	1	1	6	11	1	828
56	1	1	6	12	1	836
56	1	1	6	13	1	634
56	1	1	6	14	1	467
56	1	1	6	15	1	1075
56	1	1	6	16	1	1019
56	1	1	6	17	1	949
56	1	1	6	18	1	583
56	1	1	6	19	1	691
56	1	1	6	20	0	1555
56	1	1	6	21	1	1714
56	1	1	6	22	1	2113
56	1	1	6	23	1	947
56	1	1	6	24	1	1250
56	1	1	6	25	1	870
56	1	1	6	26	1	771
56	1	1	6	27	1	593
56	1	1	6	28	1	726
56	1	1	6	29	1	654
56	1	1	6	30	1	1602
56	1	1	6	31	1	686
56	1	1	6	32	1	933
56	1	1	6	33	1	624
56	1	1	6	34	1	979
56	1	1	6	35	1	526
56	1	1	6	36	1	1041
56	1	1	6	37	1	663
56	1	1	6	38	1	757
56	1	1	6	39	1	951
56	1	1	6	40	1	851
56	1	1	6	41	1	481
56	1	1	6	42	1	608
56	1	1	6	43	1	609
56	1	1	6	44	1	736
56	1	1	6	45	1	495
56	1	1	6	46	1	524
56	1	1	6	47	0	1993
56	1	1	6	48	1	1613
56	1	2	7	1	1	798
56	1	2	7	2	1	789
56	1	2	7	3	1	798
56	1	2	7	4	1	732
56	1	2	7	5	1	691
56	1	2	7	6	1	610
56	1	2	7	7	1	550
56	1	2	7	8	1	448
56	1	2	7	9	1	431
56	1	2	7	10	0	1541
56	1	2	7	11	1	786
56	1	2	7	12	1	646
56	1	2	7	13	1	757
56	1	2	7	14	1	937
56	1	2	7	15	1	485
56	1	2	7	16	1	1108
56	1	2	7	17	1	639
56	1	2	7	18	1	608
56	1	2	7	19	1	597
56	1	2	7	20	1	1892
56	1	2	7	21	0	1543
56	1	2	7	22	1	2586
56	1	2	7	23	1	576
56	1	2	7	24	1	790
56	1	2	7	25	1	528
56	1	2	7	26	1	687
56	1	2	7	27	1	920
56	1	2	7	28	1	741
56	1	2	7	29	1	1772
56	1	2	7	30	1	648
56	1	2	7	31	1	556
56	1	2	7	32	1	703
56	1	2	7	33	1	702
56	1	2	7	34	1	1014
56	1	2	7	35	1	488
56	1	2	7	36	1	743
56	1	2	7	37	0	1442
56	1	2	7	38	1	556
56	1	2	7	39	1	648
56	1	2	7	40	1	2604
56	1	2	7	41	1	717
56	1	2	7	42	1	1757
56	1	2	7	43	0	2211
56	1	2	7	44	1	1783
56	1	2	7	45	1	515
56	1	2	7	46	1	691
56	1	2	7	47	1	677
56	1	2	7	48	1	563
57	1	1	3	1	1	584
57	1	1	3	2	1	595
57	1	1	3	3	1	519
57	1	1	3	4	1	652
57	1	1	3	5	1	506
57	1	1	3	6	1	473
57	1	1	3	7	1	621
57	1	1	3	8	1	599
57	1	1	3	9	1	516
57	1	1	3	10	1	608
57	1	1	3	11	1	527
57	1	1	3	12	1	600
57	1	1	3	13	1	475
57	1	1	3	14	1	596
57	1	1	3	15	1	493
57	1	1	3	16	1	517
57	1	1	3	17	1	514
57	1	1	3	18	1	541
57	1	1	3	19	1	487
57	1	1	3	20	1	479
57	1	1	3	21	1	466
57	1	1	3	22	1	528
57	1	1	3	23	1	505
57	1	1	3	24	1	494
57	1	1	3	25	1	451
57	1	1	3	26	1	477
57	1	1	3	27	1	449
57	1	1	3	28	1	596
57	1	1	3	29	1	452
57	1	1	3	30	1	493
57	1	1	3	31	1	476
57	1	1	3	32	1	476
57	1	1	3	33	1	530
57	1	1	3	34	1	573
57	1	1	3	35	1	529
57	1	1	3	36	1	559
57	1	1	3	37	1	624
57	1	1	3	38	1	580
57	1	1	3	39	1	413
57	1	1	3	40	1	614
57	1	1	3	41	1	419
57	1	1	3	42	1	585
57	1	1	3	43	1	505
57	1	1	3	44	1	467
57	1	1	3	45	1	462
57	1	1	3	46	1	571
57	1	1	3	47	1	561
57	1	1	3	48	1	613
57	1	2	4	1	1	584
57	1	2	4	2	1	664
57	1	2	4	3	1	454
57	1	2	4	4	1	572
57	1	2	4	5	1	521
57	1	2	4	6	1	506
57	1	2	4	7	1	460
57	1	2	4	8	1	463
57	1	2	4	9	1	509
57	1	2	4	10	1	889
57	1	2	4	11	1	513
57	1	2	4	12	1	482
57	1	2	4	13	1	446
57	1	2	4	14	1	533
57	1	2	4	15	1	570
57	1	2	4	16	1	505
57	1	2	4	17	1	454
57	1	2	4	18	1	479
57	1	2	4	19	1	465
57	1	2	4	20	1	489
57	1	2	4	21	1	506
57	1	2	4	22	1	526
57	1	2	4	23	1	612
57	1	2	4	24	1	533
57	1	2	4	25	1	487
57	1	2	4	26	1	507
57	1	2	4	27	1	488
57	1	2	4	28	1	478
57	1	2	4	29	1	465
57	1	2	4	30	1	489
57	1	2	4	31	1	534
57	1	2	4	32	1	555
57	1	2	4	33	1	454
57	1	2	4	34	1	439
57	1	2	4	35	1	488
57	1	2	4	36	1	518
57	1	2	4	37	1	437
57	1	2	4	38	1	466
57	1	2	4	39	1	502
57	1	2	4	40	1	437
57	1	2	4	41	1	547
57	1	2	4	42	1	586
57	1	2	4	43	1	478
57	1	2	4	44	1	480
57	1	2	4	45	1	480
57	1	2	4	46	1	681
57	1	2	4	47	1	485
57	1	2	4	48	1	571
57	1	1	6	1	1	2180
57	1	1	6	2	0	1141
57	1	1	6	3	1	949
57	1	1	6	4	0	1347
57	1	1	6	5	1	1170
57	1	1	6	6	1	2367
57	1	1	6	7	1	609
57	1	1	6	8	1	985
57	1	1	6	9	0	1511
57	1	1	6	10	1	1865
57	1	1	6	11	1	688
57	1	1	6	12	1	1268
57	1	1	6	13	1	707
57	1	1	6	14	1	862
57	1	1	6	15	1	734
57	1	1	6	16	0	1388
57	1	1	6	17	1	661
57	1	1	6	18	0	1124
57	1	1	6	19	1	1683
57	1	1	6	20	1	2365
57	1	1	6	21	1	1049
57	1	1	6	22	1	2258
57	1	1	6	23	1	862
57	1	1	6	24	1	894
57	1	1	6	25	1	1389
57	1	1	6	26	1	669
57	1	1	6	27	1	666
57	1	1	6	28	1	795
57	1	1	6	29	1	574
57	1	1	6	30	1	808
57	1	1	6	31	1	944
57	1	1	6	32	1	665
57	1	1	6	33	0	1079
57	1	1	6	34	0	1104
57	1	1	6	35	1	620
57	1	1	6	36	0	7421
57	1	1	6	37	1	2278
57	1	1	6	38	1	1068
57	1	1	6	39	1	732
57	1	1	6	40	1	971
57	1	1	6	41	1	533
57	1	1	6	42	1	609
57	1	1	6	43	1	689
57	1	1	6	44	1	844
57	1	1	6	45	1	612
57	1	1	6	46	1	640
57	1	1	6	47	1	607
57	1	1	6	48	1	794
57	1	2	7	1	1	714
57	1	2	7	2	1	736
57	1	2	7	3	1	692
57	1	2	7	4	1	556
57	1	2	7	5	1	767
57	1	2	7	6	1	690
57	1	2	7	7	1	542
57	1	2	7	8	1	517
57	1	2	7	9	1	556
57	1	2	7	10	1	540
57	1	2	7	11	1	540
57	1	2	7	12	1	862
57	1	2	7	13	1	533
57	1	2	7	14	1	555
57	1	2	7	15	1	643
57	1	2	7	16	1	743
57	1	2	7	17	1	719
57	1	2	7	18	1	678
57	1	2	7	19	1	694
57	1	2	7	20	1	531
57	1	2	7	21	1	540
57	1	2	7	22	1	594
57	1	2	7	23	1	557
57	1	2	7	24	1	689
57	1	2	7	25	1	594
57	1	2	7	26	1	625
57	1	2	7	27	1	583
57	1	2	7	28	1	674
57	1	2	7	29	1	635
57	1	2	7	30	1	812
57	1	2	7	31	1	561
57	1	2	7	32	0	1551
57	1	2	7	33	1	683
57	1	2	7	34	1	676
57	1	2	7	35	1	504
57	1	2	7	36	1	573
57	1	2	7	37	1	608
57	1	2	7	38	1	542
57	1	2	7	39	1	595
57	1	2	7	40	1	599
57	1	2	7	41	1	556
57	1	2	7	42	1	686
57	1	2	7	43	1	666
57	1	2	7	44	1	784
57	1	2	7	45	1	691
57	1	2	7	46	1	555
57	1	2	7	47	1	934
57	1	2	7	48	1	677
58	2	1	3	1	1	857
58	2	1	3	2	1	1103
58	2	1	3	3	1	798
58	2	1	3	4	1	663
58	2	1	3	5	1	691
58	2	1	3	6	1	843
58	2	1	3	7	1	1000
58	2	1	3	8	1	884
58	2	1	3	9	1	1083
58	2	1	3	10	1	694
58	2	1	3	11	1	1043
58	2	1	3	12	1	726
58	2	1	3	13	1	579
58	2	1	3	14	1	812
58	2	1	3	15	1	1113
58	2	1	3	16	1	1098
58	2	1	3	17	0	1680
58	2	1	3	18	1	1333
58	2	1	3	19	1	1088
58	2	1	3	20	1	1511
58	2	1	3	21	1	687
58	2	1	3	22	1	978
58	2	1	3	23	1	728
58	2	1	3	24	1	811
58	2	1	3	25	1	578
58	2	1	3	26	1	813
58	2	1	3	27	1	826
58	2	1	3	28	1	849
58	2	1	3	29	1	845
58	2	1	3	30	1	1042
58	2	1	3	31	1	735
58	2	1	3	32	1	564
58	2	1	3	33	1	609
58	2	1	3	34	1	598
58	2	1	3	35	1	652
58	2	1	3	36	1	783
58	2	1	3	37	1	692
58	2	1	3	38	1	803
58	2	1	3	39	1	716
58	2	1	3	40	1	749
58	2	1	3	41	1	624
58	2	1	3	42	1	583
58	2	1	3	43	1	1088
58	2	1	3	44	1	623
58	2	1	3	45	1	609
58	2	1	3	46	1	632
58	2	1	3	47	1	706
58	2	1	3	48	1	1031
58	2	2	4	1	1	645
58	2	2	4	2	1	731
58	2	2	4	3	1	827
58	2	2	4	4	1	1001
58	2	2	4	5	1	577
58	2	2	4	6	1	728
58	2	2	4	7	1	565
58	2	2	4	8	1	830
58	2	2	4	9	1	581
58	2	2	4	10	1	582
58	2	2	4	11	1	663
58	2	2	4	12	1	595
58	2	2	4	13	1	688
58	2	2	4	14	1	594
58	2	2	4	15	0	1321
58	2	2	4	16	1	880
58	2	2	4	17	1	992
58	2	2	4	18	1	585
58	2	2	4	19	1	796
58	2	2	4	20	1	580
58	2	2	4	21	1	594
58	2	2	4	22	1	592
58	2	2	4	23	1	693
58	2	2	4	24	1	1125
58	2	2	4	25	1	543
58	2	2	4	26	1	578
58	2	2	4	27	1	510
58	2	2	4	28	1	562
58	2	2	4	29	1	1346
58	2	2	4	30	1	648
58	2	2	4	31	1	939
58	2	2	4	32	1	744
58	2	2	4	33	1	715
58	2	2	4	34	1	1048
58	2	2	4	35	1	611
58	2	2	4	36	1	605
58	2	2	4	37	1	841
58	2	2	4	38	1	802
58	2	2	4	39	1	713
58	2	2	4	40	1	1005
58	2	2	4	41	1	664
58	2	2	4	42	1	1072
58	2	2	4	43	1	677
58	2	2	4	44	1	661
58	2	2	4	45	1	688
58	2	2	4	46	1	622
58	2	2	4	47	1	621
58	2	2	4	48	1	689
58	2	1	6	1	1	708
58	2	1	6	2	1	582
58	2	1	6	3	1	679
58	2	1	6	4	1	512
58	2	1	6	5	1	676
58	2	1	6	6	1	522
58	2	1	6	7	1	677
58	2	1	6	8	1	672
58	2	1	6	9	1	596
58	2	1	6	10	1	841
58	2	1	6	11	1	636
58	2	1	6	12	1	621
58	2	1	6	13	1	717
58	2	1	6	14	1	653
58	2	1	6	15	1	552
58	2	1	6	16	1	577
58	2	1	6	17	1	563
58	2	1	6	18	1	514
58	2	1	6	19	1	566
58	2	1	6	20	1	693
58	2	1	6	21	1	509
58	2	1	6	22	1	530
58	2	1	6	23	1	403
58	2	1	6	24	1	511
58	2	1	6	25	1	592
58	2	1	6	26	1	1270
58	2	1	6	27	1	550
58	2	1	6	28	1	584
58	2	1	6	29	1	503
58	2	1	6	30	1	771
58	2	1	6	31	1	840
58	2	1	6	32	1	651
58	2	1	6	33	1	618
58	2	1	6	34	1	1054
58	2	1	6	35	1	568
58	2	1	6	36	1	564
58	2	1	6	37	1	636
58	2	1	6	38	1	672
58	2	1	6	39	1	472
58	2	1	6	40	1	568
58	2	1	6	41	1	550
58	2	1	6	42	1	597
58	2	1	6	43	1	911
58	2	1	6	44	1	565
58	2	1	6	45	1	651
58	2	1	6	46	1	570
58	2	1	6	47	1	429
58	2	1	6	48	0	1254
58	2	2	7	1	1	583
58	2	2	7	2	1	639
58	2	2	7	3	1	540
58	2	2	7	4	1	814
58	2	2	7	5	1	568
58	2	2	7	6	1	550
58	2	2	7	7	1	515
58	2	2	7	8	1	542
58	2	2	7	9	1	627
58	2	2	7	10	1	946
58	2	2	7	11	1	580
58	2	2	7	12	1	637
58	2	2	7	13	1	605
58	2	2	7	14	1	690
58	2	2	7	15	1	858
58	2	2	7	16	1	693
58	2	2	7	17	1	673
58	2	2	7	18	1	650
58	2	2	7	19	1	679
58	2	2	7	20	1	581
58	2	2	7	21	1	567
58	2	2	7	22	1	612
58	2	2	7	23	1	594
58	2	2	7	24	1	510
58	2	2	7	25	1	576
58	2	2	7	26	1	838
58	2	2	7	27	1	772
58	2	2	7	28	1	553
58	2	2	7	29	1	510
58	2	2	7	30	1	648
58	2	2	7	31	1	568
58	2	2	7	32	1	535
58	2	2	7	33	1	536
58	2	2	7	34	1	565
58	2	2	7	35	1	680
58	2	2	7	36	1	593
58	2	2	7	37	1	509
58	2	2	7	38	1	654
58	2	2	7	39	1	1073
58	2	2	7	40	1	554
58	2	2	7	41	1	662
58	2	2	7	42	1	660
58	2	2	7	43	1	537
58	2	2	7	44	1	649
58	2	2	7	45	1	706
58	2	2	7	46	1	582
58	2	2	7	47	1	581
58	2	2	7	48	1	733
59	2	1	3	1	1	1185
59	2	1	3	2	1	1373
59	2	1	3	3	1	1868
59	2	1	3	4	1	1068
59	2	1	3	5	1	893
59	2	1	3	6	1	1002
59	2	1	3	7	1	1055
59	2	1	3	8	1	2400
59	2	1	3	9	1	789
59	2	1	3	10	1	775
59	2	1	3	11	1	653
59	2	1	3	12	1	701
59	2	1	3	13	1	606
59	2	1	3	14	1	1307
59	2	1	3	15	1	733
59	2	1	3	16	1	1417
59	2	1	3	17	1	846
59	2	1	3	18	1	881
59	2	1	3	19	1	690
59	2	1	3	20	1	1062
59	2	1	3	21	1	826
59	2	1	3	22	1	811
59	2	1	3	23	1	632
59	2	1	3	24	1	1158
59	2	1	3	25	1	1349
59	2	1	3	26	1	1543
59	2	1	3	27	1	1754
59	2	1	3	28	1	974
59	2	1	3	29	1	845
59	2	1	3	30	1	975
59	2	1	3	31	1	612
59	2	1	3	32	1	634
59	2	1	3	33	1	654
59	2	1	3	34	1	648
59	2	1	3	35	1	625
59	2	1	3	36	1	803
59	2	1	3	37	1	701
59	2	1	3	38	1	1247
59	2	1	3	39	1	1170
59	2	1	3	40	1	827
59	2	1	3	41	1	1495
59	2	1	3	42	1	1071
59	2	1	3	43	1	771
59	2	1	3	44	1	636
59	2	1	3	45	1	853
59	2	1	3	46	1	879
59	2	1	3	47	1	622
59	2	1	3	48	1	799
59	2	2	4	1	1	632
59	2	2	4	2	1	777
59	2	2	4	3	1	699
59	2	2	4	4	1	748
59	2	2	4	5	0	3335
59	2	2	4	6	1	1466
59	2	2	4	7	1	693
59	2	2	4	8	1	743
59	2	2	4	9	1	660
59	2	2	4	10	1	755
59	2	2	4	11	1	689
59	2	2	4	12	1	856
59	2	2	4	13	1	842
59	2	2	4	14	1	1337
59	2	2	4	15	1	745
59	2	2	4	16	1	975
59	2	2	4	17	1	791
59	2	2	4	18	1	611
59	2	2	4	19	1	716
59	2	2	4	20	1	720
59	2	2	4	21	1	580
59	2	2	4	22	1	676
59	2	2	4	23	1	645
59	2	2	4	24	1	662
59	2	2	4	25	1	690
59	2	2	4	26	1	761
59	2	2	4	27	1	688
59	2	2	4	28	1	757
59	2	2	4	29	1	993
59	2	2	4	30	1	714
59	2	2	4	31	1	720
59	2	2	4	32	1	592
59	2	2	4	33	1	653
59	2	2	4	34	1	593
59	2	2	4	35	1	675
59	2	2	4	36	1	954
59	2	2	4	37	1	731
59	2	2	4	38	1	773
59	2	2	4	39	1	705
59	2	2	4	40	1	635
59	2	2	4	41	1	853
59	2	2	4	42	1	646
59	2	2	4	43	1	649
59	2	2	4	44	1	694
59	2	2	4	45	1	634
59	2	2	4	46	1	954
59	2	2	4	47	1	687
59	2	2	4	48	1	663
59	2	1	6	1	1	909
59	2	1	6	2	1	1021
59	2	1	6	3	1	594
59	2	1	6	4	1	647
59	2	1	6	5	1	665
59	2	1	6	6	1	597
59	2	1	6	7	1	732
59	2	1	6	8	0	1487
59	2	1	6	9	1	1252
59	2	1	6	10	1	892
59	2	1	6	11	1	584
59	2	1	6	12	1	887
59	2	1	6	13	1	730
59	2	1	6	14	1	732
59	2	1	6	15	1	638
59	2	1	6	16	1	608
59	2	1	6	17	1	610
59	2	1	6	18	1	798
59	2	1	6	19	1	650
59	2	1	6	20	1	721
59	2	1	6	21	1	731
59	2	1	6	22	1	719
59	2	1	6	23	1	647
59	2	1	6	24	1	718
59	2	1	6	25	1	605
59	2	1	6	26	1	665
59	2	1	6	27	1	691
59	2	1	6	28	1	693
59	2	1	6	29	1	632
59	2	1	6	30	1	681
59	2	1	6	31	1	760
59	2	1	6	32	1	742
59	2	1	6	33	1	858
59	2	1	6	34	1	610
59	2	1	6	35	1	648
59	2	1	6	36	1	938
59	2	1	6	37	1	964
59	2	1	6	38	1	689
59	2	1	6	39	1	623
59	2	1	6	40	1	692
59	2	1	6	41	1	613
59	2	1	6	42	1	635
59	2	1	6	43	1	771
59	2	1	6	44	1	635
59	2	1	6	45	1	893
59	2	1	6	46	1	644
59	2	1	6	47	1	578
59	2	1	6	48	1	732
59	2	2	7	1	1	915
59	2	2	7	2	1	706
59	2	2	7	3	1	582
59	2	2	7	4	1	609
59	2	2	7	5	1	558
59	2	2	7	6	1	516
59	2	2	7	7	1	652
59	2	2	7	8	1	783
59	2	2	7	9	1	668
59	2	2	7	10	1	549
59	2	2	7	11	1	570
59	2	2	7	12	1	622
59	2	2	7	13	1	552
59	2	2	7	14	1	702
59	2	2	7	15	1	634
59	2	2	7	16	1	681
59	2	2	7	17	1	719
59	2	2	7	18	1	620
59	2	2	7	19	1	920
59	2	2	7	20	1	663
59	2	2	7	21	1	579
59	2	2	7	22	1	649
59	2	2	7	23	1	763
59	2	2	7	24	1	635
59	2	2	7	25	1	577
59	2	2	7	26	1	757
59	2	2	7	27	1	747
59	2	2	7	28	1	703
59	2	2	7	29	1	621
59	2	2	7	30	1	650
59	2	2	7	31	1	776
59	2	2	7	32	1	713
59	2	2	7	33	1	649
59	2	2	7	34	1	570
59	2	2	7	35	1	581
59	2	2	7	36	1	717
59	2	2	7	37	1	612
59	2	2	7	38	1	623
59	2	2	7	39	1	665
59	2	2	7	40	1	569
59	2	2	7	41	1	1030
59	2	2	7	42	1	538
59	2	2	7	43	1	595
59	2	2	7	44	1	540
59	2	2	7	45	1	747
59	2	2	7	46	1	540
59	2	2	7	47	1	705
59	2	2	7	48	1	553
60	2	1	3	1	1	2420
60	2	1	3	2	1	1419
60	2	1	3	3	1	1296
60	2	1	3	4	1	1081
60	2	1	3	5	1	1159
60	2	1	3	6	1	1173
60	2	1	3	7	1	1090
60	2	1	3	8	1	1157
60	2	1	3	9	1	1319
60	2	1	3	10	1	2142
60	2	1	3	11	1	932
60	2	1	3	12	1	1813
60	2	1	3	13	1	1139
60	2	1	3	14	1	1559
60	2	1	3	15	1	718
60	2	1	3	16	1	1145
60	2	1	3	17	1	1540
60	2	1	3	18	1	984
60	2	1	3	19	1	1024
60	2	1	3	20	1	944
60	2	1	3	21	1	1202
60	2	1	3	22	1	1083
60	2	1	3	23	1	1345
60	2	1	3	24	1	854
60	2	1	3	25	1	1097
60	2	1	3	26	1	804
60	2	1	3	27	1	708
60	2	1	3	28	1	836
60	2	1	3	29	1	802
60	2	1	3	30	1	999
60	2	1	3	31	1	917
60	2	1	3	32	1	650
60	2	1	3	33	1	731
60	2	1	3	34	1	1210
60	2	1	3	35	1	627
60	2	1	3	36	1	1081
60	2	1	3	37	1	767
60	2	1	3	38	1	905
60	2	1	3	39	1	1888
60	2	1	3	40	1	858
60	2	1	3	41	1	2151
60	2	1	3	42	1	825
60	2	1	3	43	1	742
60	2	1	3	44	1	907
60	2	1	3	45	1	555
60	2	1	3	46	1	615
60	2	1	3	47	1	648
60	2	1	3	48	1	808
60	2	2	4	1	1	1442
60	2	2	4	2	1	799
60	2	2	4	3	1	1292
60	2	2	4	4	1	1401
60	2	2	4	5	1	637
60	2	2	4	6	1	573
60	2	2	4	7	1	569
60	2	2	4	8	1	962
60	2	2	4	9	1	573
60	2	2	4	10	1	1989
60	2	2	4	11	1	989
60	2	2	4	12	1	1076
60	2	2	4	13	1	732
60	2	2	4	14	1	917
60	2	2	4	15	1	625
60	2	2	4	16	1	1145
60	2	2	4	17	1	829
60	2	2	4	18	1	640
60	2	2	4	19	1	595
60	2	2	4	20	1	1070
60	2	2	4	21	1	935
60	2	2	4	22	1	584
60	2	2	4	23	1	663
60	2	2	4	24	1	1527
60	2	2	4	25	1	626
60	2	2	4	26	1	597
60	2	2	4	27	1	848
60	2	2	4	28	1	754
60	2	2	4	29	0	3733
60	2	2	4	30	1	949
60	2	2	4	31	1	1281
60	2	2	4	32	1	1169
60	2	2	4	33	1	1738
60	2	2	4	34	1	963
60	2	2	4	35	1	536
60	2	2	4	36	1	907
60	2	2	4	37	1	515
60	2	2	4	38	1	1319
60	2	2	4	39	1	1228
60	2	2	4	40	1	1846
60	2	2	4	41	1	468
60	2	2	4	42	1	891
60	2	2	4	43	1	1186
60	2	2	4	44	1	761
60	2	2	4	45	1	533
60	2	2	4	46	1	582
60	2	2	4	47	1	581
60	2	2	4	48	1	661
60	2	1	6	1	1	1739
60	2	1	6	2	1	793
60	2	1	6	3	1	652
60	2	1	6	4	1	558
60	2	1	6	5	1	598
60	2	1	6	6	1	621
60	2	1	6	7	1	950
60	2	1	6	8	1	394
60	2	1	6	9	1	613
60	2	1	6	10	1	1044
60	2	1	6	11	1	544
60	2	1	6	12	1	573
60	2	1	6	13	1	662
60	2	1	6	14	1	573
60	2	1	6	15	1	488
60	2	1	6	16	1	520
60	2	1	6	17	1	425
60	2	1	6	18	1	396
60	2	1	6	19	1	399
60	2	1	6	20	1	555
60	2	1	6	21	1	481
60	2	1	6	22	1	675
60	2	1	6	23	1	744
60	2	1	6	24	1	518
60	2	1	6	25	1	477
60	2	1	6	26	1	466
60	2	1	6	27	1	541
60	2	1	6	28	1	435
60	2	1	6	29	1	558
60	2	1	6	30	1	584
60	2	1	6	31	1	1054
60	2	1	6	32	1	640
60	2	1	6	33	0	1107
60	2	1	6	34	1	599
60	2	1	6	35	1	637
60	2	1	6	36	1	560
60	2	1	6	37	1	1014
60	2	1	6	38	1	512
60	2	1	6	39	1	359
60	2	1	6	40	1	503
60	2	1	6	41	1	546
60	2	1	6	42	1	494
60	2	1	6	43	1	506
60	2	1	6	44	1	340
60	2	1	6	45	0	920
60	2	1	6	46	1	630
60	2	1	6	47	1	534
60	2	1	6	48	1	491
60	2	2	7	1	1	638
60	2	2	7	2	1	655
60	2	2	7	3	1	682
60	2	2	7	4	1	460
60	2	2	7	5	1	504
60	2	2	7	6	1	1096
60	2	2	7	7	1	454
60	2	2	7	8	1	681
60	2	2	7	9	1	623
60	2	2	7	10	1	539
60	2	2	7	11	1	508
60	2	2	7	12	1	477
60	2	2	7	13	1	437
60	2	2	7	14	1	1431
60	2	2	7	15	1	649
60	2	2	7	16	1	502
60	2	2	7	17	1	1202
60	2	2	7	18	1	491
60	2	2	7	19	1	514
60	2	2	7	20	1	515
60	2	2	7	21	1	513
60	2	2	7	22	1	547
60	2	2	7	23	1	542
60	2	2	7	24	1	1146
60	2	2	7	25	1	680
60	2	2	7	26	1	483
60	2	2	7	27	1	623
60	2	2	7	28	1	579
60	2	2	7	29	1	588
60	2	2	7	30	1	442
60	2	2	7	31	0	1256
60	2	2	7	32	1	866
60	2	2	7	33	1	971
60	2	2	7	34	1	977
60	2	2	7	35	1	465
60	2	2	7	36	1	500
60	2	2	7	37	1	382
60	2	2	7	38	1	436
60	2	2	7	39	1	747
60	2	2	7	40	1	535
60	2	2	7	41	0	1016
60	2	2	7	42	1	653
60	2	2	7	43	1	439
60	2	2	7	44	1	515
60	2	2	7	45	1	783
60	2	2	7	46	1	569
60	2	2	7	47	1	624
60	2	2	7	48	1	703
61	1	1	3	1	1	1322
61	1	1	3	2	1	1183
61	1	1	3	3	1	881
61	1	1	3	4	1	624
61	1	1	3	5	0	2171
61	1	1	3	6	1	957
61	1	1	3	7	1	587
61	1	1	3	8	1	719
61	1	1	3	9	1	572
61	1	1	3	10	1	646
61	1	1	3	11	1	719
61	1	1	3	12	1	725
61	1	1	3	13	1	674
61	1	1	3	14	1	905
61	1	1	3	15	1	444
61	1	1	3	16	1	593
61	1	1	3	17	1	809
61	1	1	3	18	1	526
61	1	1	3	19	1	1560
61	1	1	3	20	1	2828
61	1	1	3	21	1	798
61	1	1	3	22	1	584
61	1	1	3	23	1	535
61	1	1	3	24	1	686
61	1	1	3	25	1	434
61	1	1	3	26	1	666
61	1	1	3	27	1	1005
61	1	1	3	28	1	1463
61	1	1	3	29	1	422
61	1	1	3	30	1	541
61	1	1	3	31	1	513
61	1	1	3	32	1	410
61	1	1	3	33	1	512
61	1	1	3	34	1	961
61	1	1	3	35	1	762
61	1	1	3	36	1	552
61	1	1	3	37	1	762
61	1	1	3	38	1	649
61	1	1	3	39	1	543
61	1	1	3	40	1	959
61	1	1	3	41	1	479
61	1	1	3	42	1	522
61	1	1	3	43	1	561
61	1	1	3	44	1	562
61	1	1	3	45	1	553
61	1	1	3	46	1	720
61	1	1	3	47	1	558
61	1	1	3	48	1	590
61	1	2	4	1	1	805
61	1	2	4	2	1	726
61	1	2	4	3	1	553
61	1	2	4	4	1	776
61	1	2	4	5	1	707
61	1	2	4	6	1	543
61	1	2	4	7	1	447
61	1	2	4	8	1	610
61	1	2	4	9	1	791
61	1	2	4	10	1	682
61	1	2	4	11	1	514
61	1	2	4	12	1	551
61	1	2	4	13	1	621
61	1	2	4	14	1	721
61	1	2	4	15	1	629
61	1	2	4	16	1	588
61	1	2	4	17	0	1642
61	1	2	4	18	1	551
61	1	2	4	19	1	802
61	1	2	4	20	1	503
61	1	2	4	21	1	1231
61	1	2	4	22	1	636
61	1	2	4	23	1	779
61	1	2	4	24	1	1127
61	1	2	4	25	1	553
61	1	2	4	26	1	624
61	1	2	4	27	1	695
61	1	2	4	28	1	639
61	1	2	4	29	1	1113
61	1	2	4	30	1	523
61	1	2	4	31	1	630
61	1	2	4	32	1	1323
61	1	2	4	33	1	646
61	1	2	4	34	1	734
61	1	2	4	35	1	644
61	1	2	4	36	1	801
61	1	2	4	37	1	529
61	1	2	4	38	1	723
61	1	2	4	39	1	1075
61	1	2	4	40	0	1993
61	1	2	4	41	1	1688
61	1	2	4	42	1	659
61	1	2	4	43	1	528
61	1	2	4	44	1	846
61	1	2	4	45	1	1180
61	1	2	4	46	1	781
61	1	2	4	47	1	559
61	1	2	4	48	1	714
61	1	1	6	1	1	1089
61	1	1	6	2	0	6665
61	1	1	6	3	1	922
61	1	1	6	4	0	4115
61	1	1	6	5	1	978
61	1	1	6	6	1	5552
61	1	1	6	7	0	2271
61	1	1	6	8	1	3558
61	1	1	6	9	0	2306
61	1	1	6	10	1	1297
61	1	1	6	11	1	835
61	1	1	6	12	1	1208
61	1	1	6	13	1	749
61	1	1	6	14	1	994
61	1	1	6	15	1	1603
61	1	1	6	16	0	1381
61	1	1	6	17	1	2439
61	1	1	6	18	1	1588
61	1	1	6	19	1	999
61	1	1	6	20	0	2238
61	1	1	6	21	1	4351
61	1	1	6	22	1	1044
61	1	1	6	23	1	870
61	1	1	6	24	1	2193
61	1	1	6	25	1	853
61	1	1	6	26	1	812
61	1	1	6	27	1	819
61	1	1	6	28	1	991
61	1	1	6	29	1	1212
61	1	1	6	30	1	1194
61	1	1	6	31	1	520
61	1	1	6	32	0	1796
61	1	1	6	33	1	998
61	1	1	6	34	1	915
61	1	1	6	35	1	902
61	1	1	6	36	1	535
61	1	1	6	37	1	725
61	1	1	6	38	1	535
61	1	1	6	39	1	769
61	1	1	6	40	0	1356
61	1	1	6	41	1	1422
61	1	1	6	42	0	1349
61	1	1	6	43	1	803
61	1	1	6	44	1	1073
61	1	1	6	45	1	587
61	1	1	6	46	1	637
61	1	1	6	47	1	709
61	1	1	6	48	1	709
61	1	2	7	1	1	885
61	1	2	7	2	0	2464
61	1	2	7	3	1	1618
61	1	2	7	4	1	882
61	1	2	7	5	1	3483
61	1	2	7	6	1	1419
61	1	2	7	7	1	496
61	1	2	7	8	1	1349
61	1	2	7	9	1	539
61	1	2	7	10	1	788
61	1	2	7	11	0	1210
61	1	2	7	12	1	2555
61	1	2	7	13	1	615
61	1	2	7	14	1	850
61	1	2	7	15	0	1271
61	1	2	7	16	1	1862
61	1	2	7	17	1	742
61	1	2	7	18	1	916
61	1	2	7	19	1	569
61	1	2	7	20	1	2447
61	1	2	7	21	1	585
61	1	2	7	22	1	594
61	1	2	7	23	1	699
61	1	2	7	24	1	811
61	1	2	7	25	1	846
61	1	2	7	26	1	846
61	1	2	7	27	1	651
61	1	2	7	28	1	753
61	1	2	7	29	1	985
61	1	2	7	30	1	789
61	1	2	7	31	1	807
61	1	2	7	32	1	645
61	1	2	7	33	1	775
61	1	2	7	34	1	2137
61	1	2	7	35	1	720
61	1	2	7	36	1	641
61	1	2	7	37	1	3766
61	1	2	7	38	1	713
61	1	2	7	39	1	798
61	1	2	7	40	1	691
61	1	2	7	41	1	749
61	1	2	7	42	1	921
61	1	2	7	43	0	1897
61	1	2	7	44	0	1968
61	1	2	7	45	1	1327
61	1	2	7	46	1	762
61	1	2	7	47	1	1161
61	1	2	7	48	1	1427
62	2	1	3	1	1	1113
62	2	1	3	2	0	1035
62	2	1	3	3	1	945
62	2	1	3	4	1	2133
62	2	1	3	5	1	667
62	2	1	3	6	1	498
62	2	1	3	7	1	824
62	2	1	3	8	1	757
62	2	1	3	9	1	2027
62	2	1	3	10	1	1028
62	2	1	3	11	1	719
62	2	1	3	12	1	889
62	2	1	3	13	1	605
62	2	1	3	14	1	1029
62	2	1	3	15	1	709
62	2	1	3	16	1	571
62	2	1	3	17	1	604
62	2	1	3	18	1	746
62	2	1	3	19	1	948
62	2	1	3	20	1	403
62	2	1	3	21	1	598
62	2	1	3	22	1	795
62	2	1	3	23	1	936
62	2	1	3	24	1	844
62	2	1	3	25	1	832
62	2	1	3	26	0	1010
62	2	1	3	27	1	490
62	2	1	3	28	1	697
62	2	1	3	29	1	532
62	2	1	3	30	1	904
62	2	1	3	31	1	780
62	2	1	3	32	1	626
62	2	1	3	33	1	597
62	2	1	3	34	1	793
62	2	1	3	35	0	858
62	2	1	3	36	1	638
62	2	1	3	37	1	556
62	2	1	3	38	1	732
62	2	1	3	39	0	1268
62	2	1	3	40	0	1641
62	2	1	3	41	1	566
62	2	1	3	42	1	556
62	2	1	3	43	1	557
62	2	1	3	44	1	601
62	2	1	3	45	1	530
62	2	1	3	46	1	422
62	2	1	3	47	1	526
62	2	1	3	48	1	645
62	2	2	4	1	1	1305
62	2	2	4	2	1	743
62	2	2	4	3	1	849
62	2	2	4	4	1	517
62	2	2	4	5	0	1920
62	2	2	4	6	1	1001
62	2	2	4	7	1	436
62	2	2	4	8	1	664
62	2	2	4	9	1	508
62	2	2	4	10	1	545
62	2	2	4	11	1	490
62	2	2	4	12	1	2130
62	2	2	4	13	1	449
62	2	2	4	14	1	544
62	2	2	4	15	1	586
62	2	2	4	16	1	578
62	2	2	4	17	1	757
62	2	2	4	18	1	1790
62	2	2	4	19	1	571
62	2	2	4	20	1	590
62	2	2	4	21	1	369
62	2	2	4	22	1	482
62	2	2	4	23	1	606
62	2	2	4	24	1	1112
62	2	2	4	25	1	470
62	2	2	4	26	1	714
62	2	2	4	27	1	619
62	2	2	4	28	1	656
62	2	2	4	29	0	1022
62	2	2	4	30	1	2066
62	2	2	4	31	1	525
62	2	2	4	32	0	1153
62	2	2	4	33	1	1773
62	2	2	4	34	1	859
62	2	2	4	35	1	663
62	2	2	4	36	1	667
62	2	2	4	37	1	751
62	2	2	4	38	1	540
62	2	2	4	39	1	620
62	2	2	4	40	1	645
62	2	2	4	41	1	701
62	2	2	4	42	1	937
62	2	2	4	43	1	724
62	2	2	4	44	1	725
62	2	2	4	45	1	698
62	2	2	4	46	1	452
62	2	2	4	47	1	574
62	2	2	4	48	1	579
62	2	1	6	1	1	697
62	2	1	6	2	1	677
62	2	1	6	3	1	564
62	2	1	6	4	1	487
62	2	1	6	5	1	683
62	2	1	6	6	1	770
62	2	1	6	7	1	589
62	2	1	6	8	1	581
62	2	1	6	9	1	708
62	2	1	6	10	1	624
62	2	1	6	11	1	661
62	2	1	6	12	1	599
62	2	1	6	13	1	1569
62	2	1	6	14	1	493
62	2	1	6	15	1	527
62	2	1	6	16	1	513
62	2	1	6	17	1	508
62	2	1	6	18	1	547
62	2	1	6	19	1	561
62	2	1	6	20	1	698
62	2	1	6	21	1	453
62	2	1	6	22	1	456
62	2	1	6	23	1	432
62	2	1	6	24	1	432
62	2	1	6	25	1	432
62	2	1	6	26	1	700
62	2	1	6	27	1	601
62	2	1	6	28	1	944
62	2	1	6	29	1	451
62	2	1	6	30	1	547
62	2	1	6	31	1	563
62	2	1	6	32	1	473
62	2	1	6	33	1	544
62	2	1	6	34	0	1054
62	2	1	6	35	1	755
62	2	1	6	36	1	1385
62	2	1	6	37	1	526
62	2	1	6	38	1	724
62	2	1	6	39	1	429
62	2	1	6	40	1	1043
62	2	1	6	41	1	1539
62	2	1	6	42	1	860
62	2	1	6	43	1	625
62	2	1	6	44	1	664
62	2	1	6	45	1	814
62	2	1	6	46	1	769
62	2	1	6	47	1	400
62	2	1	6	48	1	570
62	2	2	7	1	1	702
62	2	2	7	2	1	938
62	2	2	7	3	1	432
62	2	2	7	4	0	861
62	2	2	7	5	1	560
62	2	2	7	6	1	804
62	2	2	7	7	1	426
62	2	2	7	8	1	478
62	2	2	7	9	0	755
62	2	2	7	10	1	893
62	2	2	7	11	1	381
62	2	2	7	12	1	574
62	2	2	7	13	1	498
62	2	2	7	14	1	960
62	2	2	7	15	1	846
62	2	2	7	16	1	607
62	2	2	7	17	1	377
62	2	2	7	18	1	449
62	2	2	7	19	1	516
62	2	2	7	20	1	475
62	2	2	7	21	1	492
62	2	2	7	22	1	2368
62	2	2	7	23	1	560
62	2	2	7	24	1	764
62	2	2	7	25	1	393
62	2	2	7	26	1	951
62	2	2	7	27	1	366
62	2	2	7	28	1	595
62	2	2	7	29	1	604
62	2	2	7	30	1	587
62	2	2	7	31	1	982
62	2	2	7	32	1	494
62	2	2	7	33	1	715
62	2	2	7	34	1	553
62	2	2	7	35	1	650
62	2	2	7	36	1	957
62	2	2	7	37	1	453
62	2	2	7	38	1	697
62	2	2	7	39	1	799
62	2	2	7	40	1	648
62	2	2	7	41	1	516
62	2	2	7	42	1	832
62	2	2	7	43	1	753
62	2	2	7	44	1	797
62	2	2	7	45	1	565
62	2	2	7	46	1	516
62	2	2	7	47	1	618
62	2	2	7	48	1	444
63	1	1	3	1	1	2339
63	1	1	3	2	1	1565
63	1	1	3	3	1	1131
63	1	1	3	4	1	996
63	1	1	3	5	1	1621
63	1	1	3	6	1	1070
63	1	1	3	7	1	1109
63	1	1	3	8	1	1105
63	1	1	3	9	1	1514
63	1	1	3	10	1	1022
63	1	1	3	11	1	780
63	1	1	3	12	1	750
63	1	1	3	13	1	1951
63	1	1	3	14	1	2634
63	1	1	3	15	1	1241
63	1	1	3	16	1	1292
63	1	1	3	17	1	769
63	1	1	3	18	1	1084
63	1	1	3	19	1	1011
63	1	1	3	20	1	840
63	1	1	3	21	1	648
63	1	1	3	22	1	648
63	1	1	3	23	1	756
63	1	1	3	24	1	1098
63	1	1	3	25	1	607
63	1	1	3	26	1	650
63	1	1	3	27	1	810
63	1	1	3	28	1	1027
63	1	1	3	29	1	678
63	1	1	3	30	1	641
63	1	1	3	31	1	1883
63	1	1	3	32	1	2780
63	1	1	3	33	1	1835
63	1	1	3	34	1	730
63	1	1	3	35	1	683
63	1	1	3	36	1	1803
63	1	1	3	37	1	1417
63	1	1	3	38	1	983
63	1	1	3	39	1	677
63	1	1	3	40	1	571
63	1	1	3	41	1	723
63	1	1	3	42	1	607
63	1	1	3	43	1	878
63	1	1	3	44	1	559
63	1	1	3	45	1	798
63	1	1	3	46	1	875
63	1	1	3	47	1	837
63	1	1	3	48	1	615
63	1	2	4	1	1	2558
63	1	2	4	2	1	743
63	1	2	4	3	1	1536
63	1	2	4	4	1	1737
63	1	2	4	5	1	667
63	1	2	4	6	1	972
63	1	2	4	7	1	602
63	1	2	4	8	1	679
63	1	2	4	9	1	682
63	1	2	4	10	1	1465
63	1	2	4	11	1	487
63	1	2	4	12	1	508
63	1	2	4	13	1	621
63	1	2	4	14	1	1807
63	1	2	4	15	1	851
63	1	2	4	16	1	611
63	1	2	4	17	1	1014
63	1	2	4	18	1	607
63	1	2	4	19	1	956
63	1	2	4	20	1	1654
63	1	2	4	21	1	706
63	1	2	4	22	1	715
63	1	2	4	23	1	851
63	1	2	4	24	1	758
63	1	2	4	25	1	756
63	1	2	4	26	1	1506
63	1	2	4	27	1	1292
63	1	2	4	28	1	1546
63	1	2	4	29	1	614
63	1	2	4	30	1	568
63	1	2	4	31	1	1402
63	1	2	4	32	1	825
63	1	2	4	33	1	2178
63	1	2	4	34	1	653
63	1	2	4	35	1	1204
63	1	2	4	36	1	585
63	1	2	4	37	1	1269
63	1	2	4	38	1	1002
63	1	2	4	39	1	571
63	1	2	4	40	1	480
63	1	2	4	41	1	723
63	1	2	4	42	1	579
63	1	2	4	43	1	734
63	1	2	4	44	1	813
63	1	2	4	45	1	695
63	1	2	4	46	1	519
63	1	2	4	47	1	530
63	1	2	4	48	1	728
63	1	1	6	1	1	4187
63	1	1	6	2	1	6324
63	1	1	6	3	1	2083
63	1	1	6	4	1	1264
63	1	1	6	5	1	1748
63	1	1	6	6	1	2149
63	1	1	6	7	1	1506
63	1	1	6	8	1	1585
63	1	1	6	9	1	2354
63	1	1	6	10	1	2545
63	1	1	6	11	1	1820
63	1	1	6	12	1	1040
63	1	1	6	13	1	851
63	1	1	6	14	1	1160
63	1	1	6	15	1	1630
63	1	1	6	16	1	1176
63	1	1	6	17	1	947
63	1	1	6	18	1	1157
63	1	1	6	19	1	1759
63	1	1	6	20	1	1254
63	1	1	6	21	1	1888
63	1	1	6	22	1	1459
63	1	1	6	23	1	1963
63	1	1	6	24	1	1003
63	1	1	6	25	1	1176
63	1	1	6	26	1	1014
63	1	1	6	27	1	1224
63	1	1	6	28	1	1157
63	1	1	6	29	1	4041
63	1	1	6	30	1	835
63	1	1	6	31	1	1094
63	1	1	6	32	1	786
63	1	1	6	33	1	1068
63	1	1	6	34	1	1375
63	1	1	6	35	1	1242
63	1	1	6	36	1	1025
63	1	1	6	37	1	1091
63	1	1	6	38	1	1025
63	1	1	6	39	1	998
63	1	1	6	40	1	851
63	1	1	6	41	1	986
63	1	1	6	42	1	1188
63	1	1	6	43	1	1029
63	1	1	6	44	1	963
63	1	1	6	45	1	1245
63	1	1	6	46	1	988
63	1	1	6	47	1	1204
63	1	1	6	48	1	988
63	1	2	7	1	1	1974
63	1	2	7	2	1	1052
63	1	2	7	3	1	1321
63	1	2	7	4	1	990
63	1	2	7	5	1	956
63	1	2	7	6	1	1519
63	1	2	7	7	1	1886
63	1	2	7	8	1	1002
63	1	2	7	9	1	1041
63	1	2	7	10	1	917
63	1	2	7	11	1	877
63	1	2	7	12	1	826
63	1	2	7	13	1	1040
63	1	2	7	14	1	903
63	1	2	7	15	1	654
63	1	2	7	16	1	1229
63	1	2	7	17	1	1352
63	1	2	7	18	1	907
63	1	2	7	19	1	1654
63	1	2	7	20	1	909
63	1	2	7	21	1	838
63	1	2	7	22	1	882
63	1	2	7	23	1	1037
63	1	2	7	24	1	1633
63	1	2	7	25	1	1065
63	1	2	7	26	1	1225
63	1	2	7	27	1	1105
63	1	2	7	28	1	855
63	1	2	7	29	1	896
63	1	2	7	30	1	655
63	1	2	7	31	1	710
63	1	2	7	32	1	1146
63	1	2	7	33	1	1110
63	1	2	7	34	1	906
63	1	2	7	35	1	609
63	1	2	7	36	1	932
63	1	2	7	37	1	783
63	1	2	7	38	1	1186
63	1	2	7	39	1	1294
63	1	2	7	40	1	1242
63	1	2	7	41	1	639
63	1	2	7	42	1	605
63	1	2	7	43	1	736
63	1	2	7	44	1	721
63	1	2	7	45	1	681
63	1	2	7	46	1	876
63	1	2	7	47	1	797
63	1	2	7	48	1	1084
64	2	1	3	1	1	789
64	2	1	3	2	1	1018
64	2	1	3	3	1	813
64	2	1	3	4	1	519
64	2	1	3	5	1	627
64	2	1	3	6	1	491
64	2	1	3	7	1	500
64	2	1	3	8	1	704
64	2	1	3	9	1	573
64	2	1	3	10	1	569
64	2	1	3	11	1	612
64	2	1	3	12	1	639
64	2	1	3	13	1	595
64	2	1	3	14	1	774
64	2	1	3	15	1	635
64	2	1	3	16	1	543
64	2	1	3	17	0	1152
64	2	1	3	18	1	751
64	2	1	3	19	1	568
64	2	1	3	20	1	1121
64	2	1	3	21	1	480
64	2	1	3	22	1	603
64	2	1	3	23	1	866
64	2	1	3	24	0	1067
64	2	1	3	25	1	575
64	2	1	3	26	1	880
64	2	1	3	27	1	494
64	2	1	3	28	1	503
64	2	1	3	29	1	762
64	2	1	3	30	1	692
64	2	1	3	31	1	543
64	2	1	3	32	1	504
64	2	1	3	33	1	547
64	2	1	3	34	1	575
64	2	1	3	35	1	544
64	2	1	3	36	1	585
64	2	1	3	37	1	543
64	2	1	3	38	0	1324
64	2	1	3	39	1	802
64	2	1	3	40	0	1072
64	2	1	3	41	1	539
64	2	1	3	42	1	956
64	2	1	3	43	1	1209
64	2	1	3	44	1	866
64	2	1	3	45	1	596
64	2	1	3	46	1	708
64	2	1	3	47	1	542
64	2	1	3	48	1	502
64	2	2	4	1	1	653
64	2	2	4	2	1	668
64	2	2	4	3	1	636
64	2	2	4	4	1	653
64	2	2	4	5	1	814
64	2	2	4	6	1	628
64	2	2	4	7	1	573
64	2	2	4	8	1	703
64	2	2	4	9	1	600
64	2	2	4	10	1	569
64	2	2	4	11	1	584
64	2	2	4	12	1	664
64	2	2	4	13	1	642
64	2	2	4	14	1	570
64	2	2	4	15	1	615
64	2	2	4	16	1	700
64	2	2	4	17	1	839
64	2	2	4	18	1	620
64	2	2	4	19	1	614
64	2	2	4	20	1	709
64	2	2	4	21	1	530
64	2	2	4	22	1	534
64	2	2	4	23	1	609
64	2	2	4	24	1	585
64	2	2	4	25	1	679
64	2	2	4	26	1	694
64	2	2	4	27	1	719
64	2	2	4	28	1	718
64	2	2	4	29	1	718
64	2	2	4	30	1	598
64	2	2	4	31	1	650
64	2	2	4	32	1	487
64	2	2	4	33	1	600
64	2	2	4	34	1	583
64	2	2	4	35	1	598
64	2	2	4	36	1	567
64	2	2	4	37	1	731
64	2	2	4	38	1	835
64	2	2	4	39	1	704
64	2	2	4	40	1	600
64	2	2	4	41	1	625
64	2	2	4	42	1	608
64	2	2	4	43	1	851
64	2	2	4	44	1	652
64	2	2	4	45	1	599
64	2	2	4	46	1	609
64	2	2	4	47	1	596
64	2	2	4	48	1	734
64	2	1	6	1	1	569
64	2	1	6	2	1	477
64	2	1	6	3	1	464
64	2	1	6	4	1	460
64	2	1	6	5	1	546
64	2	1	6	6	1	641
64	2	1	6	7	1	622
64	2	1	6	8	1	453
64	2	1	6	9	1	681
64	2	1	6	10	1	742
64	2	1	6	11	1	542
64	2	1	6	12	1	517
64	2	1	6	13	1	543
64	2	1	6	14	1	732
64	2	1	6	15	1	1238
64	2	1	6	16	1	508
64	2	1	6	17	1	608
64	2	1	6	18	1	785
64	2	1	6	19	1	623
64	2	1	6	20	1	581
64	2	1	6	21	1	608
64	2	1	6	22	1	515
64	2	1	6	23	1	555
64	2	1	6	24	1	521
64	2	1	6	25	1	480
64	2	1	6	26	0	900
64	2	1	6	27	1	574
64	2	1	6	28	1	997
64	2	1	6	29	1	406
64	2	1	6	30	1	582
64	2	1	6	31	1	529
64	2	1	6	32	0	1514
64	2	1	6	33	1	398
64	2	1	6	34	0	1939
64	2	1	6	35	1	908
64	2	1	6	36	1	1347
64	2	1	6	37	1	562
64	2	1	6	38	1	666
64	2	1	6	39	1	368
64	2	1	6	40	1	744
64	2	1	6	41	1	639
64	2	1	6	42	1	487
64	2	1	6	43	1	507
64	2	1	6	44	1	649
64	2	1	6	45	1	623
64	2	1	6	46	1	566
64	2	1	6	47	1	408
64	2	1	6	48	1	624
64	2	2	7	1	1	546
64	2	2	7	2	1	520
64	2	2	7	3	1	453
64	2	2	7	4	1	597
64	2	2	7	5	1	487
64	2	2	7	6	1	452
64	2	2	7	7	1	438
64	2	2	7	8	1	561
64	2	2	7	9	1	520
64	2	2	7	10	1	692
64	2	2	7	11	1	758
64	2	2	7	12	1	504
64	2	2	7	13	1	585
64	2	2	7	14	1	786
64	2	2	7	15	1	520
64	2	2	7	16	1	586
64	2	2	7	17	1	371
64	2	2	7	18	1	534
64	2	2	7	19	1	596
64	2	2	7	20	1	494
64	2	2	7	21	1	504
64	2	2	7	22	1	587
64	2	2	7	23	1	588
64	2	2	7	24	1	695
64	2	2	7	25	1	505
64	2	2	7	26	1	562
64	2	2	7	27	1	641
64	2	2	7	28	1	500
64	2	2	7	29	1	664
64	2	2	7	30	1	590
64	2	2	7	31	1	595
64	2	2	7	32	1	464
64	2	2	7	33	1	575
64	2	2	7	34	1	570
64	2	2	7	35	1	507
64	2	2	7	36	1	580
64	2	2	7	37	1	562
64	2	2	7	38	0	1327
64	2	2	7	39	1	457
64	2	2	7	40	1	528
64	2	2	7	41	0	991
64	2	2	7	42	1	800
64	2	2	7	43	1	449
64	2	2	7	44	1	463
64	2	2	7	45	1	668
64	2	2	7	46	1	651
64	2	2	7	47	1	664
64	2	2	7	48	1	829
65	1	1	3	1	1	1144
65	1	1	3	2	1	1300
65	1	1	3	3	1	2073
65	1	1	3	4	1	677
65	1	1	3	5	1	2779
65	1	1	3	6	1	825
65	1	1	3	7	1	2838
65	1	1	3	8	1	920
65	1	1	3	9	1	1086
65	1	1	3	10	1	892
65	1	1	3	11	1	2140
65	1	1	3	12	1	515
65	1	1	3	13	1	1142
65	1	1	3	14	1	2333
65	1	1	3	15	1	2264
65	1	1	3	16	1	635
65	1	1	3	17	1	1286
65	1	1	3	18	1	812
65	1	1	3	19	1	769
65	1	1	3	20	1	2641
65	1	1	3	21	1	979
65	1	1	3	22	1	975
65	1	1	3	23	1	1663
65	1	1	3	24	1	854
65	1	1	3	25	1	538
65	1	1	3	26	1	554
65	1	1	3	27	1	660
65	1	1	3	28	1	1314
65	1	1	3	29	1	499
65	1	1	3	30	1	612
65	1	1	3	31	1	2109
65	1	1	3	32	1	2074
65	1	1	3	33	1	3261
65	1	1	3	34	1	1150
65	1	1	3	35	1	1281
65	1	1	3	36	1	595
65	1	1	3	37	1	811
65	1	1	3	38	1	536
65	1	1	3	39	1	605
65	1	1	3	40	1	539
65	1	1	3	41	1	2111
65	1	1	3	42	1	2423
65	1	1	3	43	1	3453
65	1	1	3	44	1	619
65	1	1	3	45	1	3283
65	1	1	3	46	1	718
65	1	1	3	47	1	1602
65	1	1	3	48	1	988
65	1	2	4	1	1	707
65	1	2	4	2	1	610
65	1	2	4	3	1	1315
65	1	2	4	4	1	553
65	1	2	4	5	1	605
65	1	2	4	6	1	485
65	1	2	4	7	1	508
65	1	2	4	8	1	474
65	1	2	4	9	1	735
65	1	2	4	10	1	507
65	1	2	4	11	1	1047
65	1	2	4	12	1	773
65	1	2	4	13	1	531
65	1	2	4	14	1	663
65	1	2	4	15	1	1060
65	1	2	4	16	1	1656
65	1	2	4	17	1	1880
65	1	2	4	18	1	594
65	1	2	4	19	1	2065
65	1	2	4	20	1	515
65	1	2	4	21	1	2125
65	1	2	4	22	1	474
65	1	2	4	23	0	1216
65	1	2	4	24	1	1307
65	1	2	4	25	1	2084
65	1	2	4	26	1	900
65	1	2	4	27	1	1663
65	1	2	4	28	1	742
65	1	2	4	29	1	1705
65	1	2	4	30	1	458
65	1	2	4	31	1	3030
65	1	2	4	32	1	510
65	1	2	4	33	1	591
65	1	2	4	34	1	911
65	1	2	4	35	1	634
65	1	2	4	36	1	1361
65	1	2	4	37	1	729
65	1	2	4	38	1	539
65	1	2	4	39	1	2946
65	1	2	4	40	1	620
65	1	2	4	41	1	1194
65	1	2	4	42	1	617
65	1	2	4	43	1	529
65	1	2	4	44	1	663
65	1	2	4	45	1	3108
65	1	2	4	46	1	569
65	1	2	4	47	1	2790
65	1	2	4	48	1	596
65	1	1	6	1	1	3107
65	1	1	6	2	0	3867
65	1	1	6	3	1	3276
65	1	1	6	4	1	2496
65	1	1	6	5	1	1483
65	1	1	6	6	0	2185
65	1	1	6	7	1	5154
65	1	1	6	8	1	1549
65	1	1	6	9	1	2059
65	1	1	6	10	1	1228
65	1	1	6	11	1	1849
65	1	1	6	12	1	1018
65	1	1	6	13	1	742
65	1	1	6	14	1	1036
65	1	1	6	15	1	3120
65	1	1	6	16	1	1274
65	1	1	6	17	1	1622
65	1	1	6	18	1	690
65	1	1	6	19	1	963
65	1	1	6	20	1	2835
65	1	1	6	21	1	1056
65	1	1	6	22	1	746
65	1	1	6	23	1	4569
65	1	1	6	24	1	2696
65	1	1	6	25	1	2670
65	1	1	6	26	1	1250
65	1	1	6	27	1	830
65	1	1	6	28	1	2342
65	1	1	6	29	1	981
65	1	1	6	30	0	2062
65	1	1	6	31	1	1235
65	1	1	6	32	1	1082
65	1	1	6	33	1	637
65	1	1	6	34	0	1471
65	1	1	6	35	1	799
65	1	1	6	36	1	1102
65	1	1	6	37	1	2108
65	1	1	6	38	1	556
65	1	1	6	39	1	2262
65	1	1	6	40	1	2043
65	1	1	6	41	1	530
65	1	1	6	42	0	2469
65	1	1	6	43	0	3056
65	1	1	6	44	1	2359
65	1	1	6	45	1	502
65	1	1	6	46	1	892
65	1	1	6	47	1	1008
65	1	1	6	48	0	1705
65	1	2	7	1	1	910
65	1	2	7	2	1	811
65	1	2	7	3	1	1369
65	1	2	7	4	1	1343
65	1	2	7	5	0	1509
65	1	2	7	6	1	3140
65	1	2	7	7	1	678
65	1	2	7	8	1	853
65	1	2	7	9	1	551
65	1	2	7	10	1	1150
65	1	2	7	11	1	1033
65	1	2	7	12	1	1308
65	1	2	7	13	1	1636
65	1	2	7	14	1	2642
65	1	2	7	15	1	571
65	1	2	7	16	1	578
65	1	2	7	17	1	6075
65	1	2	7	18	1	610
65	1	2	7	19	1	577
65	1	2	7	20	1	618
65	1	2	7	21	1	563
65	1	2	7	22	0	2128
65	1	2	7	23	1	2859
65	1	2	7	24	1	968
65	1	2	7	25	1	536
65	1	2	7	26	1	1137
65	1	2	7	27	1	799
65	1	2	7	28	1	2781
65	1	2	7	29	1	3452
65	1	2	7	30	1	741
65	1	2	7	31	1	1855
65	1	2	7	32	1	1495
65	1	2	7	33	1	2998
65	1	2	7	34	1	1251
65	1	2	7	35	1	600
65	1	2	7	36	1	529
65	1	2	7	37	1	989
65	1	2	7	38	1	595
65	1	2	7	39	0	1291
65	1	2	7	40	1	856
65	1	2	7	41	1	747
65	1	2	7	42	1	2438
65	1	2	7	43	1	1126
65	1	2	7	44	1	742
65	1	2	7	45	1	598
65	1	2	7	46	1	759
65	1	2	7	47	1	1266
65	1	2	7	48	1	488
66	2	1	3	1	1	1551
66	2	1	3	2	1	1249
66	2	1	3	3	1	1022
66	2	1	3	4	0	1622
66	2	1	3	5	1	953
66	2	1	3	6	1	1783
66	2	1	3	7	1	870
66	2	1	3	8	1	2371
66	2	1	3	9	1	1292
66	2	1	3	10	0	1205
66	2	1	3	11	1	1005
66	2	1	3	12	1	1469
66	2	1	3	13	1	1086
66	2	1	3	14	1	1058
66	2	1	3	15	1	1008
66	2	1	3	16	0	1229
66	2	1	3	17	1	992
66	2	1	3	18	1	1583
66	2	1	3	19	1	597
66	2	1	3	20	1	1744
66	2	1	3	21	1	1810
66	2	1	3	22	1	934
66	2	1	3	23	1	849
66	2	1	3	24	1	953
66	2	1	3	25	1	799
66	2	1	3	26	1	612
66	2	1	3	27	1	525
66	2	1	3	28	1	788
66	2	1	3	29	1	583
66	2	1	3	30	1	501
66	2	1	3	31	1	585
66	2	1	3	32	1	510
66	2	1	3	33	1	796
66	2	1	3	34	1	868
66	2	1	3	35	0	815
66	2	1	3	36	1	514
66	2	1	3	37	1	636
66	2	1	3	38	1	715
66	2	1	3	39	1	665
66	2	1	3	40	1	448
66	2	1	3	41	1	349
66	2	1	3	42	1	790
66	2	1	3	43	1	677
66	2	1	3	44	1	607
66	2	1	3	45	1	570
66	2	1	3	46	0	1034
66	2	1	3	47	1	982
66	2	1	3	48	1	581
66	2	2	4	1	1	1330
66	2	2	4	2	1	1171
66	2	2	4	3	1	839
66	2	2	4	4	1	636
66	2	2	4	5	0	1854
66	2	2	4	6	1	964
66	2	2	4	7	1	582
66	2	2	4	8	1	1364
66	2	2	4	9	1	349
66	2	2	4	10	1	447
66	2	2	4	11	1	635
66	2	2	4	12	1	838
66	2	2	4	13	0	912
66	2	2	4	14	1	1018
66	2	2	4	15	1	579
66	2	2	4	16	1	880
66	2	2	4	17	1	1007
66	2	2	4	18	1	952
66	2	2	4	19	1	989
66	2	2	4	20	1	486
66	2	2	4	21	1	442
66	2	2	4	22	1	448
66	2	2	4	23	1	541
66	2	2	4	24	1	654
66	2	2	4	25	1	552
66	2	2	4	26	1	428
66	2	2	4	27	1	457
66	2	2	4	28	1	527
66	2	2	4	29	1	715
66	2	2	4	30	0	1954
66	2	2	4	31	1	1334
66	2	2	4	32	1	1445
66	2	2	4	33	1	662
66	2	2	4	34	1	813
66	2	2	4	35	1	582
66	2	2	4	36	1	611
66	2	2	4	37	1	702
66	2	2	4	38	1	605
66	2	2	4	39	0	846
66	2	2	4	40	1	677
66	2	2	4	41	1	607
66	2	2	4	42	1	691
66	2	2	4	43	1	1022
66	2	2	4	44	1	1020
66	2	2	4	45	1	689
66	2	2	4	46	1	582
66	2	2	4	47	1	747
66	2	2	4	48	1	663
66	2	1	6	1	1	762
66	2	1	6	2	1	661
66	2	1	6	3	1	497
66	2	1	6	4	1	595
66	2	1	6	5	1	609
66	2	1	6	6	1	530
66	2	1	6	7	1	595
66	2	1	6	8	1	537
66	2	1	6	9	1	554
66	2	1	6	10	1	676
66	2	1	6	11	1	453
66	2	1	6	12	1	581
66	2	1	6	13	1	500
66	2	1	6	14	1	598
66	2	1	6	15	0	1174
66	2	1	6	16	1	570
66	2	1	6	17	1	468
66	2	1	6	18	1	443
66	2	1	6	19	1	577
66	2	1	6	20	1	783
66	2	1	6	21	1	516
66	2	1	6	22	1	543
66	2	1	6	23	1	496
66	2	1	6	24	1	594
66	2	1	6	25	1	442
66	2	1	6	26	1	545
66	2	1	6	27	1	592
66	2	1	6	28	1	612
66	2	1	6	29	1	430
66	2	1	6	30	1	501
66	2	1	6	31	1	544
66	2	1	6	32	1	415
66	2	1	6	33	1	596
66	2	1	6	34	0	788
66	2	1	6	35	1	1540
66	2	1	6	36	1	651
66	2	1	6	37	1	523
66	2	1	6	38	1	553
66	2	1	6	39	1	388
66	2	1	6	40	1	540
66	2	1	6	41	1	487
66	2	1	6	42	1	444
66	2	1	6	43	1	552
66	2	1	6	44	1	456
66	2	1	6	45	1	691
66	2	1	6	46	1	528
66	2	1	6	47	1	662
66	2	1	6	48	1	526
66	2	2	7	1	1	624
66	2	2	7	2	1	706
66	2	2	7	3	1	473
66	2	2	7	4	1	472
66	2	2	7	5	1	472
66	2	2	7	6	1	472
66	2	2	7	7	1	404
66	2	2	7	8	1	430
66	2	2	7	9	0	846
66	2	2	7	10	0	924
66	2	2	7	11	1	775
66	2	2	7	12	1	422
66	2	2	7	13	0	747
66	2	2	7	14	1	842
66	2	2	7	15	1	586
66	2	2	7	16	1	497
66	2	2	7	17	1	541
66	2	2	7	18	1	392
66	2	2	7	19	0	778
66	2	2	7	20	1	499
66	2	2	7	21	1	555
66	2	2	7	22	1	650
66	2	2	7	23	1	545
66	2	2	7	24	1	415
66	2	2	7	25	1	595
66	2	2	7	26	1	691
66	2	2	7	27	1	447
66	2	2	7	28	1	498
66	2	2	7	29	0	846
66	2	2	7	30	1	459
66	2	2	7	31	1	585
66	2	2	7	32	1	577
66	2	2	7	33	1	592
66	2	2	7	34	1	407
66	2	2	7	35	1	530
66	2	2	7	36	1	553
66	2	2	7	37	1	757
66	2	2	7	38	1	448
66	2	2	7	39	1	501
66	2	2	7	40	1	353
66	2	2	7	41	1	346
66	2	2	7	42	1	621
66	2	2	7	43	1	676
66	2	2	7	44	1	524
66	2	2	7	45	1	570
66	2	2	7	46	1	553
66	2	2	7	47	1	536
66	2	2	7	48	1	839
67	1	1	3	1	1	1407
67	1	1	3	2	1	701
67	1	1	3	3	1	652
67	1	1	3	4	1	519
67	1	1	3	5	1	736
67	1	1	3	6	1	506
67	1	1	3	7	1	675
67	1	1	3	8	1	542
67	1	1	3	9	1	626
67	1	1	3	10	1	598
67	1	1	3	11	1	528
67	1	1	3	12	1	547
67	1	1	3	13	1	796
67	1	1	3	14	1	682
67	1	1	3	15	1	623
67	1	1	3	16	1	542
67	1	1	3	17	1	543
67	1	1	3	18	1	452
67	1	1	3	19	1	531
67	1	1	3	20	1	970
67	1	1	3	21	1	521
67	1	1	3	22	1	480
67	1	1	3	23	1	482
67	1	1	3	24	0	1042
67	1	1	3	25	1	536
67	1	1	3	26	1	601
67	1	1	3	27	1	905
67	1	1	3	28	1	562
67	1	1	3	29	1	454
67	1	1	3	30	1	1247
67	1	1	3	31	1	1609
67	1	1	3	32	1	503
67	1	1	3	33	1	480
67	1	1	3	34	1	588
67	1	1	3	35	1	590
67	1	1	3	36	1	502
67	1	1	3	37	1	787
67	1	1	3	38	1	545
67	1	1	3	39	1	534
67	1	1	3	40	1	504
67	1	1	3	41	1	521
67	1	1	3	42	1	709
67	1	1	3	43	1	546
67	1	1	3	44	1	494
67	1	1	3	45	1	667
67	1	1	3	46	1	636
67	1	1	3	47	1	641
67	1	1	3	48	1	732
67	1	2	4	1	1	1147
67	1	2	4	2	1	850
67	1	2	4	3	1	624
67	1	2	4	4	1	595
67	1	2	4	5	1	493
67	1	2	4	6	1	505
67	1	2	4	7	1	415
67	1	2	4	8	1	622
67	1	2	4	9	1	537
67	1	2	4	10	1	533
67	1	2	4	11	1	530
67	1	2	4	12	1	482
67	1	2	4	13	1	568
67	1	2	4	14	1	773
67	1	2	4	15	1	597
67	1	2	4	16	1	509
67	1	2	4	17	1	612
67	1	2	4	18	1	506
67	1	2	4	19	1	862
67	1	2	4	20	1	616
67	1	2	4	21	1	528
67	1	2	4	22	1	587
67	1	2	4	23	1	710
67	1	2	4	24	1	1941
67	1	2	4	25	1	568
67	1	2	4	26	1	480
67	1	2	4	27	1	495
67	1	2	4	28	1	518
67	1	2	4	29	1	572
67	1	2	4	30	1	489
67	1	2	4	31	1	509
67	1	2	4	32	1	1079
67	1	2	4	33	1	521
67	1	2	4	34	1	562
67	1	2	4	35	0	1209
67	1	2	4	36	1	629
67	1	2	4	37	1	520
67	1	2	4	38	1	616
67	1	2	4	39	1	543
67	1	2	4	40	1	545
67	1	2	4	41	1	896
67	1	2	4	42	1	533
67	1	2	4	43	1	611
67	1	2	4	44	1	829
67	1	2	4	45	1	521
67	1	2	4	46	1	1728
67	1	2	4	47	1	572
67	1	2	4	48	1	608
67	1	1	6	1	1	696
67	1	1	6	2	1	1381
67	1	1	6	3	1	837
67	1	1	6	4	1	841
67	1	1	6	5	1	907
67	1	1	6	6	0	1081
67	1	1	6	7	1	1190
67	1	1	6	8	1	1266
67	1	1	6	9	1	718
67	1	1	6	10	1	774
67	1	1	6	11	1	758
67	1	1	6	12	1	1588
67	1	1	6	13	1	1087
67	1	1	6	14	1	761
67	1	1	6	15	0	1059
67	1	1	6	16	1	696
67	1	1	6	17	1	898
67	1	1	6	18	1	1079
67	1	1	6	19	1	720
67	1	1	6	20	1	534
67	1	1	6	21	1	625
67	1	1	6	22	1	733
67	1	1	6	23	1	891
67	1	1	6	24	0	1310
67	1	1	6	25	1	672
67	1	1	6	26	1	1744
67	1	1	6	27	1	466
67	1	1	6	28	1	689
67	1	1	6	29	1	671
67	1	1	6	30	1	1083
67	1	1	6	31	0	1875
67	1	1	6	32	1	1850
67	1	1	6	33	1	705
67	1	1	6	34	1	1179
67	1	1	6	35	1	1180
67	1	1	6	36	1	991
67	1	1	6	37	1	810
67	1	1	6	38	1	1418
67	1	1	6	39	1	1135
67	1	1	6	40	1	681
67	1	1	6	41	1	1092
67	1	1	6	42	1	892
67	1	1	6	43	1	919
67	1	1	6	44	1	547
67	1	1	6	45	1	603
67	1	1	6	46	1	547
67	1	1	6	47	1	790
67	1	1	6	48	1	554
67	1	2	7	1	1	1487
67	1	2	7	2	1	1165
67	1	2	7	3	1	742
67	1	2	7	4	1	584
67	1	2	7	5	0	1729
67	1	2	7	6	1	1156
67	1	2	7	7	1	743
67	1	2	7	8	1	774
67	1	2	7	9	1	972
67	1	2	7	10	1	824
67	1	2	7	11	1	648
67	1	2	7	12	1	904
67	1	2	7	13	1	749
67	1	2	7	14	1	529
67	1	2	7	15	1	563
67	1	2	7	16	1	614
67	1	2	7	17	1	677
67	1	2	7	18	1	666
67	1	2	7	19	1	1174
67	1	2	7	20	1	811
67	1	2	7	21	1	667
67	1	2	7	22	1	785
67	1	2	7	23	1	1242
67	1	2	7	24	1	962
67	1	2	7	25	1	655
67	1	2	7	26	1	508
67	1	2	7	27	1	530
67	1	2	7	28	1	601
67	1	2	7	29	1	1967
67	1	2	7	30	1	1416
67	1	2	7	31	1	907
67	1	2	7	32	1	903
67	1	2	7	33	1	2103
67	1	2	7	34	1	654
67	1	2	7	35	1	535
67	1	2	7	36	1	1136
67	1	2	7	37	0	1381
67	1	2	7	38	1	802
67	1	2	7	39	1	1108
67	1	2	7	40	1	959
67	1	2	7	41	1	653
67	1	2	7	42	1	1082
67	1	2	7	43	1	1093
67	1	2	7	44	1	519
67	1	2	7	45	1	654
67	1	2	7	46	1	601
67	1	2	7	47	1	624
67	1	2	7	48	1	1736
68	2	1	3	1	1	624
68	2	1	3	2	0	1137
68	2	1	3	3	1	701
68	2	1	3	4	1	1039
68	2	1	3	5	1	932
68	2	1	3	6	1	1199
68	2	1	3	7	1	649
68	2	1	3	8	1	502
68	2	1	3	9	1	761
68	2	1	3	10	1	655
68	2	1	3	11	1	468
68	2	1	3	12	0	1593
68	2	1	3	13	1	740
68	2	1	3	14	1	890
68	2	1	3	15	1	636
68	2	1	3	16	1	1055
68	2	1	3	17	1	550
68	2	1	3	18	1	772
68	2	1	3	19	1	601
68	2	1	3	20	1	491
68	2	1	3	21	1	798
68	2	1	3	22	1	972
68	2	1	3	23	1	822
68	2	1	3	24	1	656
68	2	1	3	25	1	729
68	2	1	3	26	1	710
68	2	1	3	27	1	412
68	2	1	3	28	1	572
68	2	1	3	29	1	583
68	2	1	3	30	1	528
68	2	1	3	31	1	614
68	2	1	3	32	1	568
68	2	1	3	33	1	612
68	2	1	3	34	1	548
68	2	1	3	35	1	489
68	2	1	3	36	1	501
68	2	1	3	37	1	583
68	2	1	3	38	1	651
68	2	1	3	39	1	706
68	2	1	3	40	1	663
68	2	1	3	41	1	387
68	2	1	3	42	0	940
68	2	1	3	43	1	680
68	2	1	3	44	1	603
68	2	1	3	45	1	856
68	2	1	3	46	1	1131
68	2	1	3	47	1	529
68	2	1	3	48	1	720
68	2	2	4	1	1	555
68	2	2	4	2	1	805
68	2	2	4	3	1	588
68	2	2	4	4	1	440
68	2	2	4	5	1	958
68	2	2	4	6	1	584
68	2	2	4	7	1	544
68	2	2	4	8	0	1074
68	2	2	4	9	1	682
68	2	2	4	10	1	905
68	2	2	4	11	1	493
68	2	2	4	12	1	639
68	2	2	4	13	1	608
68	2	2	4	14	1	557
68	2	2	4	15	1	576
68	2	2	4	16	1	489
68	2	2	4	17	1	677
68	2	2	4	18	1	599
68	2	2	4	19	1	584
68	2	2	4	20	1	651
68	2	2	4	21	1	706
68	2	2	4	22	1	581
68	2	2	4	23	1	581
68	2	2	4	24	1	515
68	2	2	4	25	1	489
68	2	2	4	26	1	635
68	2	2	4	27	1	586
68	2	2	4	28	1	558
68	2	2	4	29	1	638
68	2	2	4	30	1	561
68	2	2	4	31	1	508
68	2	2	4	32	1	649
68	2	2	4	33	1	851
68	2	2	4	34	1	773
68	2	2	4	35	1	624
68	2	2	4	36	1	731
68	2	2	4	37	1	1037
68	2	2	4	38	1	695
68	2	2	4	39	1	1056
68	2	2	4	40	1	1427
68	2	2	4	41	1	547
68	2	2	4	42	1	641
68	2	2	4	43	1	570
68	2	2	4	44	1	522
68	2	2	4	45	1	374
68	2	2	4	46	1	557
68	2	2	4	47	1	594
68	2	2	4	48	1	640
68	2	1	6	1	1	585
68	2	1	6	2	1	490
68	2	1	6	3	1	596
68	2	1	6	4	1	521
68	2	1	6	5	1	577
68	2	1	6	6	1	451
68	2	1	6	7	1	612
68	2	1	6	8	1	586
68	2	1	6	9	1	896
68	2	1	6	10	1	562
68	2	1	6	11	1	453
68	2	1	6	12	1	534
68	2	1	6	13	1	639
68	2	1	6	14	1	562
68	2	1	6	15	1	588
68	2	1	6	16	1	482
68	2	1	6	17	1	500
68	2	1	6	18	1	478
68	2	1	6	19	1	613
68	2	1	6	20	1	575
68	2	1	6	21	1	531
68	2	1	6	22	1	482
68	2	1	6	23	1	462
68	2	1	6	24	1	561
68	2	1	6	25	1	439
68	2	1	6	26	1	516
68	2	1	6	27	1	690
68	2	1	6	28	1	529
68	2	1	6	29	1	467
68	2	1	6	30	1	451
68	2	1	6	31	1	572
68	2	1	6	32	1	509
68	2	1	6	33	1	531
68	2	1	6	34	1	620
68	2	1	6	35	1	589
68	2	1	6	36	1	528
68	2	1	6	37	1	627
68	2	1	6	38	1	625
68	2	1	6	39	1	503
68	2	1	6	40	1	534
68	2	1	6	41	1	490
68	2	1	6	42	1	502
68	2	1	6	43	1	601
68	2	1	6	44	1	1068
68	2	1	6	45	1	626
68	2	1	6	46	1	624
68	2	1	6	47	1	516
68	2	1	6	48	1	638
68	2	2	7	1	1	1046
68	2	2	7	2	1	480
68	2	2	7	3	1	469
68	2	2	7	4	0	1062
68	2	2	7	5	1	566
68	2	2	7	6	1	570
68	2	2	7	7	1	789
68	2	2	7	8	1	616
68	2	2	7	9	1	693
68	2	2	7	10	1	597
68	2	2	7	11	1	562
68	2	2	7	12	1	482
68	2	2	7	13	1	528
68	2	2	7	14	1	613
68	2	2	7	15	1	577
68	2	2	7	16	1	465
68	2	2	7	17	1	489
68	2	2	7	18	1	482
68	2	2	7	19	1	595
68	2	2	7	20	1	522
68	2	2	7	21	1	574
68	2	2	7	22	1	508
68	2	2	7	23	1	598
68	2	2	7	24	1	448
68	2	2	7	25	1	554
68	2	2	7	26	1	509
68	2	2	7	27	1	638
68	2	2	7	28	1	507
68	2	2	7	29	1	489
68	2	2	7	30	1	475
68	2	2	7	31	1	531
68	2	2	7	32	1	633
68	2	2	7	33	1	558
68	2	2	7	34	1	691
68	2	2	7	35	1	517
68	2	2	7	36	1	529
68	2	2	7	37	1	562
68	2	2	7	38	1	562
68	2	2	7	39	1	574
68	2	2	7	40	1	584
68	2	2	7	41	1	571
68	2	2	7	42	1	479
68	2	2	7	43	1	602
68	2	2	7	44	1	534
68	2	2	7	45	1	853
68	2	2	7	46	1	654
68	2	2	7	47	1	533
68	2	2	7	48	1	463
69	1	1	3	1	1	939
69	1	1	3	2	1	763
69	1	1	3	3	0	1933
69	1	1	3	4	1	1019
69	1	1	3	5	1	990
69	1	1	3	6	1	744
69	1	1	3	7	1	1163
69	1	1	3	8	1	789
69	1	1	3	9	1	946
69	1	1	3	10	1	843
69	1	1	3	11	1	718
69	1	1	3	12	1	681
69	1	1	3	13	1	757
69	1	1	3	14	1	663
69	1	1	3	15	1	911
69	1	1	3	16	1	681
69	1	1	3	17	1	647
69	1	1	3	18	1	597
69	1	1	3	19	1	843
69	1	1	3	20	1	746
69	1	1	3	21	1	710
69	1	1	3	22	1	599
69	1	1	3	23	1	530
69	1	1	3	24	1	1072
69	1	1	3	25	1	657
69	1	1	3	26	1	570
69	1	1	3	27	1	600
69	1	1	3	28	1	678
69	1	1	3	29	1	923
69	1	1	3	30	1	597
69	1	1	3	31	1	858
69	1	1	3	32	1	678
69	1	1	3	33	1	1124
69	1	1	3	34	1	944
69	1	1	3	35	1	615
69	1	1	3	36	1	5467
69	1	1	3	37	1	1430
69	1	1	3	38	1	615
69	1	1	3	39	1	663
69	1	1	3	40	1	589
69	1	1	3	41	1	697
69	1	1	3	42	1	630
69	1	1	3	43	1	550
69	1	1	3	44	1	518
69	1	1	3	45	1	693
69	1	1	3	46	1	583
69	1	1	3	47	1	759
69	1	1	3	48	1	828
69	1	2	4	1	1	656
69	1	2	4	2	1	649
69	1	2	4	3	0	1203
69	1	2	4	4	1	900
69	1	2	4	5	1	678
69	1	2	4	6	1	601
69	1	2	4	7	1	518
69	1	2	4	8	1	720
69	1	2	4	9	1	763
69	1	2	4	10	1	628
69	1	2	4	11	1	1097
69	1	2	4	12	1	605
69	1	2	4	13	1	561
69	1	2	4	14	1	627
69	1	2	4	15	1	574
69	1	2	4	16	1	637
69	1	2	4	17	1	736
69	1	2	4	18	1	533
69	1	2	4	19	1	797
69	1	2	4	20	1	596
69	1	2	4	21	1	574
69	1	2	4	22	1	663
69	1	2	4	23	1	859
69	1	2	4	24	1	518
69	1	2	4	25	1	960
69	1	2	4	26	1	561
69	1	2	4	27	1	1513
69	1	2	4	28	1	627
69	1	2	4	29	1	1258
69	1	2	4	30	1	504
69	1	2	4	31	0	1437
69	1	2	4	32	1	860
69	1	2	4	33	1	787
69	1	2	4	34	1	803
69	1	2	4	35	1	602
69	1	2	4	36	1	719
69	1	2	4	37	1	708
69	1	2	4	38	1	1081
69	1	2	4	39	1	837
69	1	2	4	40	1	696
69	1	2	4	41	1	615
69	1	2	4	42	1	782
69	1	2	4	43	1	650
69	1	2	4	44	1	559
69	1	2	4	45	1	679
69	1	2	4	46	1	642
69	1	2	4	47	1	865
69	1	2	4	48	1	703
69	1	1	6	1	1	1754
69	1	1	6	2	1	1690
69	1	1	6	3	1	1415
69	1	1	6	4	1	1212
69	1	1	6	5	1	1126
69	1	1	6	6	1	1524
69	1	1	6	7	1	730
69	1	1	6	8	1	1502
69	1	1	6	9	1	1203
69	1	1	6	10	1	1300
69	1	1	6	11	1	1256
69	1	1	6	12	1	1103
69	1	1	6	13	1	1113
69	1	1	6	14	1	1407
69	1	1	6	15	1	2059
69	1	1	6	16	1	1161
69	1	1	6	17	1	950
69	1	1	6	18	1	1269
69	1	1	6	19	0	2883
69	1	1	6	20	1	1153
69	1	1	6	21	1	1151
69	1	1	6	22	1	841
69	1	1	6	23	1	1025
69	1	1	6	24	1	1215
69	1	1	6	25	1	1160
69	1	1	6	26	1	1231
69	1	1	6	27	1	999
69	1	1	6	28	1	1172
69	1	1	6	29	1	2456
69	1	1	6	30	1	1118
69	1	1	6	31	1	3135
69	1	1	6	32	1	800
69	1	1	6	33	1	2772
69	1	1	6	34	1	796
69	1	1	6	35	1	1060
69	1	1	6	36	0	2347
69	1	1	6	37	1	1627
69	1	1	6	38	1	1230
69	1	1	6	39	1	3072
69	1	1	6	40	1	739
69	1	1	6	41	1	912
69	1	1	6	42	1	990
69	1	1	6	43	1	863
69	1	1	6	44	1	1060
69	1	1	6	45	1	989
69	1	1	6	46	1	823
69	1	1	6	47	1	891
69	1	1	6	48	1	824
69	1	2	7	1	1	1431
69	1	2	7	2	1	959
69	1	2	7	3	1	2355
69	1	2	7	4	1	911
69	1	2	7	5	1	1138
69	1	2	7	6	1	991
69	1	2	7	7	1	1027
69	1	2	7	8	1	936
69	1	2	7	9	1	789
69	1	2	7	10	0	1277
69	1	2	7	11	1	1033
69	1	2	7	12	1	812
69	1	2	7	13	1	1138
69	1	2	7	14	1	911
69	1	2	7	15	1	776
69	1	2	7	16	1	732
69	1	2	7	17	1	665
69	1	2	7	18	0	1377
69	1	2	7	19	1	1142
69	1	2	7	20	1	1322
69	1	2	7	21	1	797
69	1	2	7	22	1	683
69	1	2	7	23	1	770
69	1	2	7	24	1	1099
69	1	2	7	25	1	798
69	1	2	7	26	0	1606
69	1	2	7	27	1	1347
69	1	2	7	28	1	615
69	1	2	7	29	1	904
69	1	2	7	30	1	964
69	1	2	7	31	1	798
69	1	2	7	32	1	970
69	1	2	7	33	1	1876
69	1	2	7	34	1	1893
69	1	2	7	35	1	560
69	1	2	7	36	1	854
69	1	2	7	37	1	682
69	1	2	7	38	1	811
69	1	2	7	39	1	841
69	1	2	7	40	1	986
69	1	2	7	41	1	709
69	1	2	7	42	1	946
69	1	2	7	43	1	683
69	1	2	7	44	1	1269
69	1	2	7	45	1	722
69	1	2	7	46	1	1126
69	1	2	7	47	1	839
69	1	2	7	48	1	1771
70	2	1	3	1	1	6795
70	2	1	3	2	1	4618
70	2	1	3	3	1	5130
70	2	1	3	4	1	2208
70	2	1	3	5	1	2639
70	2	1	3	6	1	2909
70	2	1	3	7	1	2623
70	2	1	3	8	1	1377
70	2	1	3	9	1	1372
70	2	1	3	10	1	1226
70	2	1	3	11	1	1317
70	2	1	3	12	1	1570
70	2	1	3	13	1	2251
70	2	1	3	14	1	1886
70	2	1	3	15	1	949
70	2	1	3	16	1	1404
70	2	1	3	17	1	1553
70	2	1	3	18	1	1415
70	2	1	3	19	1	965
70	2	1	3	20	1	1500
70	2	1	3	21	1	2597
70	2	1	3	22	1	1158
70	2	1	3	23	1	2048
70	2	1	3	24	1	1445
70	2	1	3	25	1	1935
70	2	1	3	26	1	716
70	2	1	3	27	1	831
70	2	1	3	28	1	1183
70	2	1	3	29	1	1011
70	2	1	3	30	1	1563
70	2	1	3	31	0	2774
70	2	1	3	32	1	1597
70	2	1	3	33	1	1745
70	2	1	3	34	1	1264
70	2	1	3	35	1	1720
70	2	1	3	36	0	2732
70	2	1	3	37	1	2005
70	2	1	3	38	1	1732
70	2	1	3	39	1	1623
70	2	1	3	40	1	2159
70	2	1	3	41	1	1079
70	2	1	3	42	1	1169
70	2	1	3	43	1	1125
70	2	1	3	44	1	1120
70	2	1	3	45	1	840
70	2	1	3	46	1	1391
70	2	1	3	47	1	803
70	2	1	3	48	1	1057
70	2	2	4	1	1	1599
70	2	2	4	2	1	1475
70	2	2	4	3	1	1090
70	2	2	4	4	1	1500
70	2	2	4	5	1	1516
70	2	2	4	6	1	1090
70	2	2	4	7	1	816
70	2	2	4	8	1	1010
70	2	2	4	9	1	935
70	2	2	4	10	1	879
70	2	2	4	11	1	1113
70	2	2	4	12	0	7037
70	2	2	4	13	1	1332
70	2	2	4	14	1	1076
70	2	2	4	15	1	2072
70	2	2	4	16	1	1031
70	2	2	4	17	1	940
70	2	2	4	18	1	1610
70	2	2	4	19	1	1181
70	2	2	4	20	1	993
70	2	2	4	21	1	770
70	2	2	4	22	1	1360
70	2	2	4	23	1	905
70	2	2	4	24	1	1432
70	2	2	4	25	1	789
70	2	2	4	26	1	1924
70	2	2	4	27	1	679
70	2	2	4	28	1	936
70	2	2	4	29	1	1031
70	2	2	4	30	1	788
70	2	2	4	31	1	1226
70	2	2	4	32	1	2323
70	2	2	4	33	1	979
70	2	2	4	34	1	1402
70	2	2	4	35	1	1141
70	2	2	4	36	1	1228
70	2	2	4	37	1	785
70	2	2	4	38	1	797
70	2	2	4	39	1	841
70	2	2	4	40	1	1474
70	2	2	4	41	1	818
70	2	2	4	42	1	1248
70	2	2	4	43	1	2403
70	2	2	4	44	1	1142
70	2	2	4	45	1	1899
70	2	2	4	46	1	1063
70	2	2	4	47	1	827
70	2	2	4	48	1	1249
70	2	1	6	1	1	1758
70	2	1	6	2	1	1609
70	2	1	6	3	1	2105
70	2	1	6	4	1	951
70	2	1	6	5	1	949
70	2	1	6	6	1	570
70	2	1	6	7	1	772
70	2	1	6	8	1	1224
70	2	1	6	9	1	1366
70	2	1	6	10	1	1734
70	2	1	6	11	1	953
70	2	1	6	12	1	1526
70	2	1	6	13	1	1399
70	2	1	6	14	1	734
70	2	1	6	15	1	633
70	2	1	6	16	1	557
70	2	1	6	17	1	829
70	2	1	6	18	1	650
70	2	1	6	19	1	940
70	2	1	6	20	1	816
70	2	1	6	21	1	571
70	2	1	6	22	1	403
70	2	1	6	23	1	456
70	2	1	6	24	1	556
70	2	1	6	25	1	473
70	2	1	6	26	0	1888
70	2	1	6	27	1	3454
70	2	1	6	28	1	1498
70	2	1	6	29	1	1718
70	2	1	6	30	1	1210
70	2	1	6	31	1	1112
70	2	1	6	32	1	553
70	2	1	6	33	1	2783
70	2	1	6	34	1	939
70	2	1	6	35	1	734
70	2	1	6	36	1	1194
70	2	1	6	37	1	620
70	2	1	6	38	1	743
70	2	1	6	39	1	1139
70	2	1	6	40	1	1089
70	2	1	6	41	1	1664
70	2	1	6	42	1	650
70	2	1	6	43	1	833
70	2	1	6	44	1	954
70	2	1	6	45	1	745
70	2	1	6	46	1	853
70	2	1	6	47	1	867
70	2	1	6	48	1	1723
70	2	2	7	1	1	779
70	2	2	7	2	1	677
70	2	2	7	3	1	729
70	2	2	7	4	1	716
70	2	2	7	5	1	886
70	2	2	7	6	1	689
70	2	2	7	7	1	1677
70	2	2	7	8	1	1496
70	2	2	7	9	1	801
70	2	2	7	10	1	699
70	2	2	7	11	1	803
70	2	2	7	12	1	637
70	2	2	7	13	1	715
70	2	2	7	14	1	885
70	2	2	7	15	1	1264
70	2	2	7	16	1	541
70	2	2	7	17	1	462
70	2	2	7	18	1	553
70	2	2	7	19	1	715
70	2	2	7	20	1	735
70	2	2	7	21	1	1371
70	2	2	7	22	1	828
70	2	2	7	23	1	855
70	2	2	7	24	1	896
70	2	2	7	25	1	717
70	2	2	7	26	1	1380
70	2	2	7	27	1	883
70	2	2	7	28	1	679
70	2	2	7	29	1	677
70	2	2	7	30	1	1046
70	2	2	7	31	1	731
70	2	2	7	32	1	841
70	2	2	7	33	1	1009
70	2	2	7	34	1	654
70	2	2	7	35	1	678
70	2	2	7	36	1	1838
70	2	2	7	37	1	581
70	2	2	7	38	1	694
70	2	2	7	39	1	689
70	2	2	7	40	1	609
70	2	2	7	41	1	715
70	2	2	7	42	1	650
70	2	2	7	43	1	873
70	2	2	7	44	1	913
70	2	2	7	45	1	1115
70	2	2	7	46	1	994
70	2	2	7	47	1	851
70	2	2	7	48	1	742
71	1	1	3	1	1	962
71	1	1	3	2	1	1234
71	1	1	3	3	1	954
71	1	1	3	4	1	975
71	1	1	3	5	1	681
71	1	1	3	6	1	636
71	1	1	3	7	1	1166
71	1	1	3	8	1	896
71	1	1	3	9	1	746
71	1	1	3	10	1	894
71	1	1	3	11	1	836
71	1	1	3	12	1	839
71	1	1	3	13	1	1115
71	1	1	3	14	1	1689
71	1	1	3	15	1	1114
71	1	1	3	16	1	1046
71	1	1	3	17	1	715
71	1	1	3	18	1	967
71	1	1	3	19	1	965
71	1	1	3	20	1	1266
71	1	1	3	21	1	624
71	1	1	3	22	1	774
71	1	1	3	23	1	542
71	1	1	3	24	1	570
71	1	1	3	25	1	620
71	1	1	3	26	1	649
71	1	1	3	27	1	937
71	1	1	3	28	1	975
71	1	1	3	29	1	1309
71	1	1	3	30	1	736
71	1	1	3	31	1	2027
71	1	1	3	32	1	605
71	1	1	3	33	1	608
71	1	1	3	34	1	636
71	1	1	3	35	1	635
71	1	1	3	36	1	522
71	1	1	3	37	1	609
71	1	1	3	38	1	583
71	1	1	3	39	1	652
71	1	1	3	40	1	905
71	1	1	3	41	1	977
71	1	1	3	42	1	564
71	1	1	3	43	1	678
71	1	1	3	44	1	483
71	1	1	3	45	1	598
71	1	1	3	46	1	621
71	1	1	3	47	1	648
71	1	1	3	48	1	679
71	1	2	4	1	1	949
71	1	2	4	2	1	952
71	1	2	4	3	1	755
71	1	2	4	4	1	798
71	1	2	4	5	1	746
71	1	2	4	6	1	662
71	1	2	4	7	1	648
71	1	2	4	8	1	676
71	1	2	4	9	1	688
71	1	2	4	10	1	989
71	1	2	4	11	1	787
71	1	2	4	12	1	717
71	1	2	4	13	1	583
71	1	2	4	14	1	870
71	1	2	4	15	1	690
71	1	2	4	16	1	787
71	1	2	4	17	1	1112
71	1	2	4	18	1	621
71	1	2	4	19	1	647
71	1	2	4	20	1	596
71	1	2	4	21	1	605
71	1	2	4	22	1	594
71	1	2	4	23	1	648
71	1	2	4	24	1	623
71	1	2	4	25	1	1620
71	1	2	4	26	1	552
71	1	2	4	27	1	1398
71	1	2	4	28	1	580
71	1	2	4	29	1	677
71	1	2	4	30	1	743
71	1	2	4	31	1	1041
71	1	2	4	32	1	691
71	1	2	4	33	1	556
71	1	2	4	34	1	1074
71	1	2	4	35	1	653
71	1	2	4	36	1	645
71	1	2	4	37	1	661
71	1	2	4	38	1	662
71	1	2	4	39	1	634
71	1	2	4	40	1	584
71	1	2	4	41	1	700
71	1	2	4	42	1	664
71	1	2	4	43	1	814
71	1	2	4	44	1	610
71	1	2	4	45	1	604
71	1	2	4	46	1	785
71	1	2	4	47	1	603
71	1	2	4	48	1	1276
71	1	1	6	1	1	1171
71	1	1	6	2	1	841
71	1	1	6	3	1	720
71	1	1	6	4	1	892
71	1	1	6	5	1	736
71	1	1	6	6	1	687
71	1	1	6	7	1	701
71	1	1	6	8	1	850
71	1	1	6	9	1	693
71	1	1	6	10	1	921
71	1	1	6	11	1	648
71	1	1	6	12	1	950
71	1	1	6	13	1	667
71	1	1	6	14	1	735
71	1	1	6	15	1	1014
71	1	1	6	16	1	949
71	1	1	6	17	1	926
71	1	1	6	18	1	754
71	1	1	6	19	1	715
71	1	1	6	20	1	1184
71	1	1	6	21	1	735
71	1	1	6	22	1	926
71	1	1	6	23	1	747
71	1	1	6	24	1	1401
71	1	1	6	25	1	1028
71	1	1	6	26	1	1851
71	1	1	6	27	1	536
71	1	1	6	28	1	932
71	1	1	6	29	1	734
71	1	1	6	30	1	953
71	1	1	6	31	1	564
71	1	1	6	32	1	855
71	1	1	6	33	1	662
71	1	1	6	34	1	662
71	1	1	6	35	1	608
71	1	1	6	36	1	501
71	1	1	6	37	1	658
71	1	1	6	38	1	652
71	1	1	6	39	1	892
71	1	1	6	40	1	1952
71	1	1	6	41	1	537
71	1	1	6	42	1	1577
71	1	1	6	43	1	1013
71	1	1	6	44	1	1553
71	1	1	6	45	1	769
71	1	1	6	46	1	784
71	1	1	6	47	1	653
71	1	1	6	48	1	672
71	1	2	7	1	1	1103
71	1	2	7	2	1	990
71	1	2	7	3	1	868
71	1	2	7	4	1	768
71	1	2	7	5	1	891
71	1	2	7	6	1	1267
71	1	2	7	7	1	803
71	1	2	7	8	1	758
71	1	2	7	9	1	611
71	1	2	7	10	1	674
71	1	2	7	11	1	1005
71	1	2	7	12	1	977
71	1	2	7	13	1	673
71	1	2	7	14	1	582
71	1	2	7	15	1	790
71	1	2	7	16	1	895
71	1	2	7	17	1	717
71	1	2	7	18	1	735
71	1	2	7	19	1	1028
71	1	2	7	20	1	743
71	1	2	7	21	1	913
71	1	2	7	22	1	730
71	1	2	7	23	1	1126
71	1	2	7	24	1	907
71	1	2	7	25	1	692
71	1	2	7	26	1	1801
71	1	2	7	27	1	803
71	1	2	7	28	1	837
71	1	2	7	29	1	798
71	1	2	7	30	1	1088
71	1	2	7	31	1	842
71	1	2	7	32	1	1704
71	1	2	7	33	1	771
71	1	2	7	34	1	1031
71	1	2	7	35	1	720
71	1	2	7	36	1	1453
71	1	2	7	37	1	647
71	1	2	7	38	1	704
71	1	2	7	39	1	715
71	1	2	7	40	1	692
71	1	2	7	41	1	625
71	1	2	7	42	1	1040
71	1	2	7	43	1	1061
71	1	2	7	44	1	717
71	1	2	7	45	1	570
71	1	2	7	46	1	716
71	1	2	7	47	1	855
71	1	2	7	48	1	676
72	2	1	3	1	1	2723
72	2	1	3	2	1	2439
72	2	1	3	3	1	741
72	2	1	3	4	1	2023
72	2	1	3	5	1	6229
72	2	1	3	6	1	1124
72	2	1	3	7	1	796
72	2	1	3	8	1	1047
72	2	1	3	9	1	1109
72	2	1	3	10	1	4553
72	2	1	3	11	1	531
72	2	1	3	12	1	1359
72	2	1	3	13	1	1173
72	2	1	3	14	1	1799
72	2	1	3	15	1	1983
72	2	1	3	16	1	839
72	2	1	3	17	1	962
72	2	1	3	18	1	1148
72	2	1	3	19	1	810
72	2	1	3	20	1	966
72	2	1	3	21	1	670
72	2	1	3	22	0	961
72	2	1	3	23	1	1121
72	2	1	3	24	1	2680
72	2	1	3	25	1	879
72	2	1	3	26	1	675
72	2	1	3	27	1	487
72	2	1	3	28	1	769
72	2	1	3	29	1	644
72	2	1	3	30	1	1115
72	2	1	3	31	1	664
72	2	1	3	32	1	601
72	2	1	3	33	1	722
72	2	1	3	34	1	476
72	2	1	3	35	1	519
72	2	1	3	36	1	528
72	2	1	3	37	1	759
72	2	1	3	38	1	1212
72	2	1	3	39	1	722
72	2	1	3	40	1	1393
72	2	1	3	41	1	546
72	2	1	3	42	1	930
72	2	1	3	43	1	821
72	2	1	3	44	1	594
72	2	1	3	45	1	631
72	2	1	3	46	1	991
72	2	1	3	47	1	405
72	2	1	3	48	0	2558
72	2	2	4	1	1	987
72	2	2	4	2	1	694
72	2	2	4	3	1	777
72	2	2	4	4	1	777
72	2	2	4	5	1	1942
72	2	2	4	6	1	778
72	2	2	4	7	1	1111
72	2	2	4	8	0	1120
72	2	2	4	9	1	601
72	2	2	4	10	1	791
72	2	2	4	11	1	653
72	2	2	4	12	1	975
72	2	2	4	13	1	1593
72	2	2	4	14	1	893
72	2	2	4	15	1	499
72	2	2	4	16	1	974
72	2	2	4	17	1	719
72	2	2	4	18	1	1249
72	2	2	4	19	1	834
72	2	2	4	20	1	761
72	2	2	4	21	1	326
72	2	2	4	22	1	770
72	2	2	4	23	1	642
72	2	2	4	24	1	798
72	2	2	4	25	1	982
72	2	2	4	26	1	559
72	2	2	4	27	1	851
72	2	2	4	28	1	748
72	2	2	4	29	1	996
72	2	2	4	30	1	742
72	2	2	4	31	1	570
72	2	2	4	32	1	905
72	2	2	4	33	1	609
72	2	2	4	34	0	1193
72	2	2	4	35	1	906
72	2	2	4	36	0	1171
72	2	2	4	37	1	660
72	2	2	4	38	1	2261
72	2	2	4	39	1	861
72	2	2	4	40	1	1124
72	2	2	4	41	1	520
72	2	2	4	42	1	625
72	2	2	4	43	1	667
72	2	2	4	44	1	633
72	2	2	4	45	1	566
72	2	2	4	46	1	2190
72	2	2	4	47	1	2344
72	2	2	4	48	1	2514
72	2	1	6	1	1	1753
72	2	1	6	2	1	499
72	2	1	6	3	1	423
72	2	1	6	4	1	549
72	2	1	6	5	1	555
72	2	1	6	6	1	750
72	2	1	6	7	1	510
72	2	1	6	8	1	557
72	2	1	6	9	1	1225
72	2	1	6	10	1	432
72	2	1	6	11	1	520
72	2	1	6	12	1	503
72	2	1	6	13	1	424
72	2	1	6	14	1	443
72	2	1	6	15	1	867
72	2	1	6	16	1	937
72	2	1	6	17	1	589
72	2	1	6	18	1	543
72	2	1	6	19	1	611
72	2	1	6	20	1	415
72	2	1	6	21	1	460
72	2	1	6	22	1	403
72	2	1	6	23	1	419
72	2	1	6	24	1	519
72	2	1	6	25	1	667
72	2	1	6	26	1	592
72	2	1	6	27	0	838
72	2	1	6	28	1	1031
72	2	1	6	29	1	618
72	2	1	6	30	1	548
72	2	1	6	31	1	618
72	2	1	6	32	1	685
72	2	1	6	33	1	432
72	2	1	6	34	1	575
72	2	1	6	35	1	1026
72	2	1	6	36	1	419
72	2	1	6	37	1	506
72	2	1	6	38	1	583
72	2	1	6	39	1	450
72	2	1	6	40	1	405
72	2	1	6	41	1	447
72	2	1	6	42	1	444
72	2	1	6	43	1	439
72	2	1	6	44	1	502
72	2	1	6	45	1	479
72	2	1	6	46	0	928
72	2	1	6	47	1	584
72	2	1	6	48	1	979
72	2	2	7	1	1	595
72	2	2	7	2	1	437
72	2	2	7	3	1	486
72	2	2	7	4	1	543
72	2	2	7	5	1	515
72	2	2	7	6	1	551
72	2	2	7	7	1	429
72	2	2	7	8	1	476
72	2	2	7	9	1	422
72	2	2	7	10	1	510
72	2	2	7	11	1	587
72	2	2	7	12	1	471
72	2	2	7	13	1	498
72	2	2	7	14	1	669
72	2	2	7	15	1	527
72	2	2	7	16	1	455
72	2	2	7	17	1	521
72	2	2	7	18	1	560
72	2	2	7	19	1	519
72	2	2	7	20	1	446
72	2	2	7	21	1	524
72	2	2	7	22	1	612
72	2	2	7	23	1	907
72	2	2	7	24	1	459
72	2	2	7	25	1	554
72	2	2	7	26	1	404
72	2	2	7	27	1	461
72	2	2	7	28	1	736
72	2	2	7	29	1	1198
72	2	2	7	30	1	472
72	2	2	7	31	1	389
72	2	2	7	32	1	499
72	2	2	7	33	1	490
72	2	2	7	34	1	562
72	2	2	7	35	1	456
72	2	2	7	36	1	564
72	2	2	7	37	1	402
72	2	2	7	38	0	673
72	2	2	7	39	1	683
72	2	2	7	40	1	390
72	2	2	7	41	1	542
72	2	2	7	42	1	608
72	2	2	7	43	1	455
72	2	2	7	44	1	591
72	2	2	7	45	1	446
72	2	2	7	46	1	373
72	2	2	7	47	0	634
72	2	2	7	48	1	863
73	2	1	3	1	1	8615
73	2	1	3	2	1	2657
73	2	1	3	3	1	4678
73	2	1	3	4	1	2686
73	2	1	3	5	1	4041
73	2	1	3	6	1	2147
73	2	1	3	7	1	1730
73	2	1	3	8	1	2328
73	2	1	3	9	1	4401
73	2	1	3	10	1	2272
73	2	1	3	11	1	1377
73	2	1	3	12	1	1881
73	2	1	3	13	1	1117
73	2	1	3	14	1	1292
73	2	1	3	15	1	5162
73	2	1	3	16	1	2419
73	2	1	3	17	1	1844
73	2	1	3	18	1	2272
73	2	1	3	19	1	5540
73	2	1	3	20	1	1879
73	2	1	3	21	1	3385
73	2	1	3	22	1	1455
73	2	1	3	23	1	2903
73	2	1	3	24	1	1294
73	2	1	3	25	1	1281
73	2	1	3	26	1	1719
73	2	1	3	27	1	1737
73	2	1	3	28	1	2325
73	2	1	3	29	1	864
73	2	1	3	30	1	1154
73	2	1	3	31	1	1831
73	2	1	3	32	1	1879
73	2	1	3	33	1	3184
73	2	1	3	34	1	1118
73	2	1	3	35	1	1067
73	2	1	3	36	1	1640
73	2	1	3	37	1	1396
73	2	1	3	38	1	1497
73	2	1	3	39	1	3975
73	2	1	3	40	1	1093
73	2	1	3	41	1	5926
73	2	1	3	42	1	1400
73	2	1	3	43	1	1584
73	2	1	3	44	1	852
73	2	1	3	45	1	1040
73	2	1	3	46	1	4571
73	2	1	3	47	1	1403
73	2	1	3	48	1	1963
73	2	2	4	1	1	3406
73	2	2	4	2	1	969
73	2	2	4	3	1	1441
73	2	2	4	4	1	1558
73	2	2	4	5	1	1988
73	2	2	4	6	1	1283
73	2	2	4	7	1	1412
73	2	2	4	8	1	4123
73	2	2	4	9	1	1892
73	2	2	4	10	1	1667
73	2	2	4	11	1	1103
73	2	2	4	12	1	1322
73	2	2	4	13	1	1886
73	2	2	4	14	1	1469
73	2	2	4	15	1	1068
73	2	2	4	16	1	1050
73	2	2	4	17	1	1695
73	2	2	4	18	1	3357
73	2	2	4	19	1	1840
73	2	2	4	20	1	1424
73	2	2	4	21	1	769
73	2	2	4	22	1	919
73	2	2	4	23	0	3800
73	2	2	4	24	1	5529
73	2	2	4	25	1	760
73	2	2	4	26	1	3115
73	2	2	4	27	1	1920
73	2	2	4	28	1	1601
73	2	2	4	29	1	1306
73	2	2	4	30	1	1450
73	2	2	4	31	1	1736
73	2	2	4	32	1	1373
73	2	2	4	33	1	2254
73	2	2	4	34	1	1242
73	2	2	4	35	1	1615
73	2	2	4	36	1	3246
73	2	2	4	37	1	3010
73	2	2	4	38	1	1414
73	2	2	4	39	1	3832
73	2	2	4	40	1	1357
73	2	2	4	41	1	931
73	2	2	4	42	1	966
73	2	2	4	43	0	3303
73	2	2	4	44	1	2640
73	2	2	4	45	1	755
73	2	2	4	46	1	842
73	2	2	4	47	1	2844
73	2	2	4	48	1	1227
73	2	1	6	1	1	3959
73	2	1	6	2	1	1009
73	2	1	6	3	1	891
73	2	1	6	4	1	783
73	2	1	6	5	1	971
73	2	1	6	6	1	1123
73	2	1	6	7	1	4155
73	2	1	6	8	1	1095
73	2	1	6	9	1	4363
73	2	1	6	10	1	1564
73	2	1	6	11	1	672
73	2	1	6	12	1	715
73	2	1	6	13	1	2857
73	2	1	6	14	1	1893
73	2	1	6	15	1	865
73	2	1	6	16	1	1023
73	2	1	6	17	1	645
73	2	1	6	18	1	734
73	2	1	6	19	1	849
73	2	1	6	20	1	1264
73	2	1	6	21	1	2455
73	2	1	6	22	1	560
73	2	1	6	23	1	852
73	2	1	6	24	1	638
73	2	1	6	25	1	1979
73	2	1	6	26	1	990
73	2	1	6	27	1	1302
73	2	1	6	28	1	731
73	2	1	6	29	1	674
73	2	1	6	30	1	757
73	2	1	6	31	0	5753
73	2	1	6	32	1	3121
73	2	1	6	33	1	2354
73	2	1	6	34	1	679
73	2	1	6	35	1	2797
73	2	1	6	36	1	935
73	2	1	6	37	1	986
73	2	1	6	38	1	610
73	2	1	6	39	1	1351
73	2	1	6	40	1	1935
73	2	1	6	41	1	1615
73	2	1	6	42	1	782
73	2	1	6	43	1	595
73	2	1	6	44	1	586
73	2	1	6	45	1	772
73	2	1	6	46	1	591
73	2	1	6	47	1	810
73	2	1	6	48	1	2420
73	2	2	7	1	1	2794
73	2	2	7	2	1	4294
73	2	2	7	3	1	1361
73	2	2	7	4	1	1815
73	2	2	7	5	1	1492
73	2	2	7	6	1	1078
73	2	2	7	7	1	893
73	2	2	7	8	1	1548
73	2	2	7	9	1	715
73	2	2	7	10	1	1892
73	2	2	7	11	1	3462
73	2	2	7	12	1	1832
73	2	2	7	13	1	901
73	2	2	7	14	1	757
73	2	2	7	15	1	717
73	2	2	7	16	1	917
73	2	2	7	17	1	1131
73	2	2	7	18	1	701
73	2	2	7	19	1	943
73	2	2	7	20	1	893
73	2	2	7	21	1	944
73	2	2	7	22	1	905
73	2	2	7	23	1	715
73	2	2	7	24	1	2589
73	2	2	7	25	1	713
73	2	2	7	26	1	936
73	2	2	7	27	1	1978
73	2	2	7	28	1	3088
73	2	2	7	29	1	1350
73	2	2	7	30	1	664
73	2	2	7	31	1	794
73	2	2	7	32	1	650
73	2	2	7	33	1	890
73	2	2	7	34	1	2147
73	2	2	7	35	1	1438
73	2	2	7	36	1	1791
73	2	2	7	37	1	729
73	2	2	7	38	1	641
73	2	2	7	39	1	702
73	2	2	7	40	1	732
73	2	2	7	41	1	1255
73	2	2	7	42	1	693
73	2	2	7	43	1	610
73	2	2	7	44	1	586
73	2	2	7	45	1	1308
73	2	2	7	46	1	1505
73	2	2	7	47	1	712
73	2	2	7	48	1	3974
74	1	1	3	1	1	479
74	1	1	3	2	1	505
74	1	1	3	3	1	749
74	1	1	3	4	1	581
74	1	1	3	5	1	609
74	1	1	3	6	1	436
74	1	1	3	7	1	586
74	1	1	3	8	1	503
74	1	1	3	9	1	547
74	1	1	3	10	1	486
74	1	1	3	11	1	397
74	1	1	3	12	1	509
74	1	1	3	13	1	476
74	1	1	3	14	1	637
74	1	1	3	15	0	978
74	1	1	3	16	1	551
74	1	1	3	17	1	596
74	1	1	3	18	1	495
74	1	1	3	19	1	504
74	1	1	3	20	1	425
74	1	1	3	21	1	544
74	1	1	3	22	1	437
74	1	1	3	23	1	439
74	1	1	3	24	1	500
74	1	1	3	25	1	596
74	1	1	3	26	0	926
74	1	1	3	27	1	655
74	1	1	3	28	1	480
74	1	1	3	29	1	441
74	1	1	3	30	1	583
74	1	1	3	31	1	489
74	1	1	3	32	1	454
74	1	1	3	33	1	574
74	1	1	3	34	1	808
74	1	1	3	35	1	624
74	1	1	3	36	1	582
74	1	1	3	37	0	825
74	1	1	3	38	1	479
74	1	1	3	39	1	1056
74	1	1	3	40	1	621
74	1	1	3	41	0	1220
74	1	1	3	42	1	457
74	1	1	3	43	1	489
74	1	1	3	44	1	473
74	1	1	3	45	1	500
74	1	1	3	46	1	474
74	1	1	3	47	1	595
74	1	1	3	48	1	601
74	1	2	4	1	1	478
74	1	2	4	2	1	921
74	1	2	4	3	1	935
74	1	2	4	4	1	516
74	1	2	4	5	1	515
74	1	2	4	6	1	581
74	1	2	4	7	1	420
74	1	2	4	8	1	667
74	1	2	4	9	1	464
74	1	2	4	10	0	871
74	1	2	4	11	1	605
74	1	2	4	12	1	509
74	1	2	4	13	1	542
74	1	2	4	14	1	543
74	1	2	4	15	1	545
74	1	2	4	16	1	519
74	1	2	4	17	1	545
74	1	2	4	18	1	626
74	1	2	4	19	1	449
74	1	2	4	20	1	503
74	1	2	4	21	1	624
74	1	2	4	22	1	474
74	1	2	4	23	1	463
74	1	2	4	24	1	1003
74	1	2	4	25	0	842
74	1	2	4	26	1	589
74	1	2	4	27	0	919
74	1	2	4	28	1	561
74	1	2	4	29	1	801
74	1	2	4	30	1	477
74	1	2	4	31	1	585
74	1	2	4	32	1	449
74	1	2	4	33	1	368
74	1	2	4	34	1	476
74	1	2	4	35	1	478
74	1	2	4	36	1	531
74	1	2	4	37	1	407
74	1	2	4	38	1	502
74	1	2	4	39	1	531
74	1	2	4	40	1	500
74	1	2	4	41	1	757
74	1	2	4	42	1	500
74	1	2	4	43	1	623
74	1	2	4	44	1	502
74	1	2	4	45	1	571
74	1	2	4	46	1	520
74	1	2	4	47	1	464
74	1	2	4	48	1	486
74	1	1	6	1	1	933
74	1	1	6	2	1	772
74	1	1	6	3	1	561
74	1	1	6	4	1	678
74	1	1	6	5	1	493
74	1	1	6	6	1	611
74	1	1	6	7	1	812
74	1	1	6	8	0	1608
74	1	1	6	9	1	587
74	1	1	6	10	1	990
74	1	1	6	11	1	595
74	1	1	6	12	1	704
74	1	1	6	13	1	469
74	1	1	6	14	1	946
74	1	1	6	15	0	1327
74	1	1	6	16	0	779
74	1	1	6	17	1	768
74	1	1	6	18	1	504
74	1	1	6	19	0	923
74	1	1	6	20	0	1245
74	1	1	6	21	0	1318
74	1	1	6	22	1	1099
74	1	1	6	23	1	635
74	1	1	6	24	1	678
74	1	1	6	25	1	586
74	1	1	6	26	0	951
74	1	1	6	27	1	509
74	1	1	6	28	1	675
74	1	1	6	29	1	692
74	1	1	6	30	1	903
74	1	1	6	31	1	787
74	1	1	6	32	1	546
74	1	1	6	33	1	748
74	1	1	6	34	1	648
74	1	1	6	35	1	502
74	1	1	6	36	1	544
74	1	1	6	37	1	503
74	1	1	6	38	1	573
74	1	1	6	39	0	811
74	1	1	6	40	1	592
74	1	1	6	41	1	771
74	1	1	6	42	1	453
74	1	1	6	43	1	625
74	1	1	6	44	1	543
74	1	1	6	45	1	719
74	1	1	6	46	1	571
74	1	1	6	47	1	963
74	1	1	6	48	0	803
74	1	2	7	1	1	530
74	1	2	7	2	1	442
74	1	2	7	3	1	689
74	1	2	7	4	1	540
74	1	2	7	5	0	986
74	1	2	7	6	1	671
74	1	2	7	7	1	587
74	1	2	7	8	1	414
74	1	2	7	9	1	459
74	1	2	7	10	1	664
74	1	2	7	11	1	552
74	1	2	7	12	1	558
74	1	2	7	13	1	676
74	1	2	7	14	1	584
74	1	2	7	15	1	545
74	1	2	7	16	1	732
74	1	2	7	17	1	596
74	1	2	7	18	1	453
74	1	2	7	19	0	1058
74	1	2	7	20	1	507
74	1	2	7	21	1	622
74	1	2	7	22	1	574
74	1	2	7	23	1	608
74	1	2	7	24	1	583
74	1	2	7	25	1	650
74	1	2	7	26	1	556
74	1	2	7	27	1	1023
74	1	2	7	28	1	566
74	1	2	7	29	1	689
74	1	2	7	30	1	942
74	1	2	7	31	1	518
74	1	2	7	32	1	502
74	1	2	7	33	1	611
74	1	2	7	34	1	519
74	1	2	7	35	1	426
74	1	2	7	36	1	449
74	1	2	7	37	1	609
74	1	2	7	38	1	436
74	1	2	7	39	1	557
74	1	2	7	40	1	581
74	1	2	7	41	1	529
74	1	2	7	42	1	599
74	1	2	7	43	1	595
74	1	2	7	44	1	681
74	1	2	7	45	1	567
74	1	2	7	46	1	544
74	1	2	7	47	1	489
74	1	2	7	48	1	688
75	1	1	3	1	1	1225
75	1	1	3	2	1	700
75	1	1	3	3	1	983
75	1	1	3	4	1	675
75	1	1	3	5	1	784
75	1	1	3	6	1	555
75	1	1	3	7	1	827
75	1	1	3	8	1	930
75	1	1	3	9	1	695
75	1	1	3	10	1	678
75	1	1	3	11	1	1280
75	1	1	3	12	1	654
75	1	1	3	13	1	666
75	1	1	3	14	1	1517
75	1	1	3	15	1	756
75	1	1	3	16	1	633
75	1	1	3	17	1	593
75	1	1	3	18	1	744
75	1	1	3	19	1	1359
75	1	1	3	20	1	702
75	1	1	3	21	1	504
75	1	1	3	22	1	505
75	1	1	3	23	1	466
75	1	1	3	24	1	567
75	1	1	3	25	1	448
75	1	1	3	26	1	541
75	1	1	3	27	1	660
75	1	1	3	28	1	716
75	1	1	3	29	1	461
75	1	1	3	30	1	572
75	1	1	3	31	1	734
75	1	1	3	32	1	569
75	1	1	3	33	1	556
75	1	1	3	34	1	685
75	1	1	3	35	1	692
75	1	1	3	36	1	702
75	1	1	3	37	1	731
75	1	1	3	38	1	671
75	1	1	3	39	1	599
75	1	1	3	40	1	634
75	1	1	3	41	1	783
75	1	1	3	42	1	554
75	1	1	3	43	1	681
75	1	1	3	44	1	1007
75	1	1	3	45	1	607
75	1	1	3	46	1	712
75	1	1	3	47	1	639
75	1	1	3	48	1	847
75	1	2	4	1	1	827
75	1	2	4	2	1	744
75	1	2	4	3	1	504
75	1	2	4	4	1	838
75	1	2	4	5	1	533
75	1	2	4	6	1	648
75	1	2	4	7	1	459
75	1	2	4	8	1	501
75	1	2	4	9	1	571
75	1	2	4	10	1	1066
75	1	2	4	11	1	501
75	1	2	4	12	1	543
75	1	2	4	13	1	462
75	1	2	4	14	1	531
75	1	2	4	15	1	581
75	1	2	4	16	1	619
75	1	2	4	17	1	584
75	1	2	4	18	1	488
75	1	2	4	19	1	571
75	1	2	4	20	1	507
75	1	2	4	21	1	766
75	1	2	4	22	1	621
75	1	2	4	23	1	775
75	1	2	4	24	1	1170
75	1	2	4	25	1	717
75	1	2	4	26	1	650
75	1	2	4	27	1	462
75	1	2	4	28	1	703
75	1	2	4	29	1	572
75	1	2	4	30	1	695
75	1	2	4	31	0	1698
75	1	2	4	32	1	1654
75	1	2	4	33	1	532
75	1	2	4	34	1	553
75	1	2	4	35	1	573
75	1	2	4	36	1	591
75	1	2	4	37	1	595
75	1	2	4	38	1	1174
75	1	2	4	39	1	915
75	1	2	4	40	1	500
75	1	2	4	41	1	702
75	1	2	4	42	1	756
75	1	2	4	43	1	458
75	1	2	4	44	1	610
75	1	2	4	45	1	904
75	1	2	4	46	1	946
75	1	2	4	47	1	545
75	1	2	4	48	1	611
75	1	1	6	1	1	2847
75	1	1	6	2	1	1418
75	1	1	6	3	1	1707
75	1	1	6	4	0	2214
75	1	1	6	5	1	1495
75	1	1	6	6	1	1254
75	1	1	6	7	1	959
75	1	1	6	8	0	1883
75	1	1	6	9	1	2340
75	1	1	6	10	1	1665
75	1	1	6	11	1	1262
75	1	1	6	12	1	1521
75	1	1	6	13	1	841
75	1	1	6	14	1	1304
75	1	1	6	15	1	1830
75	1	1	6	16	0	1484
75	1	1	6	17	1	2088
75	1	1	6	18	1	1403
75	1	1	6	19	1	2162
75	1	1	6	20	1	839
75	1	1	6	21	1	1182
75	1	1	6	22	1	942
75	1	1	6	23	1	982
75	1	1	6	24	1	1504
75	1	1	6	25	1	1148
75	1	1	6	26	1	1062
75	1	1	6	27	1	840
75	1	1	6	28	1	1274
75	1	1	6	29	1	1104
75	1	1	6	30	1	1828
75	1	1	6	31	1	1053
75	1	1	6	32	1	1133
75	1	1	6	33	1	1385
75	1	1	6	34	1	998
75	1	1	6	35	1	875
75	1	1	6	36	1	849
75	1	1	6	37	1	1262
75	1	1	6	38	1	1107
75	1	1	6	39	1	1249
75	1	1	6	40	0	1575
75	1	1	6	41	1	1296
75	1	1	6	42	1	2085
75	1	1	6	43	1	916
75	1	1	6	44	1	1720
75	1	1	6	45	1	1857
75	1	1	6	46	1	1517
75	1	1	6	47	1	1304
75	1	1	6	48	1	879
75	1	2	7	1	1	1181
75	1	2	7	2	1	2307
75	1	2	7	3	1	1301
75	1	2	7	4	1	1052
75	1	2	7	5	1	1506
75	1	2	7	6	1	834
75	1	2	7	7	1	1037
75	1	2	7	8	1	1001
75	1	2	7	9	1	650
75	1	2	7	10	1	1050
75	1	2	7	11	1	767
75	1	2	7	12	1	1011
75	1	2	7	13	1	1655
75	1	2	7	14	1	1309
75	1	2	7	15	1	637
75	1	2	7	16	1	878
75	1	2	7	17	1	1161
75	1	2	7	18	1	785
75	1	2	7	19	1	1266
75	1	2	7	20	1	2053
75	1	2	7	21	1	799
75	1	2	7	22	1	567
75	1	2	7	23	1	1022
75	1	2	7	24	1	936
75	1	2	7	25	1	839
75	1	2	7	26	1	1109
75	1	2	7	27	1	542
75	1	2	7	28	1	701
75	1	2	7	29	1	462
75	1	2	7	30	1	1455
75	1	2	7	31	1	722
75	1	2	7	32	1	1201
75	1	2	7	33	1	984
75	1	2	7	34	1	703
75	1	2	7	35	1	720
75	1	2	7	36	1	692
75	1	2	7	37	1	1331
75	1	2	7	38	1	1182
75	1	2	7	39	1	833
75	1	2	7	40	1	1679
75	1	2	7	41	1	1617
75	1	2	7	42	1	848
75	1	2	7	43	1	1075
75	1	2	7	44	1	1011
75	1	2	7	45	1	598
75	1	2	7	46	1	1289
75	1	2	7	47	1	706
75	1	2	7	48	1	512
76	2	1	3	1	1	1331
76	2	1	3	2	1	1458
76	2	1	3	3	1	993
76	2	1	3	4	1	1464
76	2	1	3	5	1	1525
76	2	1	3	6	1	1513
76	2	1	3	7	1	1043
76	2	1	3	8	1	1274
76	2	1	3	9	1	760
76	2	1	3	10	0	4928
76	2	1	3	11	1	865
76	2	1	3	12	1	2644
76	2	1	3	13	1	825
76	2	1	3	14	1	912
76	2	1	3	15	1	934
76	2	1	3	16	1	760
76	2	1	3	17	1	606
76	2	1	3	18	1	1470
76	2	1	3	19	1	1165
76	2	1	3	20	1	1142
76	2	1	3	21	1	912
76	2	1	3	22	0	2456
76	2	1	3	23	1	1072
76	2	1	3	24	1	1578
76	2	1	3	25	1	1043
76	2	1	3	26	1	1043
76	2	1	3	27	1	686
76	2	1	3	28	1	727
76	2	1	3	29	1	620
76	2	1	3	30	1	1575
76	2	1	3	31	1	788
76	2	1	3	32	1	1414
76	2	1	3	33	1	2262
76	2	1	3	34	1	1358
76	2	1	3	35	1	516
76	2	1	3	36	1	693
76	2	1	3	37	1	739
76	2	1	3	38	1	977
76	2	1	3	39	1	1015
76	2	1	3	40	1	1253
76	2	1	3	41	1	1030
76	2	1	3	42	0	2005
76	2	1	3	43	1	947
76	2	1	3	44	1	1457
76	2	1	3	45	1	719
76	2	1	3	46	1	1001
76	2	1	3	47	1	577
76	2	1	3	48	1	699
76	2	2	4	1	1	1171
76	2	2	4	2	1	1524
76	2	2	4	3	1	800
76	2	2	4	4	1	1486
76	2	2	4	5	1	728
76	2	2	4	6	0	2703
76	2	2	4	7	1	1385
76	2	2	4	8	1	1220
76	2	2	4	9	1	798
76	2	2	4	10	1	1060
76	2	2	4	11	1	685
76	2	2	4	12	1	1246
76	2	2	4	13	1	826
76	2	2	4	14	1	1260
76	2	2	4	15	1	701
76	2	2	4	16	1	985
76	2	2	4	17	1	756
76	2	2	4	18	1	910
76	2	2	4	19	1	700
76	2	2	4	20	1	624
76	2	2	4	21	1	1021
76	2	2	4	22	1	962
76	2	2	4	23	1	687
76	2	2	4	24	1	1045
76	2	2	4	25	1	634
76	2	2	4	26	1	721
76	2	2	4	27	1	689
76	2	2	4	28	1	675
76	2	2	4	29	1	1746
76	2	2	4	30	1	1509
76	2	2	4	31	1	763
76	2	2	4	32	1	633
76	2	2	4	33	1	967
76	2	2	4	34	1	816
76	2	2	4	35	1	749
76	2	2	4	36	1	746
76	2	2	4	37	1	771
76	2	2	4	38	1	777
76	2	2	4	39	1	699
76	2	2	4	40	1	965
76	2	2	4	41	1	679
76	2	2	4	42	1	688
76	2	2	4	43	1	867
76	2	2	4	44	1	695
76	2	2	4	45	1	483
76	2	2	4	46	1	720
76	2	2	4	47	1	673
76	2	2	4	48	1	1005
76	2	1	6	1	1	1145
76	2	1	6	2	1	1165
76	2	1	6	3	1	1005
76	2	1	6	4	1	553
76	2	1	6	5	1	703
76	2	1	6	6	1	975
76	2	1	6	7	1	611
76	2	1	6	8	1	864
76	2	1	6	9	1	705
76	2	1	6	10	1	1004
76	2	1	6	11	1	838
76	2	1	6	12	1	623
76	2	1	6	13	1	650
76	2	1	6	14	1	1117
76	2	1	6	15	1	625
76	2	1	6	16	1	542
76	2	1	6	17	1	665
76	2	1	6	18	1	529
76	2	1	6	19	1	605
76	2	1	6	20	1	499
76	2	1	6	21	1	610
76	2	1	6	22	1	550
76	2	1	6	23	1	474
76	2	1	6	24	1	514
76	2	1	6	25	1	540
76	2	1	6	26	1	584
76	2	1	6	27	1	583
76	2	1	6	28	1	597
76	2	1	6	29	1	513
76	2	1	6	30	1	595
76	2	1	6	31	1	715
76	2	1	6	32	1	459
76	2	1	6	33	1	549
76	2	1	6	34	1	691
76	2	1	6	35	1	735
76	2	1	6	36	1	850
76	2	1	6	37	1	721
76	2	1	6	38	1	646
76	2	1	6	39	1	553
76	2	1	6	40	1	496
76	2	1	6	41	1	484
76	2	1	6	42	1	713
76	2	1	6	43	1	541
76	2	1	6	44	1	473
76	2	1	6	45	1	705
76	2	1	6	46	1	552
76	2	1	6	47	1	810
76	2	1	6	48	1	633
76	2	2	7	1	1	774
76	2	2	7	2	1	542
76	2	2	7	3	1	653
76	2	2	7	4	1	618
76	2	2	7	5	1	563
76	2	2	7	6	1	539
76	2	2	7	7	1	609
76	2	2	7	8	1	528
76	2	2	7	9	1	595
76	2	2	7	10	1	577
76	2	2	7	11	1	550
76	2	2	7	12	1	586
76	2	2	7	13	1	577
76	2	2	7	14	1	591
76	2	2	7	15	1	557
76	2	2	7	16	1	528
76	2	2	7	17	1	578
76	2	2	7	18	1	496
76	2	2	7	19	1	579
76	2	2	7	20	1	581
76	2	2	7	21	1	880
76	2	2	7	22	1	622
76	2	2	7	23	1	568
76	2	2	7	24	1	755
76	2	2	7	25	1	688
76	2	2	7	26	1	596
76	2	2	7	27	1	552
76	2	2	7	28	1	672
76	2	2	7	29	1	935
76	2	2	7	30	1	566
76	2	2	7	31	1	624
76	2	2	7	32	1	841
76	2	2	7	33	1	487
76	2	2	7	34	1	648
76	2	2	7	35	1	720
76	2	2	7	36	1	741
76	2	2	7	37	1	611
76	2	2	7	38	1	688
76	2	2	7	39	1	1086
76	2	2	7	40	1	483
76	2	2	7	41	1	569
76	2	2	7	42	1	590
76	2	2	7	43	1	514
76	2	2	7	44	1	542
76	2	2	7	45	1	570
76	2	2	7	46	1	456
76	2	2	7	47	1	717
76	2	2	7	48	1	638
77	1	1	3	1	1	1044
77	1	1	3	2	1	999
77	1	1	3	3	1	732
77	1	1	3	4	1	1046
77	1	1	3	5	1	894
77	1	1	3	6	1	836
77	1	1	3	7	1	631
77	1	1	3	8	1	1030
77	1	1	3	9	1	663
77	1	1	3	10	1	770
77	1	1	3	11	1	576
77	1	1	3	12	1	809
77	1	1	3	13	1	720
77	1	1	3	14	1	673
77	1	1	3	15	1	554
77	1	1	3	16	1	565
77	1	1	3	17	1	634
77	1	1	3	18	1	666
77	1	1	3	19	1	800
77	1	1	3	20	1	663
77	1	1	3	21	1	539
77	1	1	3	22	1	580
77	1	1	3	23	1	607
77	1	1	3	24	1	745
77	1	1	3	25	1	564
77	1	1	3	26	1	609
77	1	1	3	27	1	820
77	1	1	3	28	1	837
77	1	1	3	29	1	673
77	1	1	3	30	1	733
77	1	1	3	31	1	1743
77	1	1	3	32	1	597
77	1	1	3	33	1	580
77	1	1	3	34	1	783
77	1	1	3	35	1	939
77	1	1	3	36	1	621
77	1	1	3	37	1	729
77	1	1	3	38	1	631
77	1	1	3	39	1	526
77	1	1	3	40	1	562
77	1	1	3	41	1	550
77	1	1	3	42	1	597
77	1	1	3	43	1	1073
77	1	1	3	44	1	744
77	1	1	3	45	1	700
77	1	1	3	46	1	677
77	1	1	3	47	1	590
77	1	1	3	48	1	773
77	1	2	4	1	1	939
77	1	2	4	2	1	745
77	1	2	4	3	1	564
77	1	2	4	4	1	551
77	1	2	4	5	1	466
77	1	2	4	6	1	541
77	1	2	4	7	1	446
77	1	2	4	8	1	496
77	1	2	4	9	1	717
77	1	2	4	10	1	1019
77	1	2	4	11	1	522
77	1	2	4	12	1	568
77	1	2	4	13	1	615
77	1	2	4	14	1	827
77	1	2	4	15	1	605
77	1	2	4	16	1	661
77	1	2	4	17	1	604
77	1	2	4	18	1	538
77	1	2	4	19	1	1015
77	1	2	4	20	1	663
77	1	2	4	21	1	620
77	1	2	4	22	1	673
77	1	2	4	23	1	678
77	1	2	4	24	1	987
77	1	2	4	25	1	590
77	1	2	4	26	1	665
77	1	2	4	27	1	608
77	1	2	4	28	1	622
77	1	2	4	29	1	757
77	1	2	4	30	1	678
77	1	2	4	31	1	919
77	1	2	4	32	1	602
77	1	2	4	33	1	550
77	1	2	4	34	1	610
77	1	2	4	35	1	646
77	1	2	4	36	1	727
77	1	2	4	37	1	659
77	1	2	4	38	0	1543
77	1	2	4	39	1	1163
77	1	2	4	40	1	620
77	1	2	4	41	1	660
77	1	2	4	42	1	1312
77	1	2	4	43	1	564
77	1	2	4	44	1	664
77	1	2	4	45	1	593
77	1	2	4	46	1	672
77	1	2	4	47	1	769
77	1	2	4	48	1	850
77	1	1	6	1	1	862
77	1	1	6	2	1	1508
77	1	1	6	3	1	1210
77	1	1	6	4	1	1066
77	1	1	6	5	1	843
77	1	1	6	6	0	2040
77	1	1	6	7	1	893
77	1	1	6	8	1	1150
77	1	1	6	9	1	1006
77	1	1	6	10	1	1647
77	1	1	6	11	1	934
77	1	1	6	12	1	943
77	1	1	6	13	1	782
77	1	1	6	14	1	1264
77	1	1	6	15	0	1976
77	1	1	6	16	1	842
77	1	1	6	17	1	816
77	1	1	6	18	1	1142
77	1	1	6	19	1	991
77	1	1	6	20	1	1265
77	1	1	6	21	1	1442
77	1	1	6	22	1	1171
77	1	1	6	23	1	741
77	1	1	6	24	0	1773
77	1	1	6	25	1	772
77	1	1	6	26	1	1360
77	1	1	6	27	1	1068
77	1	1	6	28	1	1202
77	1	1	6	29	1	1547
77	1	1	6	30	1	879
77	1	1	6	31	1	824
77	1	1	6	32	1	992
77	1	1	6	33	1	1060
77	1	1	6	34	1	727
77	1	1	6	35	1	715
77	1	1	6	36	1	1099
77	1	1	6	37	1	854
77	1	1	6	38	1	1248
77	1	1	6	39	1	859
77	1	1	6	40	1	1131
77	1	1	6	41	1	744
77	1	1	6	42	1	1082
77	1	1	6	43	1	963
77	1	1	6	44	1	976
77	1	1	6	45	1	562
77	1	1	6	46	1	988
77	1	1	6	47	1	920
77	1	1	6	48	1	1177
77	1	2	7	1	1	848
77	1	2	7	2	1	1047
77	1	2	7	3	1	865
77	1	2	7	4	1	1032
77	1	2	7	5	1	936
77	1	2	7	6	1	946
77	1	2	7	7	1	934
77	1	2	7	8	1	1721
77	1	2	7	9	1	865
77	1	2	7	10	1	1032
77	1	2	7	11	1	703
77	1	2	7	12	1	1260
77	1	2	7	13	1	767
77	1	2	7	14	1	980
77	1	2	7	15	1	662
77	1	2	7	16	1	1028
77	1	2	7	17	1	619
77	1	2	7	18	1	1315
77	1	2	7	19	1	2411
77	1	2	7	20	1	850
77	1	2	7	21	1	514
77	1	2	7	22	1	949
77	1	2	7	23	1	676
77	1	2	7	24	1	804
77	1	2	7	25	1	605
77	1	2	7	26	1	730
77	1	2	7	27	1	689
77	1	2	7	28	1	920
77	1	2	7	29	1	837
77	1	2	7	30	1	715
77	1	2	7	31	1	678
77	1	2	7	32	1	1027
77	1	2	7	33	1	740
77	1	2	7	34	1	1032
77	1	2	7	35	1	1047
77	1	2	7	36	1	935
77	1	2	7	37	1	754
77	1	2	7	38	1	2804
77	1	2	7	39	1	645
77	1	2	7	40	1	1165
77	1	2	7	41	1	665
77	1	2	7	42	1	1166
77	1	2	7	43	1	705
77	1	2	7	44	1	1032
77	1	2	7	45	1	595
77	1	2	7	46	1	837
77	1	2	7	47	1	659
77	1	2	7	48	0	1283
78	1	1	3	1	1	942
78	1	1	3	2	1	580
78	1	1	3	3	1	840
78	1	1	3	4	1	954
78	1	1	3	5	1	1175
78	1	1	3	6	1	728
78	1	1	3	7	1	838
78	1	1	3	8	1	638
78	1	1	3	9	1	802
78	1	1	3	10	1	1011
78	1	1	3	11	1	930
78	1	1	3	12	1	721
78	1	1	3	13	1	827
78	1	1	3	14	1	997
78	1	1	3	15	1	833
78	1	1	3	16	1	714
78	1	1	3	17	1	698
78	1	1	3	18	1	634
78	1	1	3	19	1	554
78	1	1	3	20	1	705
78	1	1	3	21	1	654
78	1	1	3	22	1	545
78	1	1	3	23	1	544
78	1	1	3	24	1	690
78	1	1	3	25	1	727
78	1	1	3	26	1	651
78	1	1	3	27	1	420
78	1	1	3	28	1	772
78	1	1	3	29	1	565
78	1	1	3	30	0	1694
78	1	1	3	31	0	1448
78	1	1	3	32	1	597
78	1	1	3	33	1	827
78	1	1	3	34	1	863
78	1	1	3	35	1	1296
78	1	1	3	36	1	1000
78	1	1	3	37	1	862
78	1	1	3	38	1	865
78	1	1	3	39	1	673
78	1	1	3	40	1	806
78	1	1	3	41	1	726
78	1	1	3	42	1	890
78	1	1	3	43	1	728
78	1	1	3	44	1	678
78	1	1	3	45	1	584
78	1	1	3	46	1	620
78	1	1	3	47	1	706
78	1	1	3	48	1	735
78	1	2	4	1	1	620
78	1	2	4	2	1	571
78	1	2	4	3	1	800
78	1	2	4	4	1	727
78	1	2	4	5	1	1626
78	1	2	4	6	1	649
78	1	2	4	7	1	1664
78	1	2	4	8	1	1114
78	1	2	4	9	1	668
78	1	2	4	10	1	661
78	1	2	4	11	1	772
78	1	2	4	12	1	989
78	1	2	4	13	1	505
78	1	2	4	14	1	773
78	1	2	4	15	1	701
78	1	2	4	16	1	850
78	1	2	4	17	0	1614
78	1	2	4	18	1	677
78	1	2	4	19	1	823
78	1	2	4	20	1	768
78	1	2	4	21	1	674
78	1	2	4	22	1	968
78	1	2	4	23	1	598
78	1	2	4	24	1	525
78	1	2	4	25	1	526
78	1	2	4	26	1	638
78	1	2	4	27	1	653
78	1	2	4	28	1	649
78	1	2	4	29	1	727
78	1	2	4	30	1	585
78	1	2	4	31	1	730
78	1	2	4	32	1	731
78	1	2	4	33	1	486
78	1	2	4	34	1	717
78	1	2	4	35	1	717
78	1	2	4	36	1	687
78	1	2	4	37	1	612
78	1	2	4	38	1	787
78	1	2	4	39	1	1133
78	1	2	4	40	1	581
78	1	2	4	41	1	712
78	1	2	4	42	1	784
78	1	2	4	43	1	582
78	1	2	4	44	1	608
78	1	2	4	45	1	1036
78	1	2	4	46	1	744
78	1	2	4	47	1	716
78	1	2	4	48	1	808
78	1	1	6	1	0	1784
78	1	1	6	2	1	695
78	1	1	6	3	0	1243
78	1	1	6	4	1	734
78	1	1	6	5	0	1335
78	1	1	6	6	1	922
78	1	1	6	7	0	1916
78	1	1	6	8	1	625
78	1	1	6	9	1	809
78	1	1	6	10	1	784
78	1	1	6	11	0	1187
78	1	1	6	12	1	909
78	1	1	6	13	0	987
78	1	1	6	14	1	577
78	1	1	6	15	1	905
78	1	1	6	16	1	905
78	1	1	6	17	1	788
78	1	1	6	18	1	694
78	1	1	6	19	0	1119
78	1	1	6	20	1	964
78	1	1	6	21	0	1582
78	1	1	6	22	0	1649
78	1	1	6	23	0	1577
78	1	1	6	24	1	776
78	1	1	6	25	0	1454
78	1	1	6	26	0	2390
78	1	1	6	27	1	759
78	1	1	6	28	1	888
78	1	1	6	29	0	1179
78	1	1	6	30	0	1929
78	1	1	6	31	1	711
78	1	1	6	32	1	664
78	1	1	6	33	0	1606
78	1	1	6	34	1	879
78	1	1	6	35	0	1619
78	1	1	6	36	1	910
78	1	1	6	37	0	1711
78	1	1	6	38	1	682
78	1	1	6	39	1	754
78	1	1	6	40	1	868
78	1	1	6	41	0	1200
78	1	1	6	42	1	720
78	1	1	6	43	0	2125
78	1	1	6	44	1	1751
78	1	1	6	45	0	1134
78	1	1	6	46	1	627
78	1	1	6	47	1	918
78	1	1	6	48	1	1089
78	1	2	7	1	0	1882
78	1	2	7	2	0	1352
78	1	2	7	3	0	2182
78	1	2	7	4	1	1053
78	1	2	7	5	0	3450
78	1	2	7	6	1	720
78	1	2	7	7	0	1377
78	1	2	7	8	1	710
78	1	2	7	9	0	1375
78	1	2	7	10	1	801
78	1	2	7	11	0	1265
78	1	2	7	12	1	652
78	1	2	7	13	1	757
78	1	2	7	14	1	1008
78	1	2	7	15	0	1000
78	1	2	7	16	1	719
78	1	2	7	17	0	1176
78	1	2	7	18	1	668
78	1	2	7	19	0	1093
78	1	2	7	20	1	708
78	1	2	7	21	0	1079
78	1	2	7	22	1	510
78	1	2	7	23	1	903
78	1	2	7	24	1	652
78	1	2	7	25	0	1750
78	1	2	7	26	1	546
78	1	2	7	27	0	1097
78	1	2	7	28	1	871
78	1	2	7	29	0	1177
78	1	2	7	30	1	642
78	1	2	7	31	1	1399
78	1	2	7	32	1	726
78	1	2	7	33	0	1416
78	1	2	7	34	0	1324
78	1	2	7	35	0	1606
78	1	2	7	36	1	598
78	1	2	7	37	0	1398
78	1	2	7	38	1	437
78	1	2	7	39	0	1523
78	1	2	7	40	1	1133
78	1	2	7	41	0	1441
78	1	2	7	42	1	1895
78	1	2	7	43	0	2822
78	1	2	7	44	1	2739
78	1	2	7	45	1	1836
78	1	2	7	46	1	812
78	1	2	7	47	1	1051
78	1	2	7	48	0	2900
79	2	1	3	1	1	1084
79	2	1	3	2	1	1340
79	2	1	3	3	1	744
79	2	1	3	4	1	2580
79	2	1	3	5	1	921
79	2	1	3	6	1	633
79	2	1	3	7	1	1153
79	2	1	3	8	0	1494
79	2	1	3	9	1	1425
79	2	1	3	10	1	802
79	2	1	3	11	1	657
79	2	1	3	12	0	2605
79	2	1	3	13	1	934
79	2	1	3	14	1	1101
79	2	1	3	15	1	1653
79	2	1	3	16	1	943
79	2	1	3	17	1	877
79	2	1	3	18	0	1520
79	2	1	3	19	1	1326
79	2	1	3	20	0	2592
79	2	1	3	21	1	1114
79	2	1	3	22	0	1375
79	2	1	3	23	1	1699
79	2	1	3	24	1	1741
79	2	1	3	25	1	1400
79	2	1	3	26	1	1225
79	2	1	3	27	1	745
79	2	1	3	28	1	2200
79	2	1	3	29	1	979
79	2	1	3	30	1	780
79	2	1	3	31	1	1057
79	2	1	3	32	1	1222
79	2	1	3	33	1	1466
79	2	1	3	34	1	1045
79	2	1	3	35	1	1001
79	2	1	3	36	0	1424
79	2	1	3	37	1	1643
79	2	1	3	38	1	2554
79	2	1	3	39	1	1778
79	2	1	3	40	1	933
79	2	1	3	41	1	718
79	2	1	3	42	1	1093
79	2	1	3	43	1	1338
79	2	1	3	44	1	1262
79	2	1	3	45	1	1055
79	2	1	3	46	0	1305
79	2	1	3	47	0	2901
79	2	1	3	48	1	2000
79	2	2	4	1	1	754
79	2	2	4	2	1	1043
79	2	2	4	3	1	737
79	2	2	4	4	1	919
79	2	2	4	5	1	1272
79	2	2	4	6	0	1250
79	2	2	4	7	1	1715
79	2	2	4	8	1	1046
79	2	2	4	9	1	796
79	2	2	4	10	1	619
79	2	2	4	11	1	806
79	2	2	4	12	1	1044
79	2	2	4	13	1	1490
79	2	2	4	14	1	1181
79	2	2	4	15	1	759
79	2	2	4	16	1	635
79	2	2	4	17	1	1410
79	2	2	4	18	1	1571
79	2	2	4	19	1	1151
79	2	2	4	20	0	1438
79	2	2	4	21	1	2038
79	2	2	4	22	1	1547
79	2	2	4	23	1	1601
79	2	2	4	24	1	1422
79	2	2	4	25	1	893
79	2	2	4	26	1	1175
79	2	2	4	27	1	923
79	2	2	4	28	1	1138
79	2	2	4	29	1	1220
79	2	2	4	30	1	1219
79	2	2	4	31	1	768
79	2	2	4	32	1	1092
79	2	2	4	33	1	923
79	2	2	4	34	1	1522
79	2	2	4	35	1	853
79	2	2	4	36	1	1191
79	2	2	4	37	1	895
79	2	2	4	38	1	1096
79	2	2	4	39	1	1709
79	2	2	4	40	1	938
79	2	2	4	41	1	880
79	2	2	4	42	1	1287
79	2	2	4	43	1	1437
79	2	2	4	44	1	1384
79	2	2	4	45	1	828
79	2	2	4	46	1	1095
79	2	2	4	47	1	876
79	2	2	4	48	1	943
79	2	1	6	1	1	1696
79	2	1	6	2	1	822
79	2	1	6	3	1	729
79	2	1	6	4	1	987
79	2	1	6	5	1	798
79	2	1	6	6	0	1101
79	2	1	6	7	1	1175
79	2	1	6	8	1	1468
79	2	1	6	9	1	808
79	2	1	6	10	1	1469
79	2	1	6	11	1	670
79	2	1	6	12	1	962
79	2	1	6	13	1	891
79	2	1	6	14	1	745
79	2	1	6	15	1	632
79	2	1	6	16	1	608
79	2	1	6	17	1	621
79	2	1	6	18	1	512
79	2	1	6	19	1	849
79	2	1	6	20	1	1249
79	2	1	6	21	0	1089
79	2	1	6	22	1	948
79	2	1	6	23	1	485
79	2	1	6	24	1	1572
79	2	1	6	25	1	538
79	2	1	6	26	1	539
79	2	1	6	27	1	564
79	2	1	6	28	1	689
79	2	1	6	29	1	1070
79	2	1	6	30	1	593
79	2	1	6	31	1	1080
79	2	1	6	32	1	688
79	2	1	6	33	1	1001
79	2	1	6	34	1	546
79	2	1	6	35	1	921
79	2	1	6	36	1	878
79	2	1	6	37	1	905
79	2	1	6	38	1	741
79	2	1	6	39	1	581
79	2	1	6	40	1	676
79	2	1	6	41	1	596
79	2	1	6	42	1	524
79	2	1	6	43	1	609
79	2	1	6	44	0	1452
79	2	1	6	45	1	767
79	2	1	6	46	1	1140
79	2	1	6	47	1	976
79	2	1	6	48	1	699
79	2	2	7	1	1	606
79	2	2	7	2	1	620
79	2	2	7	3	1	891
79	2	2	7	4	1	526
79	2	2	7	5	1	433
79	2	2	7	6	1	459
79	2	2	7	7	1	528
79	2	2	7	8	1	494
79	2	2	7	9	1	633
79	2	2	7	10	1	608
79	2	2	7	11	1	759
79	2	2	7	12	1	871
79	2	2	7	13	1	890
79	2	2	7	14	1	608
79	2	2	7	15	1	829
79	2	2	7	16	1	742
79	2	2	7	17	1	869
79	2	2	7	18	1	576
79	2	2	7	19	1	915
79	2	2	7	20	1	909
79	2	2	7	21	1	745
79	2	2	7	22	1	495
79	2	2	7	23	1	702
79	2	2	7	24	1	767
79	2	2	7	25	1	540
79	2	2	7	26	1	637
79	2	2	7	27	0	1071
79	2	2	7	28	1	1095
79	2	2	7	29	1	891
79	2	2	7	30	1	843
79	2	2	7	31	0	1260
79	2	2	7	32	1	1543
79	2	2	7	33	1	602
79	2	2	7	34	1	672
79	2	2	7	35	1	826
79	2	2	7	36	1	683
79	2	2	7	37	1	581
79	2	2	7	38	1	978
79	2	2	7	39	1	849
79	2	2	7	40	1	541
79	2	2	7	41	1	1427
79	2	2	7	42	1	643
79	2	2	7	43	1	711
79	2	2	7	44	1	1152
79	2	2	7	45	1	1694
79	2	2	7	46	1	713
79	2	2	7	47	1	618
79	2	2	7	48	1	684
80	1	1	3	1	1	859
80	1	1	3	2	1	612
80	1	1	3	3	1	690
80	1	1	3	4	1	775
80	1	1	3	5	0	1233
80	1	1	3	6	1	571
80	1	1	3	7	1	663
80	1	1	3	8	1	854
80	1	1	3	9	1	596
80	1	1	3	10	1	1416
80	1	1	3	11	1	788
80	1	1	3	12	1	665
80	1	1	3	13	1	542
80	1	1	3	14	1	777
80	1	1	3	15	1	634
80	1	1	3	16	1	490
80	1	1	3	17	1	623
80	1	1	3	18	1	598
80	1	1	3	19	1	691
80	1	1	3	20	1	1680
80	1	1	3	21	1	650
80	1	1	3	22	1	557
80	1	1	3	23	1	420
80	1	1	3	24	1	608
80	1	1	3	25	1	557
80	1	1	3	26	1	750
80	1	1	3	27	1	652
80	1	1	3	28	1	1974
80	1	1	3	29	1	502
80	1	1	3	30	1	511
80	1	1	3	31	1	567
80	1	1	3	32	1	476
80	1	1	3	33	1	669
80	1	1	3	34	1	660
80	1	1	3	35	1	566
80	1	1	3	36	1	790
80	1	1	3	37	1	775
80	1	1	3	38	1	597
80	1	1	3	39	1	555
80	1	1	3	40	1	513
80	1	1	3	41	1	486
80	1	1	3	42	1	552
80	1	1	3	43	1	607
80	1	1	3	44	1	557
80	1	1	3	45	1	693
80	1	1	3	46	1	796
80	1	1	3	47	1	444
80	1	1	3	48	1	663
80	1	2	4	1	1	708
80	1	2	4	2	1	571
80	1	2	4	3	1	622
80	1	2	4	4	1	635
80	1	2	4	5	1	469
80	1	2	4	6	1	634
80	1	2	4	7	1	641
80	1	2	4	8	1	516
80	1	2	4	9	1	504
80	1	2	4	10	1	812
80	1	2	4	11	1	553
80	1	2	4	12	1	554
80	1	2	4	13	1	565
80	1	2	4	14	1	625
80	1	2	4	15	1	737
80	1	2	4	16	1	635
80	1	2	4	17	1	661
80	1	2	4	18	1	607
80	1	2	4	19	0	1365
80	1	2	4	20	1	640
80	1	2	4	21	1	595
80	1	2	4	22	1	1169
80	1	2	4	23	1	964
80	1	2	4	24	0	1159
80	1	2	4	25	0	1223
80	1	2	4	26	1	2036
80	1	2	4	27	1	825
80	1	2	4	28	1	611
80	1	2	4	29	1	498
80	1	2	4	30	1	598
80	1	2	4	31	1	884
80	1	2	4	32	1	713
80	1	2	4	33	1	636
80	1	2	4	34	1	593
80	1	2	4	35	1	539
80	1	2	4	36	1	663
80	1	2	4	37	1	541
80	1	2	4	38	0	1232
80	1	2	4	39	1	1240
80	1	2	4	40	1	529
80	1	2	4	41	1	554
80	1	2	4	42	1	648
80	1	2	4	43	1	542
80	1	2	4	44	1	669
80	1	2	4	45	1	510
80	1	2	4	46	1	784
80	1	2	4	47	1	2089
80	1	2	4	48	1	802
80	1	1	6	1	1	1544
80	1	1	6	2	1	635
80	1	1	6	3	1	948
80	1	1	6	4	0	1132
80	1	1	6	5	1	2338
80	1	1	6	6	1	1074
80	1	1	6	7	1	1719
80	1	1	6	8	1	976
80	1	1	6	9	0	1506
80	1	1	6	10	0	3954
80	1	1	6	11	1	950
80	1	1	6	12	1	3034
80	1	1	6	13	1	792
80	1	1	6	14	1	1174
80	1	1	6	15	1	912
80	1	1	6	16	1	703
80	1	1	6	17	1	1690
80	1	1	6	18	1	1323
80	1	1	6	19	1	1060
80	1	1	6	20	1	2194
80	1	1	6	21	1	976
80	1	1	6	22	0	1986
80	1	1	6	23	1	2522
80	1	1	6	24	1	1937
80	1	1	6	25	1	909
80	1	1	6	26	1	1272
80	1	1	6	27	1	664
80	1	1	6	28	1	1471
80	1	1	6	29	1	1321
80	1	1	6	30	1	3181
80	1	1	6	31	1	1486
80	1	1	6	32	1	1291
80	1	1	6	33	1	1624
80	1	1	6	34	1	1351
80	1	1	6	35	1	716
80	1	1	6	36	1	1036
80	1	1	6	37	1	756
80	1	1	6	38	1	1049
80	1	1	6	39	1	940
80	1	1	6	40	1	927
80	1	1	6	41	1	907
80	1	1	6	42	1	1035
80	1	1	6	43	1	920
80	1	1	6	44	1	978
80	1	1	6	45	1	731
80	1	1	6	46	1	1363
80	1	1	6	47	1	745
80	1	1	6	48	1	3002
80	1	2	7	1	1	882
80	1	2	7	2	1	1916
80	1	2	7	3	1	912
80	1	2	7	4	1	1607
80	1	2	7	5	1	1008
80	1	2	7	6	1	1338
80	1	2	7	7	1	868
80	1	2	7	8	0	1007
80	1	2	7	9	1	639
80	1	2	7	10	1	1705
80	1	2	7	11	1	1046
80	1	2	7	12	1	1347
80	1	2	7	13	1	1390
80	1	2	7	14	1	1514
80	1	2	7	15	1	749
80	1	2	7	16	1	2786
80	1	2	7	17	1	1210
80	1	2	7	18	1	1167
80	1	2	7	19	1	1106
80	1	2	7	20	1	966
80	1	2	7	21	1	722
80	1	2	7	22	1	869
80	1	2	7	23	1	797
80	1	2	7	24	1	1487
80	1	2	7	25	1	745
80	1	2	7	26	1	785
80	1	2	7	27	1	990
80	1	2	7	28	1	759
80	1	2	7	29	1	1057
80	1	2	7	30	1	2925
80	1	2	7	31	1	778
80	1	2	7	32	1	1851
80	1	2	7	33	1	1084
80	1	2	7	34	1	947
80	1	2	7	35	1	707
80	1	2	7	36	1	789
80	1	2	7	37	1	1185
80	1	2	7	38	1	770
80	1	2	7	39	1	921
80	1	2	7	40	1	882
80	1	2	7	41	1	1270
80	1	2	7	42	1	3015
80	1	2	7	43	1	1035
80	1	2	7	44	1	1374
80	1	2	7	45	1	584
80	1	2	7	46	1	879
80	1	2	7	47	1	675
80	1	2	7	48	1	763
81	2	1	3	1	1	735
81	2	1	3	2	0	2518
81	2	1	3	3	1	432
81	2	1	3	4	0	2704
81	2	1	3	5	1	463
81	2	1	3	6	0	1051
81	2	1	3	7	1	578
81	2	1	3	8	0	2250
81	2	1	3	9	1	578
81	2	1	3	10	1	806
81	2	1	3	11	1	397
81	2	1	3	12	1	845
81	2	1	3	13	1	565
81	2	1	3	14	1	975
81	2	1	3	15	1	452
81	2	1	3	16	1	534
81	2	1	3	17	1	575
81	2	1	3	18	1	547
81	2	1	3	19	1	523
81	2	1	3	20	0	1206
81	2	1	3	21	1	630
81	2	1	3	22	1	1830
81	2	1	3	23	1	461
81	2	1	3	24	0	861
81	2	1	3	25	1	380
81	2	1	3	26	1	700
81	2	1	3	27	1	332
81	2	1	3	28	1	516
81	2	1	3	29	1	453
81	2	1	3	30	1	629
81	2	1	3	31	1	523
81	2	1	3	32	1	625
81	2	1	3	33	1	425
81	2	1	3	34	1	425
81	2	1	3	35	1	548
81	2	1	3	36	1	437
81	2	1	3	37	1	696
81	2	1	3	38	1	537
81	2	1	3	39	1	578
81	2	1	3	40	0	4270
81	2	1	3	41	1	568
81	2	1	3	42	1	1651
81	2	1	3	43	1	2711
81	2	1	3	44	1	940
81	2	1	3	45	1	491
81	2	1	3	46	0	2405
81	2	1	3	47	1	570
81	2	1	3	48	1	1503
81	2	2	4	1	0	2585
81	2	2	4	2	0	2413
81	2	2	4	3	1	716
81	2	2	4	4	0	3279
81	2	2	4	5	1	865
81	2	2	4	6	0	2054
81	2	2	4	7	1	515
81	2	2	4	8	1	1716
81	2	2	4	9	1	574
81	2	2	4	10	0	1342
81	2	2	4	11	1	685
81	2	2	4	12	1	1933
81	2	2	4	13	1	815
81	2	2	4	14	1	1782
81	2	2	4	15	1	816
81	2	2	4	16	1	1310
81	2	2	4	17	1	617
81	2	2	4	18	0	1289
81	2	2	4	19	1	495
81	2	2	4	20	0	1064
81	2	2	4	21	1	508
81	2	2	4	22	0	1154
81	2	2	4	23	1	1254
81	2	2	4	24	1	471
81	2	2	4	25	1	376
81	2	2	4	26	1	588
81	2	2	4	27	1	349
81	2	2	4	28	1	557
81	2	2	4	29	1	451
81	2	2	4	30	0	1491
81	2	2	4	31	1	418
81	2	2	4	32	1	640
81	2	2	4	33	1	532
81	2	2	4	34	1	935
81	2	2	4	35	0	929
81	2	2	4	36	1	662
81	2	2	4	37	1	456
81	2	2	4	38	1	585
81	2	2	4	39	1	546
81	2	2	4	40	1	699
81	2	2	4	41	0	725
81	2	2	4	42	1	1249
81	2	2	4	43	1	572
81	2	2	4	44	0	1053
81	2	2	4	45	1	488
81	2	2	4	46	1	739
81	2	2	4	47	1	502
81	2	2	4	48	1	467
81	2	1	6	1	1	480
81	2	1	6	2	1	685
81	2	1	6	3	1	426
81	2	1	6	4	0	591
81	2	1	6	5	1	512
81	2	1	6	6	1	429
81	2	1	6	7	1	416
81	2	1	6	8	1	463
81	2	1	6	9	1	526
81	2	1	6	10	1	439
81	2	1	6	11	0	667
81	2	1	6	12	1	674
81	2	1	6	13	1	491
81	2	1	6	14	1	640
81	2	1	6	15	1	410
81	2	1	6	16	1	387
81	2	1	6	17	1	400
81	2	1	6	18	1	440
81	2	1	6	19	1	476
81	2	1	6	20	1	440
81	2	1	6	21	1	477
81	2	1	6	22	1	428
81	2	1	6	23	1	361
81	2	1	6	24	1	401
81	2	1	6	25	1	318
81	2	1	6	26	1	468
81	2	1	6	27	1	331
81	2	1	6	28	1	504
81	2	1	6	29	1	322
81	2	1	6	30	1	566
81	2	1	6	31	0	643
81	2	1	6	32	1	512
81	2	1	6	33	1	375
81	2	1	6	34	1	545
81	2	1	6	35	0	689
81	2	1	6	36	1	409
81	2	1	6	37	1	345
81	2	1	6	38	1	373
81	2	1	6	39	1	370
81	2	1	6	40	1	388
81	2	1	6	41	1	336
81	2	1	6	42	1	522
81	2	1	6	43	1	499
81	2	1	6	44	0	656
81	2	1	6	45	1	373
81	2	1	6	46	1	436
81	2	1	6	47	1	334
81	2	1	6	48	1	508
81	2	2	7	1	1	458
81	2	2	7	2	1	519
81	2	2	7	3	1	334
81	2	2	7	4	1	411
81	2	2	7	5	1	320
81	2	2	7	6	1	456
81	2	2	7	7	1	342
81	2	2	7	8	1	412
81	2	2	7	9	1	511
81	2	2	7	10	0	752
81	2	2	7	11	1	392
81	2	2	7	12	1	508
81	2	2	7	13	1	410
81	2	2	7	14	0	495
81	2	2	7	15	0	736
81	2	2	7	16	0	812
81	2	2	7	17	1	434
81	2	2	7	18	1	480
81	2	2	7	19	1	577
81	2	2	7	20	0	754
81	2	2	7	21	1	594
81	2	2	7	22	1	455
81	2	2	7	23	1	700
81	2	2	7	24	1	479
81	2	2	7	25	1	482
81	2	2	7	26	0	953
81	2	2	7	27	1	487
81	2	2	7	28	1	495
81	2	2	7	29	1	442
81	2	2	7	30	1	602
81	2	2	7	31	1	400
81	2	2	7	32	1	464
81	2	2	7	33	1	396
81	2	2	7	34	1	389
81	2	2	7	35	1	464
81	2	2	7	36	1	462
81	2	2	7	37	1	362
81	2	2	7	38	1	550
81	2	2	7	39	1	480
81	2	2	7	40	1	538
81	2	2	7	41	1	416
81	2	2	7	42	1	490
81	2	2	7	43	1	384
81	2	2	7	44	1	508
81	2	2	7	45	1	465
81	2	2	7	46	1	584
81	2	2	7	47	1	479
81	2	2	7	48	1	442
82	2	1	3	1	1	1528
82	2	1	3	2	1	938
82	2	1	3	3	1	830
82	2	1	3	4	1	622
82	2	1	3	5	1	695
82	2	1	3	6	1	499
82	2	1	3	7	1	761
82	2	1	3	8	1	568
82	2	1	3	9	0	1075
82	2	1	3	10	0	933
82	2	1	3	11	1	1011
82	2	1	3	12	1	716
82	2	1	3	13	1	738
82	2	1	3	14	0	1175
82	2	1	3	15	1	682
82	2	1	3	16	1	652
82	2	1	3	17	1	910
82	2	1	3	18	1	785
82	2	1	3	19	1	702
82	2	1	3	20	1	923
82	2	1	3	21	1	844
82	2	1	3	22	1	787
82	2	1	3	23	1	622
82	2	1	3	24	1	610
82	2	1	3	25	1	744
82	2	1	3	26	1	610
82	2	1	3	27	1	470
82	2	1	3	28	0	1048
82	2	1	3	29	1	846
82	2	1	3	30	1	704
82	2	1	3	31	1	569
82	2	1	3	32	1	813
82	2	1	3	33	1	720
82	2	1	3	34	1	841
82	2	1	3	35	1	574
82	2	1	3	36	1	530
82	2	1	3	37	1	842
82	2	1	3	38	1	573
82	2	1	3	39	1	913
82	2	1	3	40	0	861
82	2	1	3	41	1	457
82	2	1	3	42	1	873
82	2	1	3	43	1	734
82	2	1	3	44	1	780
82	2	1	3	45	1	487
82	2	1	3	46	1	678
82	2	1	3	47	1	882
82	2	1	3	48	1	817
82	2	2	4	1	1	696
82	2	2	4	2	1	611
82	2	2	4	3	1	785
82	2	2	4	4	0	1103
82	2	2	4	5	1	992
82	2	2	4	6	1	573
82	2	2	4	7	0	1067
82	2	2	4	8	1	972
82	2	2	4	9	1	446
82	2	2	4	10	1	747
82	2	2	4	11	1	514
82	2	2	4	12	1	625
82	2	2	4	13	0	973
82	2	2	4	14	1	858
82	2	2	4	15	1	642
82	2	2	4	16	1	681
82	2	2	4	17	1	956
82	2	2	4	18	1	529
82	2	2	4	19	1	815
82	2	2	4	20	1	612
82	2	2	4	21	1	636
82	2	2	4	22	1	554
82	2	2	4	23	1	690
82	2	2	4	24	1	600
82	2	2	4	25	1	600
82	2	2	4	26	0	973
82	2	2	4	27	1	858
82	2	2	4	28	1	763
82	2	2	4	29	1	870
82	2	2	4	30	1	609
82	2	2	4	31	1	835
82	2	2	4	32	1	592
82	2	2	4	33	1	696
82	2	2	4	34	1	774
82	2	2	4	35	0	1001
82	2	2	4	36	1	634
82	2	2	4	37	1	888
82	2	2	4	38	1	665
82	2	2	4	39	1	734
82	2	2	4	40	1	656
82	2	2	4	41	1	777
82	2	2	4	42	1	743
82	2	2	4	43	1	798
82	2	2	4	44	1	778
82	2	2	4	45	1	595
82	2	2	4	46	1	691
82	2	2	4	47	1	721
82	2	2	4	48	0	1065
82	2	1	6	1	1	792
82	2	1	6	2	1	544
82	2	1	6	3	1	512
82	2	1	6	4	1	596
82	2	1	6	5	1	707
82	2	1	6	6	1	475
82	2	1	6	7	1	573
82	2	1	6	8	1	596
82	2	1	6	9	1	666
82	2	1	6	10	1	668
82	2	1	6	11	1	647
82	2	1	6	12	1	626
82	2	1	6	13	1	750
82	2	1	6	14	1	675
82	2	1	6	15	1	683
82	2	1	6	16	1	695
82	2	1	6	17	1	621
82	2	1	6	18	1	666
82	2	1	6	19	1	790
82	2	1	6	20	1	626
82	2	1	6	21	1	450
82	2	1	6	22	1	696
82	2	1	6	23	1	555
82	2	1	6	24	1	569
82	2	1	6	25	1	471
82	2	1	6	26	0	1012
82	2	1	6	27	1	511
82	2	1	6	28	1	499
82	2	1	6	29	1	530
82	2	1	6	30	1	585
82	2	1	6	31	1	401
82	2	1	6	32	1	593
82	2	1	6	33	1	593
82	2	1	6	34	1	564
82	2	1	6	35	0	931
82	2	1	6	36	1	598
82	2	1	6	37	1	570
82	2	1	6	38	1	594
82	2	1	6	39	1	511
82	2	1	6	40	1	595
82	2	1	6	41	1	513
82	2	1	6	42	1	486
82	2	1	6	43	1	624
82	2	1	6	44	1	503
82	2	1	6	45	1	732
82	2	1	6	46	1	597
82	2	1	6	47	1	501
82	2	1	6	48	1	539
82	2	2	7	1	1	871
82	2	2	7	2	1	500
82	2	2	7	3	0	768
82	2	2	7	4	1	860
82	2	2	7	5	1	484
82	2	2	7	6	1	655
82	2	2	7	7	1	556
82	2	2	7	8	1	529
82	2	2	7	9	1	611
82	2	2	7	10	1	524
82	2	2	7	11	1	586
82	2	2	7	12	1	513
82	2	2	7	13	1	595
82	2	2	7	14	1	650
82	2	2	7	15	1	656
82	2	2	7	16	1	543
82	2	2	7	17	1	484
82	2	2	7	18	1	504
82	2	2	7	19	1	512
82	2	2	7	20	0	696
82	2	2	7	21	1	526
82	2	2	7	22	1	552
82	2	2	7	23	1	636
82	2	2	7	24	1	485
82	2	2	7	25	1	605
82	2	2	7	26	1	557
82	2	2	7	27	1	531
82	2	2	7	28	1	569
82	2	2	7	29	1	484
82	2	2	7	30	1	547
82	2	2	7	31	1	488
82	2	2	7	32	1	595
82	2	2	7	33	1	526
82	2	2	7	34	1	456
82	2	2	7	35	1	572
82	2	2	7	36	1	527
82	2	2	7	37	1	607
82	2	2	7	38	1	696
82	2	2	7	39	1	542
82	2	2	7	40	1	435
82	2	2	7	41	1	539
82	2	2	7	42	1	637
82	2	2	7	43	1	417
82	2	2	7	44	1	615
82	2	2	7	45	1	435
82	2	2	7	46	1	580
82	2	2	7	47	1	567
82	2	2	7	48	1	628
83	1	1	3	1	1	443
83	1	1	3	2	1	438
83	1	1	3	3	1	349
83	1	1	3	4	1	464
83	1	1	3	5	1	383
83	1	1	3	6	1	331
83	1	1	3	7	1	409
83	1	1	3	8	0	1072
83	1	1	3	9	1	496
83	1	1	3	10	1	1289
83	1	1	3	11	1	488
83	1	1	3	12	1	727
83	1	1	3	13	1	400
83	1	1	3	14	1	492
83	1	1	3	15	1	466
83	1	1	3	16	1	559
83	1	1	3	17	1	451
83	1	1	3	18	1	642
83	1	1	3	19	1	464
83	1	1	3	20	1	502
83	1	1	3	21	1	361
83	1	1	3	22	1	575
83	1	1	3	23	1	317
83	1	1	3	24	1	399
83	1	1	3	25	1	518
83	1	1	3	26	1	467
83	1	1	3	27	1	505
83	1	1	3	28	1	497
83	1	1	3	29	1	484
83	1	1	3	30	1	547
83	1	1	3	31	0	493
83	1	1	3	32	1	404
83	1	1	3	33	1	443
83	1	1	3	34	1	438
83	1	1	3	35	1	458
83	1	1	3	36	1	451
83	1	1	3	37	1	493
83	1	1	3	38	1	385
83	1	1	3	39	1	400
83	1	1	3	40	1	317
83	1	1	3	41	1	371
83	1	1	3	42	1	335
83	1	1	3	43	1	361
83	1	1	3	44	1	400
83	1	1	3	45	1	331
83	1	1	3	46	1	394
83	1	1	3	47	1	334
83	1	1	3	48	1	400
83	1	2	4	1	1	404
83	1	2	4	2	1	415
83	1	2	4	3	0	492
83	1	2	4	4	1	565
83	1	2	4	5	1	316
83	1	2	4	6	1	451
83	1	2	4	7	1	318
83	1	2	4	8	1	332
83	1	2	4	9	0	657
83	1	2	4	10	0	726
83	1	2	4	11	1	323
83	1	2	4	12	1	478
83	1	2	4	13	1	521
83	1	2	4	14	1	469
83	1	2	4	15	1	563
83	1	2	4	16	1	443
83	1	2	4	17	1	373
83	1	2	4	18	1	463
83	1	2	4	19	0	579
83	1	2	4	20	1	449
83	1	2	4	21	1	462
83	1	2	4	22	1	375
83	1	2	4	23	1	426
83	1	2	4	24	0	631
83	1	2	4	25	1	467
83	1	2	4	26	1	466
83	1	2	4	27	1	425
83	1	2	4	28	1	410
83	1	2	4	29	1	346
83	1	2	4	30	1	403
83	1	2	4	31	1	442
83	1	2	4	32	1	423
83	1	2	4	33	1	396
83	1	2	4	34	1	443
83	1	2	4	35	0	659
83	1	2	4	36	1	483
83	1	2	4	37	1	358
83	1	2	4	38	1	493
83	1	2	4	39	1	426
83	1	2	4	40	1	386
83	1	2	4	41	1	468
83	1	2	4	42	1	491
83	1	2	4	43	1	317
83	1	2	4	44	1	494
83	1	2	4	45	1	481
83	1	2	4	46	1	396
83	1	2	4	47	1	548
83	1	2	4	48	0	923
83	1	1	6	1	1	949
83	1	1	6	2	1	1851
83	1	1	6	3	1	1158
83	1	1	6	4	1	921
83	1	1	6	5	1	686
83	1	1	6	6	1	979
83	1	1	6	7	1	1248
83	1	1	6	8	1	846
83	1	1	6	9	1	1031
83	1	1	6	10	0	1490
83	1	1	6	11	1	374
83	1	1	6	12	1	759
83	1	1	6	13	1	593
83	1	1	6	14	0	1426
83	1	1	6	15	1	431
83	1	1	6	16	1	905
83	1	1	6	17	1	955
83	1	1	6	18	1	834
83	1	1	6	19	1	626
83	1	1	6	20	1	788
83	1	1	6	21	1	417
83	1	1	6	22	1	1394
83	1	1	6	23	1	628
83	1	1	6	24	0	1184
83	1	1	6	25	1	445
83	1	1	6	26	1	940
83	1	1	6	27	1	491
83	1	1	6	28	0	990
83	1	1	6	29	1	591
83	1	1	6	30	1	1149
83	1	1	6	31	1	518
83	1	1	6	32	1	574
83	1	1	6	33	1	571
83	1	1	6	34	1	430
83	1	1	6	35	0	810
83	1	1	6	36	1	1199
83	1	1	6	37	1	664
83	1	1	6	38	1	1269
83	1	1	6	39	1	629
83	1	1	6	40	1	552
83	1	1	6	41	1	669
83	1	1	6	42	1	534
83	1	1	6	43	1	640
83	1	1	6	44	1	706
83	1	1	6	45	1	423
83	1	1	6	46	1	1095
83	1	1	6	47	1	657
83	1	1	6	48	1	946
83	1	2	7	1	1	760
83	1	2	7	2	1	1117
83	1	2	7	3	1	599
83	1	2	7	4	1	681
83	1	2	7	5	1	734
83	1	2	7	6	0	1196
83	1	2	7	7	1	745
83	1	2	7	8	1	646
83	1	2	7	9	1	550
83	1	2	7	10	1	628
83	1	2	7	11	1	533
83	1	2	7	12	1	656
83	1	2	7	13	1	558
83	1	2	7	14	0	1611
83	1	2	7	15	1	476
83	1	2	7	16	1	1433
83	1	2	7	17	1	1434
83	1	2	7	18	1	802
83	1	2	7	19	1	1220
83	1	2	7	20	1	886
83	1	2	7	21	1	858
83	1	2	7	22	1	1151
83	1	2	7	23	1	626
83	1	2	7	24	1	1033
83	1	2	7	25	1	923
83	1	2	7	26	1	962
83	1	2	7	27	1	751
83	1	2	7	28	1	653
83	1	2	7	29	1	1598
83	1	2	7	30	0	1206
83	1	2	7	31	1	429
83	1	2	7	32	1	669
83	1	2	7	33	1	643
83	1	2	7	34	1	830
83	1	2	7	35	1	901
83	1	2	7	36	0	1169
83	1	2	7	37	1	473
83	1	2	7	38	1	813
83	1	2	7	39	1	630
83	1	2	7	40	1	806
83	1	2	7	41	1	451
83	1	2	7	42	1	787
83	1	2	7	43	1	564
83	1	2	7	44	0	1053
83	1	2	7	45	1	366
83	1	2	7	46	1	1674
83	1	2	7	47	1	732
83	1	2	7	48	1	652
84	2	1	3	1	1	1267
84	2	1	3	2	1	862
84	2	1	3	3	1	609
84	2	1	3	4	1	989
84	2	1	3	5	1	1024
84	2	1	3	6	1	818
84	2	1	3	7	1	921
84	2	1	3	8	1	788
84	2	1	3	9	1	885
84	2	1	3	10	0	1639
84	2	1	3	11	1	1050
84	2	1	3	12	1	859
84	2	1	3	13	1	773
84	2	1	3	14	1	845
84	2	1	3	15	1	897
84	2	1	3	16	1	1048
84	2	1	3	17	1	915
84	2	1	3	18	0	1670
84	2	1	3	19	1	1567
84	2	1	3	20	0	1399
84	2	1	3	21	1	1106
84	2	1	3	22	0	2055
84	2	1	3	23	1	829
84	2	1	3	24	1	979
84	2	1	3	25	1	911
84	2	1	3	26	1	829
84	2	1	3	27	1	706
84	2	1	3	28	1	1323
84	2	1	3	29	1	737
84	2	1	3	30	1	703
84	2	1	3	31	1	705
84	2	1	3	32	1	844
84	2	1	3	33	1	745
84	2	1	3	34	1	842
84	2	1	3	35	1	670
84	2	1	3	36	1	774
84	2	1	3	37	1	940
84	2	1	3	38	0	1780
84	2	1	3	39	1	775
84	2	1	3	40	1	1219
84	2	1	3	41	1	800
84	2	1	3	42	1	1080
84	2	1	3	43	1	760
84	2	1	3	44	1	636
84	2	1	3	45	1	855
84	2	1	3	46	1	706
84	2	1	3	47	1	790
84	2	1	3	48	1	721
84	2	2	4	1	1	746
84	2	2	4	2	1	667
84	2	2	4	3	1	832
84	2	2	4	4	1	900
84	2	2	4	5	1	1450
84	2	2	4	6	1	697
84	2	2	4	7	1	844
84	2	2	4	8	1	746
84	2	2	4	9	1	583
84	2	2	4	10	1	805
84	2	2	4	11	1	801
84	2	2	4	12	1	717
84	2	2	4	13	1	861
84	2	2	4	14	1	909
84	2	2	4	15	1	896
84	2	2	4	16	1	746
84	2	2	4	17	1	707
84	2	2	4	18	1	681
84	2	2	4	19	1	859
84	2	2	4	20	1	874
84	2	2	4	21	1	696
84	2	2	4	22	1	774
84	2	2	4	23	1	707
84	2	2	4	24	1	670
84	2	2	4	25	1	636
84	2	2	4	26	1	691
84	2	2	4	27	1	654
84	2	2	4	28	1	745
84	2	2	4	29	1	637
84	2	2	4	30	1	1322
84	2	2	4	31	1	695
84	2	2	4	32	1	648
84	2	2	4	33	1	914
84	2	2	4	34	1	748
84	2	2	4	35	1	737
84	2	2	4	36	1	650
84	2	2	4	37	1	765
84	2	2	4	38	1	914
84	2	2	4	39	1	733
84	2	2	4	40	1	683
84	2	2	4	41	1	820
84	2	2	4	42	0	1077
84	2	2	4	43	1	840
84	2	2	4	44	1	738
84	2	2	4	45	1	569
84	2	2	4	46	1	649
84	2	2	4	47	1	776
84	2	2	4	48	1	656
84	2	1	6	1	1	1050
84	2	1	6	2	1	736
84	2	1	6	3	1	677
84	2	1	6	4	1	758
84	2	1	6	5	1	656
84	2	1	6	6	1	639
84	2	1	6	7	1	653
84	2	1	6	8	1	717
84	2	1	6	9	1	670
84	2	1	6	10	1	815
84	2	1	6	11	1	611
84	2	1	6	12	1	637
84	2	1	6	13	1	692
84	2	1	6	14	1	710
84	2	1	6	15	1	703
84	2	1	6	16	1	677
84	2	1	6	17	1	593
84	2	1	6	18	1	663
84	2	1	6	19	1	540
84	2	1	6	20	1	668
84	2	1	6	21	1	579
84	2	1	6	22	1	610
84	2	1	6	23	1	552
84	2	1	6	24	1	622
84	2	1	6	25	1	556
84	2	1	6	26	1	531
84	2	1	6	27	1	638
84	2	1	6	28	1	583
84	2	1	6	29	1	600
84	2	1	6	30	1	629
84	2	1	6	31	1	555
84	2	1	6	32	1	720
84	2	1	6	33	1	664
84	2	1	6	34	1	555
84	2	1	6	35	1	722
84	2	1	6	36	1	555
84	2	1	6	37	1	543
84	2	1	6	38	1	825
84	2	1	6	39	1	531
84	2	1	6	40	1	571
84	2	1	6	41	1	651
84	2	1	6	42	1	758
84	2	1	6	43	1	670
84	2	1	6	44	1	513
84	2	1	6	45	0	1106
84	2	1	6	46	1	583
84	2	1	6	47	1	628
84	2	1	6	48	1	678
84	2	2	7	1	1	726
84	2	2	7	2	1	593
84	2	2	7	3	1	647
84	2	2	7	4	1	597
84	2	2	7	5	1	556
84	2	2	7	6	0	944
84	2	2	7	7	1	540
84	2	2	7	8	1	722
84	2	2	7	9	1	639
84	2	2	7	10	1	679
84	2	2	7	11	1	569
84	2	2	7	12	1	540
84	2	2	7	13	1	653
84	2	2	7	14	1	924
84	2	2	7	15	1	614
84	2	2	7	16	1	502
84	2	2	7	17	1	580
84	2	2	7	18	1	556
84	2	2	7	19	1	555
84	2	2	7	20	1	544
84	2	2	7	21	1	524
84	2	2	7	22	1	599
84	2	2	7	23	1	738
84	2	2	7	24	1	775
84	2	2	7	25	1	791
84	2	2	7	26	1	546
84	2	2	7	27	1	555
84	2	2	7	28	1	651
84	2	2	7	29	1	574
84	2	2	7	30	1	573
84	2	2	7	31	1	571
84	2	2	7	32	1	622
84	2	2	7	33	1	611
84	2	2	7	34	1	595
84	2	2	7	35	1	569
84	2	2	7	36	1	593
84	2	2	7	37	1	634
84	2	2	7	38	1	608
84	2	2	7	39	1	600
84	2	2	7	40	1	546
84	2	2	7	41	1	787
84	2	2	7	42	1	609
84	2	2	7	43	1	532
84	2	2	7	44	1	656
84	2	2	7	45	1	721
84	2	2	7	46	1	574
84	2	2	7	47	1	557
84	2	2	7	48	1	571
